study,n_per_set,alpha,sae_seed,primitive_index,primitive_group,rank,probability,expected_exposure,max_cosine,assigned_cosine,recovered_90
9B,256,0.0,0,0,x,1,0.00390625,488281.25,0.99976647,0.99976647,True
9B,256,0.0,0,1,x,2,0.00390625,488281.25,0.99976516,0.99976516,True
9B,256,0.0,0,2,x,3,0.00390625,488281.25,0.99979436,0.99979436,True
9B,256,0.0,0,3,x,4,0.00390625,488281.25,0.99977756,0.99977756,True
9B,256,0.0,0,4,x,5,0.00390625,488281.25,0.9998083,0.9998083,True
9B,256,0.0,0,5,x,6,0.00390625,488281.25,0.9997929,0.9997929,True
9B,256,0.0,0,6,x,7,0.00390625,488281.25,0.9998028,0.9998028,True
9B,256,0.0,0,7,x,8,0.00390625,488281.25,0.999812,0.999812,True
9B,256,0.0,0,8,x,9,0.00390625,488281.25,0.9444487,0.9444487,True
9B,256,0.0,0,9,x,10,0.00390625,488281.25,0.94863415,0.94863415,True
9B,256,0.0,0,10,x,11,0.00390625,488281.25,0.9997994,0.9997994,True
9B,256,0.0,0,11,x,12,0.00390625,488281.25,0.9997939,0.9997939,True
9B,256,0.0,0,12,x,13,0.00390625,488281.25,0.99355024,0.99355024,True
9B,256,0.0,0,13,x,14,0.00390625,488281.25,0.70863605,0.70863605,False
9B,256,0.0,0,14,x,15,0.00390625,488281.25,0.9997874,0.9997874,True
9B,256,0.0,0,15,x,16,0.00390625,488281.25,0.9997425,0.9997425,True
9B,256,0.0,0,16,x,17,0.00390625,488281.25,0.99977887,0.99977887,True
9B,256,0.0,0,17,x,18,0.00390625,488281.25,0.9998076,0.9998076,True
9B,256,0.0,0,18,x,19,0.00390625,488281.25,0.9997977,0.9997977,True
9B,256,0.0,0,19,x,20,0.00390625,488281.25,0.9997712,0.9997712,True
9B,256,0.0,0,20,x,21,0.00390625,488281.25,0.9998001,0.9998001,True
9B,256,0.0,0,21,x,22,0.00390625,488281.25,0.99979234,0.99979234,True
9B,256,0.0,0,22,x,23,0.00390625,488281.25,0.99103093,0.99103093,True
9B,256,0.0,0,23,x,24,0.00390625,488281.25,0.7020509,0.027659394,False
9B,256,0.0,0,24,x,25,0.00390625,488281.25,0.70554185,0.0508591,False
9B,256,0.0,0,25,x,26,0.00390625,488281.25,0.99245083,0.99245083,True
9B,256,0.0,0,26,x,27,0.00390625,488281.25,0.9997887,0.9997887,True
9B,256,0.0,0,27,x,28,0.00390625,488281.25,0.9997731,0.9997731,True
9B,256,0.0,0,28,x,29,0.00390625,488281.25,0.99980867,0.99980867,True
9B,256,0.0,0,29,x,30,0.00390625,488281.25,0.9997895,0.9997895,True
9B,256,0.0,0,30,x,31,0.00390625,488281.25,0.9997534,0.9997534,True
9B,256,0.0,0,31,x,32,0.00390625,488281.25,0.9998032,0.9998032,True
9B,256,0.0,0,32,x,33,0.00390625,488281.25,0.99980617,0.99980617,True
9B,256,0.0,0,33,x,34,0.00390625,488281.25,0.99979746,0.99979746,True
9B,256,0.0,0,34,x,35,0.00390625,488281.25,0.9912336,0.9912336,True
9B,256,0.0,0,35,x,36,0.00390625,488281.25,0.7129718,0.7129718,False
9B,256,0.0,0,36,x,37,0.00390625,488281.25,0.99979013,0.99979013,True
9B,256,0.0,0,37,x,38,0.00390625,488281.25,0.9998102,0.9998102,True
9B,256,0.0,0,38,x,39,0.00390625,488281.25,0.9997787,0.9997787,True
9B,256,0.0,0,39,x,40,0.00390625,488281.25,0.9997958,0.9997958,True
9B,256,0.0,0,40,x,41,0.00390625,488281.25,0.99979055,0.99979055,True
9B,256,0.0,0,41,x,42,0.00390625,488281.25,0.9997968,0.9997968,True
9B,256,0.0,0,42,x,43,0.00390625,488281.25,0.99977374,0.99977374,True
9B,256,0.0,0,43,x,44,0.00390625,488281.25,0.9997741,0.9997741,True
9B,256,0.0,0,44,x,45,0.00390625,488281.25,0.9998103,0.9998103,True
9B,256,0.0,0,45,x,46,0.00390625,488281.25,0.99977803,0.99977803,True
9B,256,0.0,0,46,x,47,0.00390625,488281.25,0.9997623,0.9997623,True
9B,256,0.0,0,47,x,48,0.00390625,488281.25,0.99979556,0.99979556,True
9B,256,0.0,0,48,x,49,0.00390625,488281.25,0.9997827,0.9997827,True
9B,256,0.0,0,49,x,50,0.00390625,488281.25,0.99980044,0.99980044,True
9B,256,0.0,0,50,x,51,0.00390625,488281.25,0.99975324,0.99975324,True
9B,256,0.0,0,51,x,52,0.00390625,488281.25,0.9997891,0.9997891,True
9B,256,0.0,0,52,x,53,0.00390625,488281.25,0.99980366,0.99980366,True
9B,256,0.0,0,53,x,54,0.00390625,488281.25,0.9998082,0.9998082,True
9B,256,0.0,0,54,x,55,0.00390625,488281.25,0.999787,0.999787,True
9B,256,0.0,0,55,x,56,0.00390625,488281.25,0.99977124,0.99977124,True
9B,256,0.0,0,56,x,57,0.00390625,488281.25,0.9998114,0.9998114,True
9B,256,0.0,0,57,x,58,0.00390625,488281.25,0.9997594,0.9997594,True
9B,256,0.0,0,58,x,59,0.00390625,488281.25,0.9997912,0.9997912,True
9B,256,0.0,0,59,x,60,0.00390625,488281.25,0.9997885,0.9997885,True
9B,256,0.0,0,60,x,61,0.00390625,488281.25,0.71297145,0.71297145,False
9B,256,0.0,0,61,x,62,0.00390625,488281.25,0.99386054,0.99386054,True
9B,256,0.0,0,62,x,63,0.00390625,488281.25,0.9997644,0.9997644,True
9B,256,0.0,0,63,x,64,0.00390625,488281.25,0.99977356,0.99977356,True
9B,256,0.0,0,64,x,65,0.00390625,488281.25,0.9998157,0.9998157,True
9B,256,0.0,0,65,x,66,0.00390625,488281.25,0.99979764,0.99979764,True
9B,256,0.0,0,66,x,67,0.00390625,488281.25,0.9997877,0.9997877,True
9B,256,0.0,0,67,x,68,0.00390625,488281.25,0.9997915,0.9997915,True
9B,256,0.0,0,68,x,69,0.00390625,488281.25,0.99978334,0.99978334,True
9B,256,0.0,0,69,x,70,0.00390625,488281.25,0.9998049,0.9998049,True
9B,256,0.0,0,70,x,71,0.00390625,488281.25,0.9997791,0.9997791,True
9B,256,0.0,0,71,x,72,0.00390625,488281.25,0.99979246,0.99979246,True
9B,256,0.0,0,72,x,73,0.00390625,488281.25,0.99978125,0.99978125,True
9B,256,0.0,0,73,x,74,0.00390625,488281.25,0.99979174,0.99979174,True
9B,256,0.0,0,74,x,75,0.00390625,488281.25,0.9997966,0.9997966,True
9B,256,0.0,0,75,x,76,0.00390625,488281.25,0.9997719,0.9997719,True
9B,256,0.0,0,76,x,77,0.00390625,488281.25,0.9911189,0.9911189,True
9B,256,0.0,0,77,x,78,0.00390625,488281.25,0.7082894,0.025044069,False
9B,256,0.0,0,78,x,79,0.00390625,488281.25,0.99975395,0.99975395,True
9B,256,0.0,0,79,x,80,0.00390625,488281.25,0.99976885,0.99976885,True
9B,256,0.0,0,80,x,81,0.00390625,488281.25,0.99979836,0.99979836,True
9B,256,0.0,0,81,x,82,0.00390625,488281.25,0.9997926,0.9997926,True
9B,256,0.0,0,82,x,83,0.00390625,488281.25,0.99978065,0.99978065,True
9B,256,0.0,0,83,x,84,0.00390625,488281.25,0.9997853,0.9997853,True
9B,256,0.0,0,84,x,85,0.00390625,488281.25,0.9997737,0.9997737,True
9B,256,0.0,0,85,x,86,0.00390625,488281.25,0.9998096,0.9998096,True
9B,256,0.0,0,86,x,87,0.00390625,488281.25,0.9997736,0.9997736,True
9B,256,0.0,0,87,x,88,0.00390625,488281.25,0.9997958,0.9997958,True
9B,256,0.0,0,88,x,89,0.00390625,488281.25,0.9997555,0.9997555,True
9B,256,0.0,0,89,x,90,0.00390625,488281.25,0.9998102,0.9998102,True
9B,256,0.0,0,90,x,91,0.00390625,488281.25,0.7145795,0.7145795,False
9B,256,0.0,0,91,x,92,0.00390625,488281.25,0.99352556,0.99352556,True
9B,256,0.0,0,92,x,93,0.00390625,488281.25,0.70695317,0.037767824,False
9B,256,0.0,0,93,x,94,0.00390625,488281.25,0.9905758,0.9905758,True
9B,256,0.0,0,94,x,95,0.00390625,488281.25,0.99328667,0.99328667,True
9B,256,0.0,0,95,x,96,0.00390625,488281.25,0.704502,0.057873063,False
9B,256,0.0,0,96,x,97,0.00390625,488281.25,0.9997926,0.9997926,True
9B,256,0.0,0,97,x,98,0.00390625,488281.25,0.9997659,0.9997659,True
9B,256,0.0,0,98,x,99,0.00390625,488281.25,0.99414754,0.99414754,True
9B,256,0.0,0,99,x,100,0.00390625,488281.25,0.71239054,0.71239054,False
9B,256,0.0,0,100,x,101,0.00390625,488281.25,0.9997886,0.9997886,True
9B,256,0.0,0,101,x,102,0.00390625,488281.25,0.99981105,0.99981105,True
9B,256,0.0,0,102,x,103,0.00390625,488281.25,0.99342424,0.99342424,True
9B,256,0.0,0,103,x,104,0.00390625,488281.25,0.69963604,0.032601334,False
9B,256,0.0,0,104,x,105,0.00390625,488281.25,0.9997827,0.9997827,True
9B,256,0.0,0,105,x,106,0.00390625,488281.25,0.9997846,0.9997846,True
9B,256,0.0,0,106,x,107,0.00390625,488281.25,0.99979603,0.99979603,True
9B,256,0.0,0,107,x,108,0.00390625,488281.25,0.99978924,0.99978924,True
9B,256,0.0,0,108,x,109,0.00390625,488281.25,0.9997808,0.9997808,True
9B,256,0.0,0,109,x,110,0.00390625,488281.25,0.99981195,0.99981195,True
9B,256,0.0,0,110,x,111,0.00390625,488281.25,0.99975586,0.99975586,True
9B,256,0.0,0,111,x,112,0.00390625,488281.25,0.99978155,0.99978155,True
9B,256,0.0,0,112,x,113,0.00390625,488281.25,0.9997916,0.9997916,True
9B,256,0.0,0,113,x,114,0.00390625,488281.25,0.99977934,0.99977934,True
9B,256,0.0,0,114,x,115,0.00390625,488281.25,0.99979067,0.99979067,True
9B,256,0.0,0,115,x,116,0.00390625,488281.25,0.99979115,0.99979115,True
9B,256,0.0,0,116,x,117,0.00390625,488281.25,0.999773,0.999773,True
9B,256,0.0,0,117,x,118,0.00390625,488281.25,0.9997741,0.9997741,True
9B,256,0.0,0,118,x,119,0.00390625,488281.25,0.9997971,0.9997971,True
9B,256,0.0,0,119,x,120,0.00390625,488281.25,0.999791,0.999791,True
9B,256,0.0,0,120,x,121,0.00390625,488281.25,0.70114774,-0.0010416079,False
9B,256,0.0,0,121,x,122,0.00390625,488281.25,0.9925225,0.9925225,True
9B,256,0.0,0,122,x,123,0.00390625,488281.25,0.9997653,0.9997653,True
9B,256,0.0,0,123,x,124,0.00390625,488281.25,0.9997739,0.9997739,True
9B,256,0.0,0,124,x,125,0.00390625,488281.25,0.9997629,0.9997629,True
9B,256,0.0,0,125,x,126,0.00390625,488281.25,0.9997619,0.9997619,True
9B,256,0.0,0,126,x,127,0.00390625,488281.25,0.99977493,0.99977493,True
9B,256,0.0,0,127,x,128,0.00390625,488281.25,0.9997958,0.9997958,True
9B,256,0.0,0,128,x,129,0.00390625,488281.25,0.9997877,0.9997877,True
9B,256,0.0,0,129,x,130,0.00390625,488281.25,0.9997964,0.9997964,True
9B,256,0.0,0,130,x,131,0.00390625,488281.25,0.99978054,0.99978054,True
9B,256,0.0,0,131,x,132,0.00390625,488281.25,0.99978685,0.99978685,True
9B,256,0.0,0,132,x,133,0.00390625,488281.25,0.99979126,0.99979126,True
9B,256,0.0,0,133,x,134,0.00390625,488281.25,0.99979615,0.99979615,True
9B,256,0.0,0,134,x,135,0.00390625,488281.25,0.99980736,0.99980736,True
9B,256,0.0,0,135,x,136,0.00390625,488281.25,0.99978817,0.99978817,True
9B,256,0.0,0,136,x,137,0.00390625,488281.25,0.9998089,0.9998089,True
9B,256,0.0,0,137,x,138,0.00390625,488281.25,0.999792,0.999792,True
9B,256,0.0,0,138,x,139,0.00390625,488281.25,0.99980044,0.99980044,True
9B,256,0.0,0,139,x,140,0.00390625,488281.25,0.9997766,0.9997766,True
9B,256,0.0,0,140,x,141,0.00390625,488281.25,0.7029877,0.7029877,False
9B,256,0.0,0,141,x,142,0.00390625,488281.25,0.988559,0.988559,True
9B,256,0.0,0,142,x,143,0.00390625,488281.25,0.99978864,0.99978864,True
9B,256,0.0,0,143,x,144,0.00390625,488281.25,0.9998046,0.9998046,True
9B,256,0.0,0,144,x,145,0.00390625,488281.25,0.99978065,0.99978065,True
9B,256,0.0,0,145,x,146,0.00390625,488281.25,0.9998014,0.9998014,True
9B,256,0.0,0,146,x,147,0.00390625,488281.25,0.99978185,0.99978185,True
9B,256,0.0,0,147,x,148,0.00390625,488281.25,0.9998035,0.9998035,True
9B,256,0.0,0,148,x,149,0.00390625,488281.25,0.9997852,0.9997852,True
9B,256,0.0,0,149,x,150,0.00390625,488281.25,0.99978185,0.99978185,True
9B,256,0.0,0,150,x,151,0.00390625,488281.25,0.9997921,0.9997921,True
9B,256,0.0,0,151,x,152,0.00390625,488281.25,0.99976695,0.99976695,True
9B,256,0.0,0,152,x,153,0.00390625,488281.25,0.9997948,0.9997948,True
9B,256,0.0,0,153,x,154,0.00390625,488281.25,0.9998044,0.9998044,True
9B,256,0.0,0,154,x,155,0.00390625,488281.25,0.99338627,0.99338627,True
9B,256,0.0,0,155,x,156,0.00390625,488281.25,0.71317947,0.71317947,False
9B,256,0.0,0,156,x,157,0.00390625,488281.25,0.99979854,0.99979854,True
9B,256,0.0,0,157,x,158,0.00390625,488281.25,0.99978423,0.99978423,True
9B,256,0.0,0,158,x,159,0.00390625,488281.25,0.9998015,0.9998015,True
9B,256,0.0,0,159,x,160,0.00390625,488281.25,0.9998018,0.9998018,True
9B,256,0.0,0,160,x,161,0.00390625,488281.25,0.99977565,0.99977565,True
9B,256,0.0,0,161,x,162,0.00390625,488281.25,0.9998089,0.9998089,True
9B,256,0.0,0,162,x,163,0.00390625,488281.25,0.99978554,0.99978554,True
9B,256,0.0,0,163,x,164,0.00390625,488281.25,0.99979424,0.99979424,True
9B,256,0.0,0,164,x,165,0.00390625,488281.25,0.9997752,0.9997752,True
9B,256,0.0,0,165,x,166,0.00390625,488281.25,0.9997759,0.9997759,True
9B,256,0.0,0,166,x,167,0.00390625,488281.25,0.99979913,0.99979913,True
9B,256,0.0,0,167,x,168,0.00390625,488281.25,0.99977636,0.99977636,True
9B,256,0.0,0,168,x,169,0.00390625,488281.25,0.99978,0.99978,True
9B,256,0.0,0,169,x,170,0.00390625,488281.25,0.9997781,0.9997781,True
9B,256,0.0,0,170,x,171,0.00390625,488281.25,0.99979377,0.99979377,True
9B,256,0.0,0,171,x,172,0.00390625,488281.25,0.9997468,0.9997468,True
9B,256,0.0,0,172,x,173,0.00390625,488281.25,0.9997752,0.9997752,True
9B,256,0.0,0,173,x,174,0.00390625,488281.25,0.9998018,0.9998018,True
9B,256,0.0,0,174,x,175,0.00390625,488281.25,0.99980664,0.99980664,True
9B,256,0.0,0,175,x,176,0.00390625,488281.25,0.99979115,0.99979115,True
9B,256,0.0,0,176,x,177,0.00390625,488281.25,0.9998025,0.9998025,True
9B,256,0.0,0,177,x,178,0.00390625,488281.25,0.9997817,0.9997817,True
9B,256,0.0,0,178,x,179,0.00390625,488281.25,0.9997991,0.9997991,True
9B,256,0.0,0,179,x,180,0.00390625,488281.25,0.9997723,0.9997723,True
9B,256,0.0,0,180,x,181,0.00390625,488281.25,0.9997961,0.9997961,True
9B,256,0.0,0,181,x,182,0.00390625,488281.25,0.99979484,0.99979484,True
9B,256,0.0,0,182,x,183,0.00390625,488281.25,0.9928587,0.9928587,True
9B,256,0.0,0,183,x,184,0.00390625,488281.25,0.7144679,0.7144679,False
9B,256,0.0,0,184,x,185,0.00390625,488281.25,0.9998065,0.9998065,True
9B,256,0.0,0,185,x,186,0.00390625,488281.25,0.9997731,0.9997731,True
9B,256,0.0,0,186,x,187,0.00390625,488281.25,0.9997686,0.9997686,True
9B,256,0.0,0,187,x,188,0.00390625,488281.25,0.99981,0.99981,True
9B,256,0.0,0,188,x,189,0.00390625,488281.25,0.99980104,0.99980104,True
9B,256,0.0,0,189,x,190,0.00390625,488281.25,0.9997773,0.9997773,True
9B,256,0.0,0,190,x,191,0.00390625,488281.25,0.99973655,0.99973655,True
9B,256,0.0,0,191,x,192,0.00390625,488281.25,0.99981534,0.99981534,True
9B,256,0.0,0,192,x,193,0.00390625,488281.25,0.99316114,0.99316114,True
9B,256,0.0,0,193,x,194,0.00390625,488281.25,0.70094943,0.03555898,False
9B,256,0.0,0,194,x,195,0.00390625,488281.25,0.99977696,0.99977696,True
9B,256,0.0,0,195,x,196,0.00390625,488281.25,0.999798,0.999798,True
9B,256,0.0,0,196,x,197,0.00390625,488281.25,0.70075333,0.009438636,False
9B,256,0.0,0,197,x,198,0.00390625,488281.25,0.9912957,0.9912957,True
9B,256,0.0,0,198,x,199,0.00390625,488281.25,0.9998114,0.9998114,True
9B,256,0.0,0,199,x,200,0.00390625,488281.25,0.9997932,0.9997932,True
9B,256,0.0,0,200,x,201,0.00390625,488281.25,0.99978703,0.99978703,True
9B,256,0.0,0,201,x,202,0.00390625,488281.25,0.9997935,0.9997935,True
9B,256,0.0,0,202,x,203,0.00390625,488281.25,0.99259305,0.99259305,True
9B,256,0.0,0,203,x,204,0.00390625,488281.25,0.7096679,0.7096679,False
9B,256,0.0,0,204,x,205,0.00390625,488281.25,0.7132266,0.7132266,False
9B,256,0.0,0,205,x,206,0.00390625,488281.25,0.9932244,0.9932244,True
9B,256,0.0,0,206,x,207,0.00390625,488281.25,0.99977523,0.99977523,True
9B,256,0.0,0,207,x,208,0.00390625,488281.25,0.9997724,0.9997724,True
9B,256,0.0,0,208,x,209,0.00390625,488281.25,0.99979556,0.99979556,True
9B,256,0.0,0,209,x,210,0.00390625,488281.25,0.9997752,0.9997752,True
9B,256,0.0,0,210,x,211,0.00390625,488281.25,0.99979544,0.99979544,True
9B,256,0.0,0,211,x,212,0.00390625,488281.25,0.99978125,0.99978125,True
9B,256,0.0,0,212,x,213,0.00390625,488281.25,0.9997771,0.9997771,True
9B,256,0.0,0,213,x,214,0.00390625,488281.25,0.9997631,0.9997631,True
9B,256,0.0,0,214,x,215,0.00390625,488281.25,0.9997928,0.9997928,True
9B,256,0.0,0,215,x,216,0.00390625,488281.25,0.9998082,0.9998082,True
9B,256,0.0,0,216,x,217,0.00390625,488281.25,0.9997965,0.9997965,True
9B,256,0.0,0,217,x,218,0.00390625,488281.25,0.9997728,0.9997728,True
9B,256,0.0,0,218,x,219,0.00390625,488281.25,0.709721,0.709721,False
9B,256,0.0,0,219,x,220,0.00390625,488281.25,0.99130654,0.99130654,True
9B,256,0.0,0,220,x,221,0.00390625,488281.25,0.9998089,0.9998089,True
9B,256,0.0,0,221,x,222,0.00390625,488281.25,0.32850027,0.053274244,False
9B,256,0.0,0,222,x,223,0.00390625,488281.25,0.9998027,0.9998027,True
9B,256,0.0,0,223,x,224,0.00390625,488281.25,0.99980205,0.99980205,True
9B,256,0.0,0,224,x,225,0.00390625,488281.25,0.99975,0.99975,True
9B,256,0.0,0,225,x,226,0.00390625,488281.25,0.999817,0.999817,True
9B,256,0.0,0,226,x,227,0.00390625,488281.25,0.9930061,0.9930061,True
9B,256,0.0,0,227,x,228,0.00390625,488281.25,0.6995033,0.15059079,False
9B,256,0.0,0,228,x,229,0.00390625,488281.25,0.99979895,0.99979895,True
9B,256,0.0,0,229,x,230,0.00390625,488281.25,0.99981,0.99981,True
9B,256,0.0,0,230,x,231,0.00390625,488281.25,0.999795,0.999795,True
9B,256,0.0,0,231,x,232,0.00390625,488281.25,0.9998002,0.9998002,True
9B,256,0.0,0,232,x,233,0.00390625,488281.25,0.9997908,0.9997908,True
9B,256,0.0,0,233,x,234,0.00390625,488281.25,0.9997833,0.9997833,True
9B,256,0.0,0,234,x,235,0.00390625,488281.25,0.9997959,0.9997959,True
9B,256,0.0,0,235,x,236,0.00390625,488281.25,0.9997972,0.9997972,True
9B,256,0.0,0,236,x,237,0.00390625,488281.25,0.9998094,0.9998094,True
9B,256,0.0,0,237,x,238,0.00390625,488281.25,0.9998105,0.9998105,True
9B,256,0.0,0,238,x,239,0.00390625,488281.25,0.9942677,0.9942677,True
9B,256,0.0,0,239,x,240,0.00390625,488281.25,0.7017537,0.00056647696,False
9B,256,0.0,0,240,x,241,0.00390625,488281.25,0.99980104,0.99980104,True
9B,256,0.0,0,241,x,242,0.00390625,488281.25,0.99979347,0.99979347,True
9B,256,0.0,0,242,x,243,0.00390625,488281.25,0.9997596,0.9997596,True
9B,256,0.0,0,243,x,244,0.00390625,488281.25,0.9997754,0.9997754,True
9B,256,0.0,0,244,x,245,0.00390625,488281.25,0.99977493,0.99977493,True
9B,256,0.0,0,245,x,246,0.00390625,488281.25,0.99979544,0.99979544,True
9B,256,0.0,0,246,x,247,0.00390625,488281.25,0.99976754,0.99976754,True
9B,256,0.0,0,247,x,248,0.00390625,488281.25,0.999792,0.999792,True
9B,256,0.0,0,248,x,249,0.00390625,488281.25,0.9998047,0.9998047,True
9B,256,0.0,0,249,x,250,0.00390625,488281.25,0.99973845,0.99973845,True
9B,256,0.0,0,250,x,251,0.00390625,488281.25,0.99980384,0.99980384,True
9B,256,0.0,0,251,x,252,0.00390625,488281.25,0.99977267,0.99977267,True
9B,256,0.0,0,252,x,253,0.00390625,488281.25,0.9997935,0.9997935,True
9B,256,0.0,0,253,x,254,0.00390625,488281.25,0.99977994,0.99977994,True
9B,256,0.0,0,254,x,255,0.00390625,488281.25,0.9998034,0.9998034,True
9B,256,0.0,0,255,x,256,0.00390625,488281.25,0.9997975,0.9997975,True
9B,256,0.0,0,256,y,1,0.00390625,488281.25,0.99981546,0.99981546,True
9B,256,0.0,0,257,y,2,0.00390625,488281.25,0.99979854,0.99979854,True
9B,256,0.0,0,258,y,3,0.00390625,488281.25,0.9998127,0.9998127,True
9B,256,0.0,0,259,y,4,0.00390625,488281.25,0.9997801,0.9997801,True
9B,256,0.0,0,260,y,5,0.00390625,488281.25,0.9997386,0.9997386,True
9B,256,0.0,0,261,y,6,0.00390625,488281.25,0.9998014,0.9998014,True
9B,256,0.0,0,262,y,7,0.00390625,488281.25,0.9997985,0.9997985,True
9B,256,0.0,0,263,y,8,0.00390625,488281.25,0.99981153,0.99981153,True
9B,256,0.0,0,264,y,9,0.00390625,488281.25,0.99980074,0.99980074,True
9B,256,0.0,0,265,y,10,0.00390625,488281.25,0.9998238,0.9998238,True
9B,256,0.0,0,266,y,11,0.00390625,488281.25,0.7178918,0.7178918,False
9B,256,0.0,0,267,y,12,0.00390625,488281.25,0.99346197,0.99346197,True
9B,256,0.0,0,268,y,13,0.00390625,488281.25,0.9939145,0.9939145,True
9B,256,0.0,0,269,y,14,0.00390625,488281.25,0.70788205,0.04166335,False
9B,256,0.0,0,270,y,15,0.00390625,488281.25,0.9998063,0.9998063,True
9B,256,0.0,0,271,y,16,0.00390625,488281.25,0.999797,0.999797,True
9B,256,0.0,0,272,y,17,0.00390625,488281.25,0.9998069,0.9998069,True
9B,256,0.0,0,273,y,18,0.00390625,488281.25,0.99976707,0.99976707,True
9B,256,0.0,0,274,y,19,0.00390625,488281.25,0.99979067,0.99979067,True
9B,256,0.0,0,275,y,20,0.00390625,488281.25,0.9998075,0.9998075,True
9B,256,0.0,0,276,y,21,0.00390625,488281.25,0.9997747,0.99975944,True
9B,256,0.0,0,277,y,22,0.00390625,488281.25,0.9997814,0.9997814,True
9B,256,0.0,0,278,y,23,0.00390625,488281.25,0.70629835,0.70629835,False
9B,256,0.0,0,279,y,24,0.00390625,488281.25,0.99308646,0.99308646,True
9B,256,0.0,0,280,y,25,0.00390625,488281.25,0.9997864,0.9997864,True
9B,256,0.0,0,281,y,26,0.00390625,488281.25,0.99980557,0.99980557,True
9B,256,0.0,0,282,y,27,0.00390625,488281.25,0.9997966,0.9997966,True
9B,256,0.0,0,283,y,28,0.00390625,488281.25,0.99983096,0.99983096,True
9B,256,0.0,0,284,y,29,0.00390625,488281.25,0.7072451,0.7072451,False
9B,256,0.0,0,285,y,30,0.00390625,488281.25,0.9919876,0.9919876,True
9B,256,0.0,0,286,y,31,0.00390625,488281.25,0.99981445,0.99981445,True
9B,256,0.0,0,287,y,32,0.00390625,488281.25,0.9996824,0.9996824,True
9B,256,0.0,0,288,y,33,0.00390625,488281.25,0.99980533,0.99980533,True
9B,256,0.0,0,289,y,34,0.00390625,488281.25,0.9997973,0.9997973,True
9B,256,0.0,0,290,y,35,0.00390625,488281.25,0.9998017,0.9998017,True
9B,256,0.0,0,291,y,36,0.00390625,488281.25,0.99981284,0.99981284,True
9B,256,0.0,0,292,y,37,0.00390625,488281.25,0.99978983,0.99978983,True
9B,256,0.0,0,293,y,38,0.00390625,488281.25,0.99977654,0.99977654,True
9B,256,0.0,0,294,y,39,0.00390625,488281.25,0.99981135,0.99981135,True
9B,256,0.0,0,295,y,40,0.00390625,488281.25,0.9997896,0.9997896,True
9B,256,0.0,0,296,y,41,0.00390625,488281.25,0.9998058,0.9998058,True
9B,256,0.0,0,297,y,42,0.00390625,488281.25,0.9997638,0.9997638,True
9B,256,0.0,0,298,y,43,0.00390625,488281.25,0.9997697,0.9997697,True
9B,256,0.0,0,299,y,44,0.00390625,488281.25,0.9997698,0.9997698,True
9B,256,0.0,0,300,y,45,0.00390625,488281.25,0.993186,0.993186,True
9B,256,0.0,0,301,y,46,0.00390625,488281.25,0.70117605,0.0039170086,False
9B,256,0.0,0,302,y,47,0.00390625,488281.25,0.9998047,0.9998047,True
9B,256,0.0,0,303,y,48,0.00390625,488281.25,0.99978507,0.99978507,True
9B,256,0.0,0,304,y,49,0.00390625,488281.25,0.99979055,0.99979055,True
9B,256,0.0,0,305,y,50,0.00390625,488281.25,0.9998321,0.9998321,True
9B,256,0.0,0,306,y,51,0.00390625,488281.25,0.9997978,0.9997978,True
9B,256,0.0,0,307,y,52,0.00390625,488281.25,0.9998057,0.9998057,True
9B,256,0.0,0,308,y,53,0.00390625,488281.25,0.99979156,0.99979156,True
9B,256,0.0,0,309,y,54,0.00390625,488281.25,0.99975765,0.99975765,True
9B,256,0.0,0,310,y,55,0.00390625,488281.25,0.9997934,0.9997934,True
9B,256,0.0,0,311,y,56,0.00390625,488281.25,0.9997554,0.9997554,True
9B,256,0.0,0,312,y,57,0.00390625,488281.25,0.9998049,0.9998049,True
9B,256,0.0,0,313,y,58,0.00390625,488281.25,0.9998156,0.9998156,True
9B,256,0.0,0,314,y,59,0.00390625,488281.25,0.9997989,0.9997989,True
9B,256,0.0,0,315,y,60,0.00390625,488281.25,0.9998166,0.9998166,True
9B,256,0.0,0,316,y,61,0.00390625,488281.25,0.99980545,0.99980545,True
9B,256,0.0,0,317,y,62,0.00390625,488281.25,0.9997846,0.9997846,True
9B,256,0.0,0,318,y,63,0.00390625,488281.25,0.9998033,0.9998033,True
9B,256,0.0,0,319,y,64,0.00390625,488281.25,0.99975973,0.99975973,True
9B,256,0.0,0,320,y,65,0.00390625,488281.25,0.99979365,0.99979365,True
9B,256,0.0,0,321,y,66,0.00390625,488281.25,0.9997995,0.9997995,True
9B,256,0.0,0,322,y,67,0.00390625,488281.25,0.99979424,0.99979424,True
9B,256,0.0,0,323,y,68,0.00390625,488281.25,0.9997716,0.9997716,True
9B,256,0.0,0,324,y,69,0.00390625,488281.25,0.9998069,0.9998069,True
9B,256,0.0,0,325,y,70,0.00390625,488281.25,0.99980056,0.99980056,True
9B,256,0.0,0,326,y,71,0.00390625,488281.25,0.7059107,0.7059107,False
9B,256,0.0,0,327,y,72,0.00390625,488281.25,0.991276,0.991276,True
9B,256,0.0,0,328,y,73,0.00390625,488281.25,0.999787,0.999787,True
9B,256,0.0,0,329,y,74,0.00390625,488281.25,0.9997971,0.9997971,True
9B,256,0.0,0,330,y,75,0.00390625,488281.25,0.99977756,0.99977756,True
9B,256,0.0,0,331,y,76,0.00390625,488281.25,0.99980724,0.99980724,True
9B,256,0.0,0,332,y,77,0.00390625,488281.25,0.99980086,0.99980086,True
9B,256,0.0,0,333,y,78,0.00390625,488281.25,0.9997961,0.9997961,True
9B,256,0.0,0,334,y,79,0.00390625,488281.25,0.99374044,0.99374044,True
9B,256,0.0,0,335,y,80,0.00390625,488281.25,0.70432323,0.70432323,False
9B,256,0.0,0,336,y,81,0.00390625,488281.25,0.9998054,0.9998054,True
9B,256,0.0,0,337,y,82,0.00390625,488281.25,0.99979854,0.99979854,True
9B,256,0.0,0,338,y,83,0.00390625,488281.25,0.70815283,0.70815283,False
9B,256,0.0,0,339,y,84,0.00390625,488281.25,0.99334943,0.99334943,True
9B,256,0.0,0,340,y,85,0.00390625,488281.25,0.9998071,0.9998071,True
9B,256,0.0,0,341,y,86,0.00390625,488281.25,0.9998018,0.9998018,True
9B,256,0.0,0,342,y,87,0.00390625,488281.25,0.9924009,0.9924009,True
9B,256,0.0,0,343,y,88,0.00390625,488281.25,0.7111815,0.06574607,False
9B,256,0.0,0,344,y,89,0.00390625,488281.25,0.99979144,0.99979144,True
9B,256,0.0,0,345,y,90,0.00390625,488281.25,0.99978757,0.99978757,True
9B,256,0.0,0,346,y,91,0.00390625,488281.25,0.7121166,0.7121166,False
9B,256,0.0,0,347,y,92,0.00390625,488281.25,0.99088717,0.99088717,True
9B,256,0.0,0,348,y,93,0.00390625,488281.25,0.999821,0.999821,True
9B,256,0.0,0,349,y,94,0.00390625,488281.25,0.99978137,0.99978137,True
9B,256,0.0,0,350,y,95,0.00390625,488281.25,0.9997753,0.9997753,True
9B,256,0.0,0,351,y,96,0.00390625,488281.25,0.99978673,0.99978673,True
9B,256,0.0,0,352,y,97,0.00390625,488281.25,0.9998225,0.9998225,True
9B,256,0.0,0,353,y,98,0.00390625,488281.25,0.9997977,0.9997977,True
9B,256,0.0,0,354,y,99,0.00390625,488281.25,0.9997383,0.9997383,True
9B,256,0.0,0,355,y,100,0.00390625,488281.25,0.99979043,0.99979043,True
9B,256,0.0,0,356,y,101,0.00390625,488281.25,0.999724,0.999724,True
9B,256,0.0,0,357,y,102,0.00390625,488281.25,0.9997859,0.9997859,True
9B,256,0.0,0,358,y,103,0.00390625,488281.25,0.99976194,0.99976194,True
9B,256,0.0,0,359,y,104,0.00390625,488281.25,0.99980444,0.99980444,True
9B,256,0.0,0,360,y,105,0.00390625,488281.25,0.99980634,0.99980634,True
9B,256,0.0,0,361,y,106,0.00390625,488281.25,0.99979544,0.99979544,True
9B,256,0.0,0,362,y,107,0.00390625,488281.25,0.9997919,0.9997919,True
9B,256,0.0,0,363,y,108,0.00390625,488281.25,0.99979377,0.99979377,True
9B,256,0.0,0,364,y,109,0.00390625,488281.25,0.99979514,0.99979514,True
9B,256,0.0,0,365,y,110,0.00390625,488281.25,0.9997539,0.9997539,True
9B,256,0.0,0,366,y,111,0.00390625,488281.25,0.99978954,0.99978954,True
9B,256,0.0,0,367,y,112,0.00390625,488281.25,0.9997871,0.9997871,True
9B,256,0.0,0,368,y,113,0.00390625,488281.25,0.999804,0.999804,True
9B,256,0.0,0,369,y,114,0.00390625,488281.25,0.99981457,0.99981457,True
9B,256,0.0,0,370,y,115,0.00390625,488281.25,0.9940611,0.9940611,True
9B,256,0.0,0,371,y,116,0.00390625,488281.25,0.7136694,0.7136694,False
9B,256,0.0,0,372,y,117,0.00390625,488281.25,0.9997951,0.9997951,True
9B,256,0.0,0,373,y,118,0.00390625,488281.25,0.9998013,0.9998013,True
9B,256,0.0,0,374,y,119,0.00390625,488281.25,0.99980515,0.99980515,True
9B,256,0.0,0,375,y,120,0.00390625,488281.25,0.999807,0.999807,True
9B,256,0.0,0,376,y,121,0.00390625,488281.25,0.712338,0.712338,False
9B,256,0.0,0,377,y,122,0.00390625,488281.25,0.99464417,0.99464417,True
9B,256,0.0,0,378,y,123,0.00390625,488281.25,0.99981034,0.99981034,True
9B,256,0.0,0,379,y,124,0.00390625,488281.25,0.9997645,0.9997645,True
9B,256,0.0,0,380,y,125,0.00390625,488281.25,0.99977106,0.99977106,True
9B,256,0.0,0,381,y,126,0.00390625,488281.25,0.9998075,0.9998075,True
9B,256,0.0,0,382,y,127,0.00390625,488281.25,0.9936012,0.9936012,True
9B,256,0.0,0,383,y,128,0.00390625,488281.25,0.7009239,0.0043031387,False
9B,256,0.0,0,384,y,129,0.00390625,488281.25,0.9997479,0.9997479,True
9B,256,0.0,0,385,y,130,0.00390625,488281.25,0.9998019,0.9998019,True
9B,256,0.0,0,386,y,131,0.00390625,488281.25,0.9997816,0.9997816,True
9B,256,0.0,0,387,y,132,0.00390625,488281.25,0.99977195,0.99977195,True
9B,256,0.0,0,388,y,133,0.00390625,488281.25,0.99288195,0.99288195,True
9B,256,0.0,0,389,y,134,0.00390625,488281.25,0.7079772,0.060390804,False
9B,256,0.0,0,390,y,135,0.00390625,488281.25,0.999816,0.999816,True
9B,256,0.0,0,391,y,136,0.00390625,488281.25,0.99980813,0.99980813,True
9B,256,0.0,0,392,y,137,0.00390625,488281.25,0.99303365,0.99303365,True
9B,256,0.0,0,393,y,138,0.00390625,488281.25,0.71117604,0.06168603,False
9B,256,0.0,0,394,y,139,0.00390625,488281.25,0.7023152,0.0015462339,False
9B,256,0.0,0,395,y,140,0.00390625,488281.25,0.9925355,0.9925355,True
9B,256,0.0,0,396,y,141,0.00390625,488281.25,0.7133869,0.7133869,False
9B,256,0.0,0,397,y,142,0.00390625,488281.25,0.99158764,0.99158764,True
9B,256,0.0,0,398,y,143,0.00390625,488281.25,0.9998157,0.9998157,True
9B,256,0.0,0,399,y,144,0.00390625,488281.25,0.99979365,0.99979365,True
9B,256,0.0,0,400,y,145,0.00390625,488281.25,0.99980164,0.99980164,True
9B,256,0.0,0,401,y,146,0.00390625,488281.25,0.99979234,0.99979234,True
9B,256,0.0,0,402,y,147,0.00390625,488281.25,0.9997287,0.9997287,True
9B,256,0.0,0,403,y,148,0.00390625,488281.25,0.9997771,0.9997771,True
9B,256,0.0,0,404,y,149,0.00390625,488281.25,0.70602846,0.06126836,False
9B,256,0.0,0,405,y,150,0.00390625,488281.25,0.992615,0.992615,True
9B,256,0.0,0,406,y,151,0.00390625,488281.25,0.9998015,0.9998015,True
9B,256,0.0,0,407,y,152,0.00390625,488281.25,0.9997935,0.9997935,True
9B,256,0.0,0,408,y,153,0.00390625,488281.25,0.9997932,0.9997932,True
9B,256,0.0,0,409,y,154,0.00390625,488281.25,0.9998009,0.9998009,True
9B,256,0.0,0,410,y,155,0.00390625,488281.25,0.99976707,0.99976707,True
9B,256,0.0,0,411,y,156,0.00390625,488281.25,0.999783,0.999783,True
9B,256,0.0,0,412,y,157,0.00390625,488281.25,0.9998057,0.9998057,True
9B,256,0.0,0,413,y,158,0.00390625,488281.25,0.9998144,0.9998144,True
9B,256,0.0,0,414,y,159,0.00390625,488281.25,0.99982643,0.99982643,True
9B,256,0.0,0,415,y,160,0.00390625,488281.25,0.99980366,0.99980366,True
9B,256,0.0,0,416,y,161,0.00390625,488281.25,0.999828,0.999828,True
9B,256,0.0,0,417,y,162,0.00390625,488281.25,0.9998083,0.9998083,True
9B,256,0.0,0,418,y,163,0.00390625,488281.25,0.9931886,0.9931886,True
9B,256,0.0,0,419,y,164,0.00390625,488281.25,0.7075834,0.7075834,False
9B,256,0.0,0,420,y,165,0.00390625,488281.25,0.99978626,0.99978626,True
9B,256,0.0,0,421,y,166,0.00390625,488281.25,0.99981105,0.99981105,True
9B,256,0.0,0,422,y,167,0.00390625,488281.25,0.9997893,0.9997893,True
9B,256,0.0,0,423,y,168,0.00390625,488281.25,0.9997899,0.9997899,True
9B,256,0.0,0,424,y,169,0.00390625,488281.25,0.9997977,0.9997977,True
9B,256,0.0,0,425,y,170,0.00390625,488281.25,0.9997972,0.9997972,True
9B,256,0.0,0,426,y,171,0.00390625,488281.25,0.9998263,0.9998263,True
9B,256,0.0,0,427,y,172,0.00390625,488281.25,0.99975765,0.99975765,True
9B,256,0.0,0,428,y,173,0.00390625,488281.25,0.9997744,0.9997744,True
9B,256,0.0,0,429,y,174,0.00390625,488281.25,0.999809,0.999809,True
9B,256,0.0,0,430,y,175,0.00390625,488281.25,0.99981445,0.99981445,True
9B,256,0.0,0,431,y,176,0.00390625,488281.25,0.99981093,0.99981093,True
9B,256,0.0,0,432,y,177,0.00390625,488281.25,0.999797,0.999797,True
9B,256,0.0,0,433,y,178,0.00390625,488281.25,0.9997833,0.9997833,True
9B,256,0.0,0,434,y,179,0.00390625,488281.25,0.99978876,0.99978876,True
9B,256,0.0,0,435,y,180,0.00390625,488281.25,0.99981284,0.99981284,True
9B,256,0.0,0,436,y,181,0.00390625,488281.25,0.99980855,0.99980855,True
9B,256,0.0,0,437,y,182,0.00390625,488281.25,0.99979085,0.9997628,True
9B,256,0.0,0,438,y,183,0.00390625,488281.25,0.9922904,0.9922904,True
9B,256,0.0,0,439,y,184,0.00390625,488281.25,0.7118294,0.7118294,False
9B,256,0.0,0,440,y,185,0.00390625,488281.25,0.9998068,0.9998068,True
9B,256,0.0,0,441,y,186,0.00390625,488281.25,0.99981534,0.99981534,True
9B,256,0.0,0,442,y,187,0.00390625,488281.25,0.9997802,0.9997703,True
9B,256,0.0,0,443,y,188,0.00390625,488281.25,0.9997956,0.9997956,True
9B,256,0.0,0,444,y,189,0.00390625,488281.25,0.99978334,0.99978334,True
9B,256,0.0,0,445,y,190,0.00390625,488281.25,0.9997604,0.9997604,True
9B,256,0.0,0,446,y,191,0.00390625,488281.25,0.9998039,0.9998039,True
9B,256,0.0,0,447,y,192,0.00390625,488281.25,0.9997443,0.9997443,True
9B,256,0.0,0,448,y,193,0.00390625,488281.25,0.9998045,0.9998045,True
9B,256,0.0,0,449,y,194,0.00390625,488281.25,0.9998202,0.9998202,True
9B,256,0.0,0,450,y,195,0.00390625,488281.25,0.99429744,0.99429744,True
9B,256,0.0,0,451,y,196,0.00390625,488281.25,0.69612134,0.0018671686,False
9B,256,0.0,0,452,y,197,0.00390625,488281.25,0.9998133,0.9998133,True
9B,256,0.0,0,453,y,198,0.00390625,488281.25,0.9997802,0.9997802,True
9B,256,0.0,0,454,y,199,0.00390625,488281.25,0.9997891,0.9997891,True
9B,256,0.0,0,455,y,200,0.00390625,488281.25,0.9998116,0.9998116,True
9B,256,0.0,0,456,y,201,0.00390625,488281.25,0.9998071,0.9998071,True
9B,256,0.0,0,457,y,202,0.00390625,488281.25,0.9998026,0.9998026,True
9B,256,0.0,0,458,y,203,0.00390625,488281.25,0.9998112,0.9998112,True
9B,256,0.0,0,459,y,204,0.00390625,488281.25,0.99978495,0.99978495,True
9B,256,0.0,0,460,y,205,0.00390625,488281.25,0.9998072,0.9998072,True
9B,256,0.0,0,461,y,206,0.00390625,488281.25,0.99977607,0.99977607,True
9B,256,0.0,0,462,y,207,0.00390625,488281.25,0.99975777,0.99975777,True
9B,256,0.0,0,463,y,208,0.00390625,488281.25,0.99979186,0.99978966,True
9B,256,0.0,0,464,y,209,0.00390625,488281.25,0.99981207,0.99981207,True
9B,256,0.0,0,465,y,210,0.00390625,488281.25,0.99980474,0.99980474,True
9B,256,0.0,0,466,y,211,0.00390625,488281.25,0.9997727,0.9997727,True
9B,256,0.0,0,467,y,212,0.00390625,488281.25,0.9998088,0.9998088,True
9B,256,0.0,0,468,y,213,0.00390625,488281.25,0.9917865,0.9917865,True
9B,256,0.0,0,469,y,214,0.00390625,488281.25,0.7062037,0.7062037,False
9B,256,0.0,0,470,y,215,0.00390625,488281.25,0.9998013,0.9998013,True
9B,256,0.0,0,471,y,216,0.00390625,488281.25,0.9997961,0.9997961,True
9B,256,0.0,0,472,y,217,0.00390625,488281.25,0.70984393,0.039389998,False
9B,256,0.0,0,473,y,218,0.00390625,488281.25,0.9928602,0.9928602,True
9B,256,0.0,0,474,y,219,0.00390625,488281.25,0.9997915,0.9997915,True
9B,256,0.0,0,475,y,220,0.00390625,488281.25,0.99978495,0.99978495,True
9B,256,0.0,0,476,y,221,0.00390625,488281.25,0.99978817,0.99978817,True
9B,256,0.0,0,477,y,222,0.00390625,488281.25,0.9997635,0.9997635,True
9B,256,0.0,0,478,y,223,0.00390625,488281.25,0.99970317,0.99970317,True
9B,256,0.0,0,479,y,224,0.00390625,488281.25,0.9998119,0.9998119,True
9B,256,0.0,0,480,y,225,0.00390625,488281.25,0.99981964,0.99981964,True
9B,256,0.0,0,481,y,226,0.00390625,488281.25,0.9998067,0.9998067,True
9B,256,0.0,0,482,y,227,0.00390625,488281.25,0.99978435,0.99978435,True
9B,256,0.0,0,483,y,228,0.00390625,488281.25,0.99981046,0.99981046,True
9B,256,0.0,0,484,y,229,0.00390625,488281.25,0.9998172,0.9998172,True
9B,256,0.0,0,485,y,230,0.00390625,488281.25,0.99979484,0.99979484,True
9B,256,0.0,0,486,y,231,0.00390625,488281.25,0.9914414,0.9914414,True
9B,256,0.0,0,487,y,232,0.00390625,488281.25,0.7044649,0.046584647,False
9B,256,0.0,0,488,y,233,0.00390625,488281.25,0.9997612,0.9997612,True
9B,256,0.0,0,489,y,234,0.00390625,488281.25,0.9998106,0.9998106,True
9B,256,0.0,0,490,y,235,0.00390625,488281.25,0.7018048,0.007010257,False
9B,256,0.0,0,491,y,236,0.00390625,488281.25,0.99166685,0.99166685,True
9B,256,0.0,0,492,y,237,0.00390625,488281.25,0.9997401,0.9997401,True
9B,256,0.0,0,493,y,238,0.00390625,488281.25,0.99980223,0.99980223,True
9B,256,0.0,0,494,y,239,0.00390625,488281.25,0.9997959,0.9997959,True
9B,256,0.0,0,495,y,240,0.00390625,488281.25,0.99980015,0.99980015,True
9B,256,0.0,0,496,y,241,0.00390625,488281.25,0.99980974,0.99980974,True
9B,256,0.0,0,497,y,242,0.00390625,488281.25,0.9997721,0.9997721,True
9B,256,0.0,0,498,y,243,0.00390625,488281.25,0.9998001,0.9998001,True
9B,256,0.0,0,499,y,244,0.00390625,488281.25,0.9997257,0.9997257,True
9B,256,0.0,0,500,y,245,0.00390625,488281.25,0.7065958,0.0014355732,False
9B,256,0.0,0,501,y,246,0.00390625,488281.25,0.9931501,0.9931501,True
9B,256,0.0,0,502,y,247,0.00390625,488281.25,0.70297503,0.70297503,False
9B,256,0.0,0,503,y,248,0.00390625,488281.25,0.99218845,0.99218845,True
9B,256,0.0,0,504,y,249,0.00390625,488281.25,0.9997909,0.9997909,True
9B,256,0.0,0,505,y,250,0.00390625,488281.25,0.9997251,0.9997251,True
9B,256,0.0,0,506,y,251,0.00390625,488281.25,0.9934392,0.9934392,True
9B,256,0.0,0,507,y,252,0.00390625,488281.25,0.7004125,0.0016325489,False
9B,256,0.0,0,508,y,253,0.00390625,488281.25,0.9998023,0.9998023,True
9B,256,0.0,0,509,y,254,0.00390625,488281.25,0.99980086,0.99980086,True
9B,256,0.0,0,510,y,255,0.00390625,488281.25,0.999773,0.999773,True
9B,256,0.0,0,511,y,256,0.00390625,488281.25,0.99981165,0.99981165,True
9B,256,0.0,1,0,x,1,0.00390625,488281.25,0.99977684,0.99977684,True
9B,256,0.0,1,1,x,2,0.00390625,488281.25,0.999769,0.999769,True
9B,256,0.0,1,2,x,3,0.00390625,488281.25,0.9997834,0.9997834,True
9B,256,0.0,1,3,x,4,0.00390625,488281.25,0.9997766,0.9997766,True
9B,256,0.0,1,4,x,5,0.00390625,488281.25,0.9997895,0.9997895,True
9B,256,0.0,1,5,x,6,0.00390625,488281.25,0.9997929,0.9997929,True
9B,256,0.0,1,6,x,7,0.00390625,488281.25,0.71012,0.71012,False
9B,256,0.0,1,7,x,8,0.00390625,488281.25,0.9924315,0.9924315,True
9B,256,0.0,1,8,x,9,0.00390625,488281.25,0.9997766,0.9997766,True
9B,256,0.0,1,9,x,10,0.00390625,488281.25,0.9997417,0.9997417,True
9B,256,0.0,1,10,x,11,0.00390625,488281.25,0.9997755,0.9997755,True
9B,256,0.0,1,11,x,12,0.00390625,488281.25,0.9997804,0.9997804,True
9B,256,0.0,1,12,x,13,0.00390625,488281.25,0.99967575,0.99967575,True
9B,256,0.0,1,13,x,14,0.00390625,488281.25,0.99978095,0.99978095,True
9B,256,0.0,1,14,x,15,0.00390625,488281.25,0.999768,0.999768,True
9B,256,0.0,1,15,x,16,0.00390625,488281.25,0.99974644,0.99974644,True
9B,256,0.0,1,16,x,17,0.00390625,488281.25,0.9997555,0.9997555,True
9B,256,0.0,1,17,x,18,0.00390625,488281.25,0.999784,0.999784,True
9B,256,0.0,1,18,x,19,0.00390625,488281.25,0.9940783,0.9940783,True
9B,256,0.0,1,19,x,20,0.00390625,488281.25,0.7048,0.0018014656,False
9B,256,0.0,1,20,x,21,0.00390625,488281.25,0.70935786,0.70935786,False
9B,256,0.0,1,21,x,22,0.00390625,488281.25,0.99334264,0.99334264,True
9B,256,0.0,1,22,x,23,0.00390625,488281.25,0.99977386,0.99977386,True
9B,256,0.0,1,23,x,24,0.00390625,488281.25,0.99980986,0.99980986,True
9B,256,0.0,1,24,x,25,0.00390625,488281.25,0.99977994,0.99977994,True
9B,256,0.0,1,25,x,26,0.00390625,488281.25,0.9997963,0.9997963,True
9B,256,0.0,1,26,x,27,0.00390625,488281.25,0.99967253,0.99967253,True
9B,256,0.0,1,27,x,28,0.00390625,488281.25,0.99976194,0.99976194,True
9B,256,0.0,1,28,x,29,0.00390625,488281.25,0.99978435,0.99978435,True
9B,256,0.0,1,29,x,30,0.00390625,488281.25,0.9997753,0.9997753,True
9B,256,0.0,1,30,x,31,0.00390625,488281.25,0.99977314,0.99977314,True
9B,256,0.0,1,31,x,32,0.00390625,488281.25,0.99979866,0.99979866,True
9B,256,0.0,1,32,x,33,0.00390625,488281.25,0.7102978,0.7102978,False
9B,256,0.0,1,33,x,34,0.00390625,488281.25,0.99421453,0.99421453,True
9B,256,0.0,1,34,x,35,0.00390625,488281.25,0.9936042,0.9936042,True
9B,256,0.0,1,35,x,36,0.00390625,488281.25,0.71839625,0.71839625,False
9B,256,0.0,1,36,x,37,0.00390625,488281.25,0.999742,0.999742,True
9B,256,0.0,1,37,x,38,0.00390625,488281.25,0.99977946,0.99977946,True
9B,256,0.0,1,38,x,39,0.00390625,488281.25,0.9997753,0.9997753,True
9B,256,0.0,1,39,x,40,0.00390625,488281.25,0.99979466,0.99979466,True
9B,256,0.0,1,40,x,41,0.00390625,488281.25,0.9997757,0.9997757,True
9B,256,0.0,1,41,x,42,0.00390625,488281.25,0.9997945,0.9997945,True
9B,256,0.0,1,42,x,43,0.00390625,488281.25,0.9997668,0.9997668,True
9B,256,0.0,1,43,x,44,0.00390625,488281.25,0.9997496,0.9997496,True
9B,256,0.0,1,44,x,45,0.00390625,488281.25,0.9997932,0.9997932,True
9B,256,0.0,1,45,x,46,0.00390625,488281.25,0.99975324,0.99975324,True
9B,256,0.0,1,46,x,47,0.00390625,488281.25,0.9997796,0.9997796,True
9B,256,0.0,1,47,x,48,0.00390625,488281.25,0.99976695,0.99976695,True
9B,256,0.0,1,48,x,49,0.00390625,488281.25,0.7064651,0.7064651,False
9B,256,0.0,1,49,x,50,0.00390625,488281.25,0.99153864,0.99153864,True
9B,256,0.0,1,50,x,51,0.00390625,488281.25,0.9997123,0.9997123,True
9B,256,0.0,1,51,x,52,0.00390625,488281.25,0.9997897,0.9997897,True
9B,256,0.0,1,52,x,53,0.00390625,488281.25,0.99978316,0.99978316,True
9B,256,0.0,1,53,x,54,0.00390625,488281.25,0.9997655,0.9997655,True
9B,256,0.0,1,54,x,55,0.00390625,488281.25,0.9997537,0.9997537,True
9B,256,0.0,1,55,x,56,0.00390625,488281.25,0.99978405,0.99978405,True
9B,256,0.0,1,56,x,57,0.00390625,488281.25,0.9997727,0.9997727,True
9B,256,0.0,1,57,x,58,0.00390625,488281.25,0.9997752,0.9997752,True
9B,256,0.0,1,58,x,59,0.00390625,488281.25,0.70142555,0.04792861,False
9B,256,0.0,1,59,x,60,0.00390625,488281.25,0.9932407,0.9932407,True
9B,256,0.0,1,60,x,61,0.00390625,488281.25,0.9997905,0.9997905,True
9B,256,0.0,1,61,x,62,0.00390625,488281.25,0.9997748,0.9997748,True
9B,256,0.0,1,62,x,63,0.00390625,488281.25,0.9997647,0.9997647,True
9B,256,0.0,1,63,x,64,0.00390625,488281.25,0.9998016,0.9998016,True
9B,256,0.0,1,64,x,65,0.00390625,488281.25,0.9997779,0.9997779,True
9B,256,0.0,1,65,x,66,0.00390625,488281.25,0.999792,0.999792,True
9B,256,0.0,1,66,x,67,0.00390625,488281.25,0.9997817,0.9997817,True
9B,256,0.0,1,67,x,68,0.00390625,488281.25,0.99976444,0.99976444,True
9B,256,0.0,1,68,x,69,0.00390625,488281.25,0.9997893,0.9997893,True
9B,256,0.0,1,69,x,70,0.00390625,488281.25,0.999792,0.999792,True
9B,256,0.0,1,70,x,71,0.00390625,488281.25,0.9997797,0.9997797,True
9B,256,0.0,1,71,x,72,0.00390625,488281.25,0.99976563,0.99976563,True
9B,256,0.0,1,72,x,73,0.00390625,488281.25,0.99272263,0.99272263,True
9B,256,0.0,1,73,x,74,0.00390625,488281.25,0.6955822,0.041436493,False
9B,256,0.0,1,74,x,75,0.00390625,488281.25,0.9997833,0.9997833,True
9B,256,0.0,1,75,x,76,0.00390625,488281.25,0.9997895,0.9997895,True
9B,256,0.0,1,76,x,77,0.00390625,488281.25,0.9997883,0.9997883,True
9B,256,0.0,1,77,x,78,0.00390625,488281.25,0.9997293,0.9997293,True
9B,256,0.0,1,78,x,79,0.00390625,488281.25,0.9997629,0.9997629,True
9B,256,0.0,1,79,x,80,0.00390625,488281.25,0.99977493,0.99977493,True
9B,256,0.0,1,80,x,81,0.00390625,488281.25,0.999794,0.999794,True
9B,256,0.0,1,81,x,82,0.00390625,488281.25,0.99975467,0.99975467,True
9B,256,0.0,1,82,x,83,0.00390625,488281.25,0.99977803,0.99977803,True
9B,256,0.0,1,83,x,84,0.00390625,488281.25,0.9997356,0.9997356,True
9B,256,0.0,1,84,x,85,0.00390625,488281.25,0.71091586,0.71091586,False
9B,256,0.0,1,85,x,86,0.00390625,488281.25,0.99280804,0.99280804,True
9B,256,0.0,1,86,x,87,0.00390625,488281.25,0.9997517,0.9997517,True
9B,256,0.0,1,87,x,88,0.00390625,488281.25,0.9997779,0.9997779,True
9B,256,0.0,1,88,x,89,0.00390625,488281.25,0.71500486,0.71500486,False
9B,256,0.0,1,89,x,90,0.00390625,488281.25,0.9891794,0.9891794,True
9B,256,0.0,1,90,x,91,0.00390625,488281.25,0.9997668,0.9997668,True
9B,256,0.0,1,91,x,92,0.00390625,488281.25,0.9997679,0.9997679,True
9B,256,0.0,1,92,x,93,0.00390625,488281.25,0.9997645,0.9997645,True
9B,256,0.0,1,93,x,94,0.00390625,488281.25,0.9997978,0.9997978,True
9B,256,0.0,1,94,x,95,0.00390625,488281.25,0.9997778,0.9997778,True
9B,256,0.0,1,95,x,96,0.00390625,488281.25,0.9997243,0.9997243,True
9B,256,0.0,1,96,x,97,0.00390625,488281.25,0.9997815,0.9997815,True
9B,256,0.0,1,97,x,98,0.00390625,488281.25,0.99976027,0.99976027,True
9B,256,0.0,1,98,x,99,0.00390625,488281.25,0.999767,0.999767,True
9B,256,0.0,1,99,x,100,0.00390625,488281.25,0.99978065,0.99978065,True
9B,256,0.0,1,100,x,101,0.00390625,488281.25,0.99977946,0.99977946,True
9B,256,0.0,1,101,x,102,0.00390625,488281.25,0.99978405,0.99978405,True
9B,256,0.0,1,102,x,103,0.00390625,488281.25,0.9997561,0.9997561,True
9B,256,0.0,1,103,x,104,0.00390625,488281.25,0.9997882,0.9997882,True
9B,256,0.0,1,104,x,105,0.00390625,488281.25,0.99979156,0.99979156,True
9B,256,0.0,1,105,x,106,0.00390625,488281.25,0.99975806,0.99975806,True
9B,256,0.0,1,106,x,107,0.00390625,488281.25,0.9997355,0.9997355,True
9B,256,0.0,1,107,x,108,0.00390625,488281.25,0.9997822,0.9997822,True
9B,256,0.0,1,108,x,109,0.00390625,488281.25,0.9997858,0.9997858,True
9B,256,0.0,1,109,x,110,0.00390625,488281.25,0.9997722,0.9997722,True
9B,256,0.0,1,110,x,111,0.00390625,488281.25,0.9997866,0.9997866,True
9B,256,0.0,1,111,x,112,0.00390625,488281.25,0.99974144,0.99974144,True
9B,256,0.0,1,112,x,113,0.00390625,488281.25,0.999792,0.999792,True
9B,256,0.0,1,113,x,114,0.00390625,488281.25,0.99969697,0.99969697,True
9B,256,0.0,1,114,x,115,0.00390625,488281.25,0.9997394,0.9997394,True
9B,256,0.0,1,115,x,116,0.00390625,488281.25,0.9997827,0.9997827,True
9B,256,0.0,1,116,x,117,0.00390625,488281.25,0.99252474,0.99252474,True
9B,256,0.0,1,117,x,118,0.00390625,488281.25,0.7126915,0.7126915,False
9B,256,0.0,1,118,x,119,0.00390625,488281.25,0.992458,0.992458,True
9B,256,0.0,1,119,x,120,0.00390625,488281.25,0.7063133,0.000438408,False
9B,256,0.0,1,120,x,121,0.00390625,488281.25,0.99977386,0.99977386,True
9B,256,0.0,1,121,x,122,0.00390625,488281.25,0.9997832,0.9997832,True
9B,256,0.0,1,122,x,123,0.00390625,488281.25,0.99979216,0.99979216,True
9B,256,0.0,1,123,x,124,0.00390625,488281.25,0.999766,0.999766,True
9B,256,0.0,1,124,x,125,0.00390625,488281.25,0.99278677,0.99278677,True
9B,256,0.0,1,125,x,126,0.00390625,488281.25,0.7130133,0.11804707,False
9B,256,0.0,1,126,x,127,0.00390625,488281.25,0.99976766,0.99976766,True
9B,256,0.0,1,127,x,128,0.00390625,488281.25,0.9997698,0.9997698,True
9B,256,0.0,1,128,x,129,0.00390625,488281.25,0.9997541,0.9997541,True
9B,256,0.0,1,129,x,130,0.00390625,488281.25,0.99973094,0.99973094,True
9B,256,0.0,1,130,x,131,0.00390625,488281.25,0.99977505,0.99977505,True
9B,256,0.0,1,131,x,132,0.00390625,488281.25,0.9997685,0.9997685,True
9B,256,0.0,1,132,x,133,0.00390625,488281.25,0.9997289,0.9997289,True
9B,256,0.0,1,133,x,134,0.00390625,488281.25,0.9997787,0.9997787,True
9B,256,0.0,1,134,x,135,0.00390625,488281.25,0.999774,0.999774,True
9B,256,0.0,1,135,x,136,0.00390625,488281.25,0.9997716,0.9997716,True
9B,256,0.0,1,136,x,137,0.00390625,488281.25,0.99262416,0.99262416,True
9B,256,0.0,1,137,x,138,0.00390625,488281.25,0.70786625,0.70786625,False
9B,256,0.0,1,138,x,139,0.00390625,488281.25,0.99976957,0.99976957,True
9B,256,0.0,1,139,x,140,0.00390625,488281.25,0.9997891,0.9997891,True
9B,256,0.0,1,140,x,141,0.00390625,488281.25,0.9997835,0.9997835,True
9B,256,0.0,1,141,x,142,0.00390625,488281.25,0.9997808,0.9997808,True
9B,256,0.0,1,142,x,143,0.00390625,488281.25,0.701113,0.701113,False
9B,256,0.0,1,143,x,144,0.00390625,488281.25,0.9915687,0.9915687,True
9B,256,0.0,1,144,x,145,0.00390625,488281.25,0.9997673,0.9997673,True
9B,256,0.0,1,145,x,146,0.00390625,488281.25,0.99977565,0.99977565,True
9B,256,0.0,1,146,x,147,0.00390625,488281.25,0.9996908,0.9996908,True
9B,256,0.0,1,147,x,148,0.00390625,488281.25,0.9997405,0.9997405,True
9B,256,0.0,1,148,x,149,0.00390625,488281.25,0.7066505,0.7066505,False
9B,256,0.0,1,149,x,150,0.00390625,488281.25,0.99198914,0.99198914,True
9B,256,0.0,1,150,x,151,0.00390625,488281.25,0.9997435,0.9997435,True
9B,256,0.0,1,151,x,152,0.00390625,488281.25,0.99974173,0.99974173,True
9B,256,0.0,1,152,x,153,0.00390625,488281.25,0.9997996,0.9997996,True
9B,256,0.0,1,153,x,154,0.00390625,488281.25,0.9997927,0.9997927,True
9B,256,0.0,1,154,x,155,0.00390625,488281.25,0.9997759,0.9997759,True
9B,256,0.0,1,155,x,156,0.00390625,488281.25,0.9997786,0.9997786,True
9B,256,0.0,1,156,x,157,0.00390625,488281.25,0.9997881,0.9997881,True
9B,256,0.0,1,157,x,158,0.00390625,488281.25,0.9997151,0.9997151,True
9B,256,0.0,1,158,x,159,0.00390625,488281.25,0.94267476,0.94267476,True
9B,256,0.0,1,159,x,160,0.00390625,488281.25,0.95237017,0.95237017,True
9B,256,0.0,1,160,x,161,0.00390625,488281.25,0.99975556,0.99975556,True
9B,256,0.0,1,161,x,162,0.00390625,488281.25,0.99978673,0.99978673,True
9B,256,0.0,1,162,x,163,0.00390625,488281.25,0.99978817,0.99978817,True
9B,256,0.0,1,163,x,164,0.00390625,488281.25,0.99977744,0.99977744,True
9B,256,0.0,1,164,x,165,0.00390625,488281.25,0.9997411,0.9997411,True
9B,256,0.0,1,165,x,166,0.00390625,488281.25,0.999774,0.999774,True
9B,256,0.0,1,166,x,167,0.00390625,488281.25,0.9997828,0.9997828,True
9B,256,0.0,1,167,x,168,0.00390625,488281.25,0.9997845,0.9997845,True
9B,256,0.0,1,168,x,169,0.00390625,488281.25,0.999781,0.999781,True
9B,256,0.0,1,169,x,170,0.00390625,488281.25,0.999771,0.999771,True
9B,256,0.0,1,170,x,171,0.00390625,488281.25,0.99980307,0.99980307,True
9B,256,0.0,1,171,x,172,0.00390625,488281.25,0.9997908,0.9997908,True
9B,256,0.0,1,172,x,173,0.00390625,488281.25,0.99978185,0.99978185,True
9B,256,0.0,1,173,x,174,0.00390625,488281.25,0.9997375,0.9997375,True
9B,256,0.0,1,174,x,175,0.00390625,488281.25,0.9997012,0.9997012,True
9B,256,0.0,1,175,x,176,0.00390625,488281.25,0.99976075,0.99976075,True
9B,256,0.0,1,176,x,177,0.00390625,488281.25,0.9997624,0.9997624,True
9B,256,0.0,1,177,x,178,0.00390625,488281.25,0.9997903,0.9997903,True
9B,256,0.0,1,178,x,179,0.00390625,488281.25,0.99978036,0.99978036,True
9B,256,0.0,1,179,x,180,0.00390625,488281.25,0.99975866,0.99975866,True
9B,256,0.0,1,180,x,181,0.00390625,488281.25,0.99977124,0.99977124,True
9B,256,0.0,1,181,x,182,0.00390625,488281.25,0.9997721,0.9997721,True
9B,256,0.0,1,182,x,183,0.00390625,488281.25,0.9997933,0.9997933,True
9B,256,0.0,1,183,x,184,0.00390625,488281.25,0.9997759,0.9997759,True
9B,256,0.0,1,184,x,185,0.00390625,488281.25,0.9997716,0.9997716,True
9B,256,0.0,1,185,x,186,0.00390625,488281.25,0.9997667,0.9997667,True
9B,256,0.0,1,186,x,187,0.00390625,488281.25,0.9998018,0.9998018,True
9B,256,0.0,1,187,x,188,0.00390625,488281.25,0.999758,0.999758,True
9B,256,0.0,1,188,x,189,0.00390625,488281.25,0.9997777,0.9997777,True
9B,256,0.0,1,189,x,190,0.00390625,488281.25,0.9997653,0.9997653,True
9B,256,0.0,1,190,x,191,0.00390625,488281.25,0.99967295,0.99967295,True
9B,256,0.0,1,191,x,192,0.00390625,488281.25,0.9997956,0.9997956,True
9B,256,0.0,1,192,x,193,0.00390625,488281.25,0.7095293,0.7095293,False
9B,256,0.0,1,193,x,194,0.00390625,488281.25,0.99235225,0.99235225,True
9B,256,0.0,1,194,x,195,0.00390625,488281.25,0.999725,0.999725,True
9B,256,0.0,1,195,x,196,0.00390625,488281.25,0.99975234,0.99975234,True
9B,256,0.0,1,196,x,197,0.00390625,488281.25,0.99975944,0.99975944,True
9B,256,0.0,1,197,x,198,0.00390625,488281.25,0.9997866,0.9997866,True
9B,256,0.0,1,198,x,199,0.00390625,488281.25,0.9997881,0.9997881,True
9B,256,0.0,1,199,x,200,0.00390625,488281.25,0.9997913,0.9997913,True
9B,256,0.0,1,200,x,201,0.00390625,488281.25,0.9997376,0.9997376,True
9B,256,0.0,1,201,x,202,0.00390625,488281.25,0.9997935,0.9997935,True
9B,256,0.0,1,202,x,203,0.00390625,488281.25,0.9997821,0.9997821,True
9B,256,0.0,1,203,x,204,0.00390625,488281.25,0.9997636,0.9997636,True
9B,256,0.0,1,204,x,205,0.00390625,488281.25,0.9997916,0.9997916,True
9B,256,0.0,1,205,x,206,0.00390625,488281.25,0.99977773,0.99977773,True
9B,256,0.0,1,206,x,207,0.00390625,488281.25,0.99975777,0.99975777,True
9B,256,0.0,1,207,x,208,0.00390625,488281.25,0.99974334,0.99974334,True
9B,256,0.0,1,208,x,209,0.00390625,488281.25,0.9928287,0.9928287,True
9B,256,0.0,1,209,x,210,0.00390625,488281.25,0.71568024,0.71568024,False
9B,256,0.0,1,210,x,211,0.00390625,488281.25,0.9997242,0.9997242,True
9B,256,0.0,1,211,x,212,0.00390625,488281.25,0.9997954,0.9997954,True
9B,256,0.0,1,212,x,213,0.00390625,488281.25,0.7038646,0.00026426345,False
9B,256,0.0,1,213,x,214,0.00390625,488281.25,0.9935791,0.9935791,True
9B,256,0.0,1,214,x,215,0.00390625,488281.25,0.9997691,0.9997691,True
9B,256,0.0,1,215,x,216,0.00390625,488281.25,0.9997894,0.9997894,True
9B,256,0.0,1,216,x,217,0.00390625,488281.25,0.999764,0.999764,True
9B,256,0.0,1,217,x,218,0.00390625,488281.25,0.9997603,0.9997603,True
9B,256,0.0,1,218,x,219,0.00390625,488281.25,0.999786,0.999786,True
9B,256,0.0,1,219,x,220,0.00390625,488281.25,0.99976796,0.99976796,True
9B,256,0.0,1,220,x,221,0.00390625,488281.25,0.99062157,0.99062157,True
9B,256,0.0,1,221,x,222,0.00390625,488281.25,0.703001,0.018746486,False
9B,256,0.0,1,222,x,223,0.00390625,488281.25,0.70655775,0.70655775,False
9B,256,0.0,1,223,x,224,0.00390625,488281.25,0.9931131,0.9931131,True
9B,256,0.0,1,224,x,225,0.00390625,488281.25,0.99976766,0.99976766,True
9B,256,0.0,1,225,x,226,0.00390625,488281.25,0.9997736,0.9997736,True
9B,256,0.0,1,226,x,227,0.00390625,488281.25,0.99978167,0.99978167,True
9B,256,0.0,1,227,x,228,0.00390625,488281.25,0.9998015,0.9998015,True
9B,256,0.0,1,228,x,229,0.00390625,488281.25,0.7076092,0.034513764,False
9B,256,0.0,1,229,x,230,0.00390625,488281.25,0.9920137,0.9920137,True
9B,256,0.0,1,230,x,231,0.00390625,488281.25,0.9997764,0.9997764,True
9B,256,0.0,1,231,x,232,0.00390625,488281.25,0.9998151,0.9998151,True
9B,256,0.0,1,232,x,233,0.00390625,488281.25,0.9997784,0.9997784,True
9B,256,0.0,1,233,x,234,0.00390625,488281.25,0.9997549,0.9997549,True
9B,256,0.0,1,234,x,235,0.00390625,488281.25,0.9997642,0.9997642,True
9B,256,0.0,1,235,x,236,0.00390625,488281.25,0.9997051,0.9997051,True
9B,256,0.0,1,236,x,237,0.00390625,488281.25,0.9997889,0.9997889,True
9B,256,0.0,1,237,x,238,0.00390625,488281.25,0.9997587,0.9997587,True
9B,256,0.0,1,238,x,239,0.00390625,488281.25,0.99302953,0.99302953,True
9B,256,0.0,1,239,x,240,0.00390625,488281.25,0.7076522,0.7076522,False
9B,256,0.0,1,240,x,241,0.00390625,488281.25,0.99974936,0.99974936,True
9B,256,0.0,1,241,x,242,0.00390625,488281.25,0.99978316,0.99978316,True
9B,256,0.0,1,242,x,243,0.00390625,488281.25,0.9997812,0.9997812,True
9B,256,0.0,1,243,x,244,0.00390625,488281.25,0.9997511,0.9997511,True
9B,256,0.0,1,244,x,245,0.00390625,488281.25,0.99977916,0.99977916,True
9B,256,0.0,1,245,x,246,0.00390625,488281.25,0.99977386,0.99977386,True
9B,256,0.0,1,246,x,247,0.00390625,488281.25,0.999727,0.999727,True
9B,256,0.0,1,247,x,248,0.00390625,488281.25,0.99978715,0.99978715,True
9B,256,0.0,1,248,x,249,0.00390625,488281.25,0.999768,0.999768,True
9B,256,0.0,1,249,x,250,0.00390625,488281.25,0.99979067,0.99979067,True
9B,256,0.0,1,250,x,251,0.00390625,488281.25,0.9997854,0.9997854,True
9B,256,0.0,1,251,x,252,0.00390625,488281.25,0.9997666,0.9997666,True
9B,256,0.0,1,252,x,253,0.00390625,488281.25,0.9997724,0.9997724,True
9B,256,0.0,1,253,x,254,0.00390625,488281.25,0.99977195,0.99977195,True
9B,256,0.0,1,254,x,255,0.00390625,488281.25,0.9997509,0.9997509,True
9B,256,0.0,1,255,x,256,0.00390625,488281.25,0.9997679,0.9997679,True
9B,256,0.0,1,256,y,1,0.00390625,488281.25,0.9997858,0.9997858,True
9B,256,0.0,1,257,y,2,0.00390625,488281.25,0.9997924,0.9997924,True
9B,256,0.0,1,258,y,3,0.00390625,488281.25,0.99981785,0.99981785,True
9B,256,0.0,1,259,y,4,0.00390625,488281.25,0.9997916,0.9997916,True
9B,256,0.0,1,260,y,5,0.00390625,488281.25,0.999784,0.999784,True
9B,256,0.0,1,261,y,6,0.00390625,488281.25,0.9997865,0.9997865,True
9B,256,0.0,1,262,y,7,0.00390625,488281.25,0.9997957,0.9997957,True
9B,256,0.0,1,263,y,8,0.00390625,488281.25,0.9997965,0.9997965,True
9B,256,0.0,1,264,y,9,0.00390625,488281.25,0.9997833,0.9997833,True
9B,256,0.0,1,265,y,10,0.00390625,488281.25,0.99978155,0.99978155,True
9B,256,0.0,1,266,y,11,0.00390625,488281.25,0.9998002,0.9998002,True
9B,256,0.0,1,267,y,12,0.00390625,488281.25,0.9997823,0.9997823,True
9B,256,0.0,1,268,y,13,0.00390625,488281.25,0.9998077,0.9998077,True
9B,256,0.0,1,269,y,14,0.00390625,488281.25,0.99977875,0.99977875,True
9B,256,0.0,1,270,y,15,0.00390625,488281.25,0.9997593,0.9997593,True
9B,256,0.0,1,271,y,16,0.00390625,488281.25,0.99978006,0.99978006,True
9B,256,0.0,1,272,y,17,0.00390625,488281.25,0.7102476,0.16315193,False
9B,256,0.0,1,273,y,18,0.00390625,488281.25,0.9915893,0.9915893,True
9B,256,0.0,1,274,y,19,0.00390625,488281.25,0.9998087,0.9998087,True
9B,256,0.0,1,275,y,20,0.00390625,488281.25,0.9997909,0.9997909,True
9B,256,0.0,1,276,y,21,0.00390625,488281.25,0.99976313,0.99976313,True
9B,256,0.0,1,277,y,22,0.00390625,488281.25,0.99979615,0.99979615,True
9B,256,0.0,1,278,y,23,0.00390625,488281.25,0.99976754,0.99976754,True
9B,256,0.0,1,279,y,24,0.00390625,488281.25,0.99976504,0.99976504,True
9B,256,0.0,1,280,y,25,0.00390625,488281.25,0.7114663,0.03285692,False
9B,256,0.0,1,281,y,26,0.00390625,488281.25,0.9926027,0.9926027,True
9B,256,0.0,1,282,y,27,0.00390625,488281.25,0.70326364,0.007050261,False
9B,256,0.0,1,283,y,28,0.00390625,488281.25,0.99163854,0.99163854,True
9B,256,0.0,1,284,y,29,0.00390625,488281.25,0.9997766,0.9997766,True
9B,256,0.0,1,285,y,30,0.00390625,488281.25,0.99978364,0.99978364,True
9B,256,0.0,1,286,y,31,0.00390625,488281.25,0.99979436,0.9997888,True
9B,256,0.0,1,287,y,32,0.00390625,488281.25,0.99977356,0.99977356,True
9B,256,0.0,1,288,y,33,0.00390625,488281.25,0.9997832,0.9997832,True
9B,256,0.0,1,289,y,34,0.00390625,488281.25,0.99965525,0.99965525,True
9B,256,0.0,1,290,y,35,0.00390625,488281.25,0.99975383,0.99975383,True
9B,256,0.0,1,291,y,36,0.00390625,488281.25,0.9998034,0.9998034,True
9B,256,0.0,1,292,y,37,0.00390625,488281.25,0.9997726,0.9997726,True
9B,256,0.0,1,293,y,38,0.00390625,488281.25,0.99979687,0.99979687,True
9B,256,0.0,1,294,y,39,0.00390625,488281.25,0.99980587,0.99980587,True
9B,256,0.0,1,295,y,40,0.00390625,488281.25,0.9997667,0.9997667,True
9B,256,0.0,1,296,y,41,0.00390625,488281.25,0.9923363,0.9923363,True
9B,256,0.0,1,297,y,42,0.00390625,488281.25,0.7072311,0.7072311,False
9B,256,0.0,1,298,y,43,0.00390625,488281.25,0.9997713,0.9997713,True
9B,256,0.0,1,299,y,44,0.00390625,488281.25,0.9997696,0.9997696,True
9B,256,0.0,1,300,y,45,0.00390625,488281.25,0.99977875,0.99977875,True
9B,256,0.0,1,301,y,46,0.00390625,488281.25,0.999792,0.999792,True
9B,256,0.0,1,302,y,47,0.00390625,488281.25,0.99978614,0.99978614,True
9B,256,0.0,1,303,y,48,0.00390625,488281.25,0.99975,0.99975,True
9B,256,0.0,1,304,y,49,0.00390625,488281.25,0.99977976,0.99977976,True
9B,256,0.0,1,305,y,50,0.00390625,488281.25,0.9997624,0.9997624,True
9B,256,0.0,1,306,y,51,0.00390625,488281.25,0.9997939,0.9997939,True
9B,256,0.0,1,307,y,52,0.00390625,488281.25,0.999783,0.999783,True
9B,256,0.0,1,308,y,53,0.00390625,488281.25,0.9997646,0.9997646,True
9B,256,0.0,1,309,y,54,0.00390625,488281.25,0.9997983,0.9997983,True
9B,256,0.0,1,310,y,55,0.00390625,488281.25,0.99979585,0.99979585,True
9B,256,0.0,1,311,y,56,0.00390625,488281.25,0.99978566,0.99978566,True
9B,256,0.0,1,312,y,57,0.00390625,488281.25,0.9938306,0.9938306,True
9B,256,0.0,1,313,y,58,0.00390625,488281.25,0.7072319,0.7072319,False
9B,256,0.0,1,314,y,59,0.00390625,488281.25,0.9997549,0.9997549,True
9B,256,0.0,1,315,y,60,0.00390625,488281.25,0.99977964,0.99977964,True
9B,256,0.0,1,316,y,61,0.00390625,488281.25,0.99980974,0.99980974,True
9B,256,0.0,1,317,y,62,0.00390625,488281.25,0.9997852,0.9997852,True
9B,256,0.0,1,318,y,63,0.00390625,488281.25,0.9997765,0.9997765,True
9B,256,0.0,1,319,y,64,0.00390625,488281.25,0.9997715,0.9997715,True
9B,256,0.0,1,320,y,65,0.00390625,488281.25,0.99976605,0.99976605,True
9B,256,0.0,1,321,y,66,0.00390625,488281.25,0.99979067,0.99979067,True
9B,256,0.0,1,322,y,67,0.00390625,488281.25,0.993459,0.993459,True
9B,256,0.0,1,323,y,68,0.00390625,488281.25,0.70946413,0.70946413,False
9B,256,0.0,1,324,y,69,0.00390625,488281.25,0.7075436,0.049635425,False
9B,256,0.0,1,325,y,70,0.00390625,488281.25,0.9917166,0.9917166,True
9B,256,0.0,1,326,y,71,0.00390625,488281.25,0.99977684,0.99977684,True
9B,256,0.0,1,327,y,72,0.00390625,488281.25,0.9998008,0.9998008,True
9B,256,0.0,1,328,y,73,0.00390625,488281.25,0.9998118,0.9998118,True
9B,256,0.0,1,329,y,74,0.00390625,488281.25,0.9997694,0.9997694,True
9B,256,0.0,1,330,y,75,0.00390625,488281.25,0.99975145,0.99975145,True
9B,256,0.0,1,331,y,76,0.00390625,488281.25,0.99979854,0.99979854,True
9B,256,0.0,1,332,y,77,0.00390625,488281.25,0.9997928,0.9997928,True
9B,256,0.0,1,333,y,78,0.00390625,488281.25,0.99976593,0.99976593,True
9B,256,0.0,1,334,y,79,0.00390625,488281.25,0.7057769,0.7057769,False
9B,256,0.0,1,335,y,80,0.00390625,488281.25,0.9927641,0.9927641,True
9B,256,0.0,1,336,y,81,0.00390625,488281.25,0.9997713,0.9997713,True
9B,256,0.0,1,337,y,82,0.00390625,488281.25,0.99977577,0.99977577,True
9B,256,0.0,1,338,y,83,0.00390625,488281.25,0.7198874,0.084596224,False
9B,256,0.0,1,339,y,84,0.00390625,488281.25,0.99368185,0.99368185,True
9B,256,0.0,1,340,y,85,0.00390625,488281.25,0.99976385,0.99976385,True
9B,256,0.0,1,341,y,86,0.00390625,488281.25,0.9997847,0.9997847,True
9B,256,0.0,1,342,y,87,0.00390625,488281.25,0.7069531,0.074157864,False
9B,256,0.0,1,343,y,88,0.00390625,488281.25,0.992668,0.992668,True
9B,256,0.0,1,344,y,89,0.00390625,488281.25,0.999801,0.999801,True
9B,256,0.0,1,345,y,90,0.00390625,488281.25,0.99973106,0.99973106,True
9B,256,0.0,1,346,y,91,0.00390625,488281.25,0.9997952,0.9997952,True
9B,256,0.0,1,347,y,92,0.00390625,488281.25,0.9997645,0.9997645,True
9B,256,0.0,1,348,y,93,0.00390625,488281.25,0.9936104,0.9936104,True
9B,256,0.0,1,349,y,94,0.00390625,488281.25,0.70791566,0.70791566,False
9B,256,0.0,1,350,y,95,0.00390625,488281.25,0.9934523,0.9934523,True
9B,256,0.0,1,351,y,96,0.00390625,488281.25,0.70627034,0.08676579,False
9B,256,0.0,1,352,y,97,0.00390625,488281.25,0.9997927,0.9997927,True
9B,256,0.0,1,353,y,98,0.00390625,488281.25,0.9998101,0.9998101,True
9B,256,0.0,1,354,y,99,0.00390625,488281.25,0.9997914,0.9997914,True
9B,256,0.0,1,355,y,100,0.00390625,488281.25,0.99976677,0.99976677,True
9B,256,0.0,1,356,y,101,0.00390625,488281.25,0.7046554,0.09460891,False
9B,256,0.0,1,357,y,102,0.00390625,488281.25,0.9926387,0.9926387,True
9B,256,0.0,1,358,y,103,0.00390625,488281.25,0.9997956,0.9997956,True
9B,256,0.0,1,359,y,104,0.00390625,488281.25,0.9997935,0.9997935,True
9B,256,0.0,1,360,y,105,0.00390625,488281.25,0.9997959,0.9997959,True
9B,256,0.0,1,361,y,106,0.00390625,488281.25,0.99980754,0.99980754,True
9B,256,0.0,1,362,y,107,0.00390625,488281.25,0.99978673,0.99978673,True
9B,256,0.0,1,363,y,108,0.00390625,488281.25,0.99980736,0.99980736,True
9B,256,0.0,1,364,y,109,0.00390625,488281.25,0.999763,0.999763,True
9B,256,0.0,1,365,y,110,0.00390625,488281.25,0.99977946,0.99977946,True
9B,256,0.0,1,366,y,111,0.00390625,488281.25,0.99974227,0.99974227,True
9B,256,0.0,1,367,y,112,0.00390625,488281.25,0.99978375,0.99978375,True
9B,256,0.0,1,368,y,113,0.00390625,488281.25,0.99978274,0.99978274,True
9B,256,0.0,1,369,y,114,0.00390625,488281.25,0.9997369,0.9997369,True
9B,256,0.0,1,370,y,115,0.00390625,488281.25,0.99975634,0.99975634,True
9B,256,0.0,1,371,y,116,0.00390625,488281.25,0.9997879,0.9997879,True
9B,256,0.0,1,372,y,117,0.00390625,488281.25,0.9997966,0.9997966,True
9B,256,0.0,1,373,y,118,0.00390625,488281.25,0.99979967,0.99979967,True
9B,256,0.0,1,374,y,119,0.00390625,488281.25,0.9997349,0.9997349,True
9B,256,0.0,1,375,y,120,0.00390625,488281.25,0.9997736,0.9997736,True
9B,256,0.0,1,376,y,121,0.00390625,488281.25,0.9997678,0.9997678,True
9B,256,0.0,1,377,y,122,0.00390625,488281.25,0.9997285,0.9997285,True
9B,256,0.0,1,378,y,123,0.00390625,488281.25,0.70839894,0.068264455,False
9B,256,0.0,1,379,y,124,0.00390625,488281.25,0.99277925,0.99277925,True
9B,256,0.0,1,380,y,125,0.00390625,488281.25,0.99974144,0.99974144,True
9B,256,0.0,1,381,y,126,0.00390625,488281.25,0.99979067,0.99979067,True
9B,256,0.0,1,382,y,127,0.00390625,488281.25,0.99980044,0.99980044,True
9B,256,0.0,1,383,y,128,0.00390625,488281.25,0.99980557,0.99980557,True
9B,256,0.0,1,384,y,129,0.00390625,488281.25,0.7077264,0.0086885765,False
9B,256,0.0,1,385,y,130,0.00390625,488281.25,0.99319553,0.99319553,True
9B,256,0.0,1,386,y,131,0.00390625,488281.25,0.9997958,0.9997958,True
9B,256,0.0,1,387,y,132,0.00390625,488281.25,0.9997823,0.99977005,True
9B,256,0.0,1,388,y,133,0.00390625,488281.25,0.9998022,0.9998022,True
9B,256,0.0,1,389,y,134,0.00390625,488281.25,0.9997432,0.9997432,True
9B,256,0.0,1,390,y,135,0.00390625,488281.25,0.99976397,0.99976397,True
9B,256,0.0,1,391,y,136,0.00390625,488281.25,0.99978054,0.99978054,True
9B,256,0.0,1,392,y,137,0.00390625,488281.25,0.9998059,0.9998059,True
9B,256,0.0,1,393,y,138,0.00390625,488281.25,0.9997823,0.9997823,True
9B,256,0.0,1,394,y,139,0.00390625,488281.25,0.99979955,0.99979955,True
9B,256,0.0,1,395,y,140,0.00390625,488281.25,0.99975425,0.99975425,True
9B,256,0.0,1,396,y,141,0.00390625,488281.25,0.9997935,0.9997935,True
9B,256,0.0,1,397,y,142,0.00390625,488281.25,0.9998076,0.9998076,True
9B,256,0.0,1,398,y,143,0.00390625,488281.25,0.9997935,0.9997935,True
9B,256,0.0,1,399,y,144,0.00390625,488281.25,0.99976003,0.99976003,True
9B,256,0.0,1,400,y,145,0.00390625,488281.25,0.99972427,0.99972427,True
9B,256,0.0,1,401,y,146,0.00390625,488281.25,0.9997786,0.9997786,True
9B,256,0.0,1,402,y,147,0.00390625,488281.25,0.9997779,0.9997779,True
9B,256,0.0,1,403,y,148,0.00390625,488281.25,0.99974525,0.99974525,True
9B,256,0.0,1,404,y,149,0.00390625,488281.25,0.99977463,0.99977463,True
9B,256,0.0,1,405,y,150,0.00390625,488281.25,0.9997929,0.9997929,True
9B,256,0.0,1,406,y,151,0.00390625,488281.25,0.9997966,0.9997966,True
9B,256,0.0,1,407,y,152,0.00390625,488281.25,0.9997791,0.9997791,True
9B,256,0.0,1,408,y,153,0.00390625,488281.25,0.9997347,0.9997347,True
9B,256,0.0,1,409,y,154,0.00390625,488281.25,0.9997928,0.9997928,True
9B,256,0.0,1,410,y,155,0.00390625,488281.25,0.3336401,0.010986704,False
9B,256,0.0,1,411,y,156,0.00390625,488281.25,0.99984163,0.99984163,True
9B,256,0.0,1,412,y,157,0.00390625,488281.25,0.9997959,0.9997959,True
9B,256,0.0,1,413,y,158,0.00390625,488281.25,0.9997681,0.9997681,True
9B,256,0.0,1,414,y,159,0.00390625,488281.25,0.9997849,0.9997849,True
9B,256,0.0,1,415,y,160,0.00390625,488281.25,0.9998037,0.9998037,True
9B,256,0.0,1,416,y,161,0.00390625,488281.25,0.9997947,0.9997947,True
9B,256,0.0,1,417,y,162,0.00390625,488281.25,0.9997436,0.9997436,True
9B,256,0.0,1,418,y,163,0.00390625,488281.25,0.6991013,0.00478194,False
9B,256,0.0,1,419,y,164,0.00390625,488281.25,0.99063337,0.99063337,True
9B,256,0.0,1,420,y,165,0.00390625,488281.25,0.99976254,0.99976254,True
9B,256,0.0,1,421,y,166,0.00390625,488281.25,0.99977994,0.99977994,True
9B,256,0.0,1,422,y,167,0.00390625,488281.25,0.7039131,0.7039131,False
9B,256,0.0,1,423,y,168,0.00390625,488281.25,0.993003,0.993003,True
9B,256,0.0,1,424,y,169,0.00390625,488281.25,0.99975544,0.99975544,True
9B,256,0.0,1,425,y,170,0.00390625,488281.25,0.99976957,0.99976957,True
9B,256,0.0,1,426,y,171,0.00390625,488281.25,0.999802,0.999802,True
9B,256,0.0,1,427,y,172,0.00390625,488281.25,0.99978834,0.99978834,True
9B,256,0.0,1,428,y,173,0.00390625,488281.25,0.9934216,0.9934216,True
9B,256,0.0,1,429,y,174,0.00390625,488281.25,0.7069474,0.0013108514,False
9B,256,0.0,1,430,y,175,0.00390625,488281.25,0.999768,0.999768,True
9B,256,0.0,1,431,y,176,0.00390625,488281.25,0.9997287,0.9997287,True
9B,256,0.0,1,432,y,177,0.00390625,488281.25,0.99977064,0.99977064,True
9B,256,0.0,1,433,y,178,0.00390625,488281.25,0.99979866,0.99979866,True
9B,256,0.0,1,434,y,179,0.00390625,488281.25,0.99981093,0.99981093,True
9B,256,0.0,1,435,y,180,0.00390625,488281.25,0.999804,0.999804,True
9B,256,0.0,1,436,y,181,0.00390625,488281.25,0.99977833,0.99977833,True
9B,256,0.0,1,437,y,182,0.00390625,488281.25,0.99979,0.99979,True
9B,256,0.0,1,438,y,183,0.00390625,488281.25,0.99978185,0.99978185,True
9B,256,0.0,1,439,y,184,0.00390625,488281.25,0.99976516,0.99976516,True
9B,256,0.0,1,440,y,185,0.00390625,488281.25,0.9997786,0.9997786,True
9B,256,0.0,1,441,y,186,0.00390625,488281.25,0.9997718,0.9997718,True
9B,256,0.0,1,442,y,187,0.00390625,488281.25,0.9997747,0.9997747,True
9B,256,0.0,1,443,y,188,0.00390625,488281.25,0.99977356,0.99977356,True
9B,256,0.0,1,444,y,189,0.00390625,488281.25,0.9997685,0.9997685,True
9B,256,0.0,1,445,y,190,0.00390625,488281.25,0.9997829,0.9997829,True
9B,256,0.0,1,446,y,191,0.00390625,488281.25,0.9997235,0.9997235,True
9B,256,0.0,1,447,y,192,0.00390625,488281.25,0.99980164,0.99980164,True
9B,256,0.0,1,448,y,193,0.00390625,488281.25,0.99964046,0.99964046,True
9B,256,0.0,1,449,y,194,0.00390625,488281.25,0.9997641,0.9997641,True
9B,256,0.0,1,450,y,195,0.00390625,488281.25,0.9997909,0.9997909,True
9B,256,0.0,1,451,y,196,0.00390625,488281.25,0.99971414,0.99971414,True
9B,256,0.0,1,452,y,197,0.00390625,488281.25,0.9997922,0.9997922,True
9B,256,0.0,1,453,y,198,0.00390625,488281.25,0.9997777,0.9997777,True
9B,256,0.0,1,454,y,199,0.00390625,488281.25,0.9997671,0.9997671,True
9B,256,0.0,1,455,y,200,0.00390625,488281.25,0.99976885,0.99976885,True
9B,256,0.0,1,456,y,201,0.00390625,488281.25,0.9997618,0.9997618,True
9B,256,0.0,1,457,y,202,0.00390625,488281.25,0.99977493,0.99977493,True
9B,256,0.0,1,458,y,203,0.00390625,488281.25,0.70406824,0.004721865,False
9B,256,0.0,1,459,y,204,0.00390625,488281.25,0.9924207,0.9924207,True
9B,256,0.0,1,460,y,205,0.00390625,488281.25,0.99972975,0.99972975,True
9B,256,0.0,1,461,y,206,0.00390625,488281.25,0.9997958,0.9997958,True
9B,256,0.0,1,462,y,207,0.00390625,488281.25,0.9997555,0.9997555,True
9B,256,0.0,1,463,y,208,0.00390625,488281.25,0.99980444,0.99980444,True
9B,256,0.0,1,464,y,209,0.00390625,488281.25,0.9997815,0.9997815,True
9B,256,0.0,1,465,y,210,0.00390625,488281.25,0.99976695,0.99976695,True
9B,256,0.0,1,466,y,211,0.00390625,488281.25,0.9997828,0.9997828,True
9B,256,0.0,1,467,y,212,0.00390625,488281.25,0.9997881,0.9997881,True
9B,256,0.0,1,468,y,213,0.00390625,488281.25,0.7065464,0.032015372,False
9B,256,0.0,1,469,y,214,0.00390625,488281.25,0.9939271,0.9939271,True
9B,256,0.0,1,470,y,215,0.00390625,488281.25,0.99975204,0.99975204,True
9B,256,0.0,1,471,y,216,0.00390625,488281.25,0.99979484,0.99979484,True
9B,256,0.0,1,472,y,217,0.00390625,488281.25,0.9997956,0.9997956,True
9B,256,0.0,1,473,y,218,0.00390625,488281.25,0.99978733,0.99978733,True
9B,256,0.0,1,474,y,219,0.00390625,488281.25,0.9920105,0.9920105,True
9B,256,0.0,1,475,y,220,0.00390625,488281.25,0.71116894,0.71116894,False
9B,256,0.0,1,476,y,221,0.00390625,488281.25,0.9996552,0.9996552,True
9B,256,0.0,1,477,y,222,0.00390625,488281.25,0.9997582,0.9997582,True
9B,256,0.0,1,478,y,223,0.00390625,488281.25,0.99979055,0.99979055,True
9B,256,0.0,1,479,y,224,0.00390625,488281.25,0.9997951,0.9997951,True
9B,256,0.0,1,480,y,225,0.00390625,488281.25,0.9998134,0.9998134,True
9B,256,0.0,1,481,y,226,0.00390625,488281.25,0.9997864,0.9997864,True
9B,256,0.0,1,482,y,227,0.00390625,488281.25,0.99971396,0.99971396,True
9B,256,0.0,1,483,y,228,0.00390625,488281.25,0.99969184,0.99969184,True
9B,256,0.0,1,484,y,229,0.00390625,488281.25,0.6984067,0.039001282,False
9B,256,0.0,1,485,y,230,0.00390625,488281.25,0.9920039,0.9920039,True
9B,256,0.0,1,486,y,231,0.00390625,488281.25,0.9997914,0.9997914,True
9B,256,0.0,1,487,y,232,0.00390625,488281.25,0.9997679,0.9997679,True
9B,256,0.0,1,488,y,233,0.00390625,488281.25,0.99977994,0.99977994,True
9B,256,0.0,1,489,y,234,0.00390625,488281.25,0.99976015,0.99976015,True
9B,256,0.0,1,490,y,235,0.00390625,488281.25,0.99979544,0.99979544,True
9B,256,0.0,1,491,y,236,0.00390625,488281.25,0.9998015,0.9998015,True
9B,256,0.0,1,492,y,237,0.00390625,488281.25,0.69405097,0.69405097,False
9B,256,0.0,1,493,y,238,0.00390625,488281.25,0.9940597,0.9940597,True
9B,256,0.0,1,494,y,239,0.00390625,488281.25,0.99979234,0.99979234,True
9B,256,0.0,1,495,y,240,0.00390625,488281.25,0.9997997,0.9997997,True
9B,256,0.0,1,496,y,241,0.00390625,488281.25,0.9997977,0.9997977,True
9B,256,0.0,1,497,y,242,0.00390625,488281.25,0.999792,0.999792,True
9B,256,0.0,1,498,y,243,0.00390625,488281.25,0.9997716,0.9997716,True
9B,256,0.0,1,499,y,244,0.00390625,488281.25,0.9997785,0.9997785,True
9B,256,0.0,1,500,y,245,0.00390625,488281.25,0.99306464,0.99306464,True
9B,256,0.0,1,501,y,246,0.00390625,488281.25,0.70269066,0.70269066,False
9B,256,0.0,1,502,y,247,0.00390625,488281.25,0.99980235,0.99980235,True
9B,256,0.0,1,503,y,248,0.00390625,488281.25,0.9998012,0.9998012,True
9B,256,0.0,1,504,y,249,0.00390625,488281.25,0.7047101,0.0013770647,False
9B,256,0.0,1,505,y,250,0.00390625,488281.25,0.9931611,0.9931611,True
9B,256,0.0,1,506,y,251,0.00390625,488281.25,0.9997853,0.9997853,True
9B,256,0.0,1,507,y,252,0.00390625,488281.25,0.9997897,0.9997897,True
9B,256,0.0,1,508,y,253,0.00390625,488281.25,0.9997854,0.9997854,True
9B,256,0.0,1,509,y,254,0.00390625,488281.25,0.9997708,0.9997708,True
9B,256,0.0,1,510,y,255,0.00390625,488281.25,0.99975437,0.99975437,True
9B,256,0.0,1,511,y,256,0.00390625,488281.25,0.99976903,0.99976903,True
9B,256,0.0,2,0,x,1,0.00390625,488281.25,0.99974835,0.99974835,True
9B,256,0.0,2,1,x,2,0.00390625,488281.25,0.9997827,0.9997827,True
9B,256,0.0,2,2,x,3,0.00390625,488281.25,0.99975127,0.99975127,True
9B,256,0.0,2,3,x,4,0.00390625,488281.25,0.99979424,0.99979424,True
9B,256,0.0,2,4,x,5,0.00390625,488281.25,0.7212324,0.7212324,False
9B,256,0.0,2,5,x,6,0.00390625,488281.25,0.9944354,0.9944354,True
9B,256,0.0,2,6,x,7,0.00390625,488281.25,0.9903025,0.9903025,True
9B,256,0.0,2,7,x,8,0.00390625,488281.25,0.70199585,0.70199585,False
9B,256,0.0,2,8,x,9,0.00390625,488281.25,0.99978244,0.99978244,True
9B,256,0.0,2,9,x,10,0.00390625,488281.25,0.99970937,0.99970937,True
9B,256,0.0,2,10,x,11,0.00390625,488281.25,0.9997673,0.9997673,True
9B,256,0.0,2,11,x,12,0.00390625,488281.25,0.9997359,0.9997359,True
9B,256,0.0,2,12,x,13,0.00390625,488281.25,0.9997712,0.9997712,True
9B,256,0.0,2,13,x,14,0.00390625,488281.25,0.99977696,0.99977696,True
9B,256,0.0,2,14,x,15,0.00390625,488281.25,0.7144133,0.7144133,False
9B,256,0.0,2,15,x,16,0.00390625,488281.25,0.9935091,0.9935091,True
9B,256,0.0,2,16,x,17,0.00390625,488281.25,0.9997878,0.9997878,True
9B,256,0.0,2,17,x,18,0.00390625,488281.25,0.99978995,0.99978995,True
9B,256,0.0,2,18,x,19,0.00390625,488281.25,0.99978924,0.99978924,True
9B,256,0.0,2,19,x,20,0.00390625,488281.25,0.99976325,0.99976325,True
9B,256,0.0,2,20,x,21,0.00390625,488281.25,0.710479,0.710479,False
9B,256,0.0,2,21,x,22,0.00390625,488281.25,0.9934742,0.9934742,True
9B,256,0.0,2,22,x,23,0.00390625,488281.25,0.9998014,0.9998014,True
9B,256,0.0,2,23,x,24,0.00390625,488281.25,0.9998056,0.9998056,True
9B,256,0.0,2,24,x,25,0.00390625,488281.25,0.99263895,0.99263895,True
9B,256,0.0,2,25,x,26,0.00390625,488281.25,0.7060001,0.7060001,False
9B,256,0.0,2,26,x,27,0.00390625,488281.25,0.9997334,0.9997334,True
9B,256,0.0,2,27,x,28,0.00390625,488281.25,0.9997776,0.9997776,True
9B,256,0.0,2,28,x,29,0.00390625,488281.25,0.9997874,0.9997874,True
9B,256,0.0,2,29,x,30,0.00390625,488281.25,0.99978185,0.99978185,True
9B,256,0.0,2,30,x,31,0.00390625,488281.25,0.99462354,0.99462354,True
9B,256,0.0,2,31,x,32,0.00390625,488281.25,0.6926647,0.0017577186,False
9B,256,0.0,2,32,x,33,0.00390625,488281.25,0.9997741,0.9997741,True
9B,256,0.0,2,33,x,34,0.00390625,488281.25,0.99979806,0.99979806,True
9B,256,0.0,2,34,x,35,0.00390625,488281.25,0.9997347,0.9997347,True
9B,256,0.0,2,35,x,36,0.00390625,488281.25,0.9997754,0.9997754,True
9B,256,0.0,2,36,x,37,0.00390625,488281.25,0.99979985,0.99979985,True
9B,256,0.0,2,37,x,38,0.00390625,488281.25,0.9997959,0.9997959,True
9B,256,0.0,2,38,x,39,0.00390625,488281.25,0.999791,0.999791,True
9B,256,0.0,2,39,x,40,0.00390625,488281.25,0.99978256,0.99978256,True
9B,256,0.0,2,40,x,41,0.00390625,488281.25,0.9997733,0.9997733,True
9B,256,0.0,2,41,x,42,0.00390625,488281.25,0.999769,0.999769,True
9B,256,0.0,2,42,x,43,0.00390625,488281.25,0.9997754,0.9997754,True
9B,256,0.0,2,43,x,44,0.00390625,488281.25,0.9997641,0.9997641,True
9B,256,0.0,2,44,x,45,0.00390625,488281.25,0.9997939,0.9997939,True
9B,256,0.0,2,45,x,46,0.00390625,488281.25,0.99978316,0.99978316,True
9B,256,0.0,2,46,x,47,0.00390625,488281.25,0.9998112,0.9998112,True
9B,256,0.0,2,47,x,48,0.00390625,488281.25,0.99980366,0.99980366,True
9B,256,0.0,2,48,x,49,0.00390625,488281.25,0.708931,0.708931,False
9B,256,0.0,2,49,x,50,0.00390625,488281.25,0.9910897,0.9910897,True
9B,256,0.0,2,50,x,51,0.00390625,488281.25,0.99968684,0.99968684,True
9B,256,0.0,2,51,x,52,0.00390625,488281.25,0.9997816,0.9997816,True
9B,256,0.0,2,52,x,53,0.00390625,488281.25,0.99979675,0.99979675,True
9B,256,0.0,2,53,x,54,0.00390625,488281.25,0.99978065,0.99978065,True
9B,256,0.0,2,54,x,55,0.00390625,488281.25,0.9997787,0.9997787,True
9B,256,0.0,2,55,x,56,0.00390625,488281.25,0.999784,0.999784,True
9B,256,0.0,2,56,x,57,0.00390625,488281.25,0.9997969,0.9997969,True
9B,256,0.0,2,57,x,58,0.00390625,488281.25,0.9997774,0.9997774,True
9B,256,0.0,2,58,x,59,0.00390625,488281.25,0.70528674,0.039816346,False
9B,256,0.0,2,59,x,60,0.00390625,488281.25,0.9913982,0.9913982,True
9B,256,0.0,2,60,x,61,0.00390625,488281.25,0.99975026,0.99975026,True
9B,256,0.0,2,61,x,62,0.00390625,488281.25,0.99976397,0.99976397,True
9B,256,0.0,2,62,x,63,0.00390625,488281.25,0.99972826,0.99972826,True
9B,256,0.0,2,63,x,64,0.00390625,488281.25,0.99980855,0.99980855,True
9B,256,0.0,2,64,x,65,0.00390625,488281.25,0.99980414,0.99980414,True
9B,256,0.0,2,65,x,66,0.00390625,488281.25,0.99979234,0.99979234,True
9B,256,0.0,2,66,x,67,0.00390625,488281.25,0.99978995,0.99978995,True
9B,256,0.0,2,67,x,68,0.00390625,488281.25,0.9997871,0.9997871,True
9B,256,0.0,2,68,x,69,0.00390625,488281.25,0.99978745,0.99978745,True
9B,256,0.0,2,69,x,70,0.00390625,488281.25,0.9997927,0.9997927,True
9B,256,0.0,2,70,x,71,0.00390625,488281.25,0.99975145,0.99975145,True
9B,256,0.0,2,71,x,72,0.00390625,488281.25,0.9997825,0.9997825,True
9B,256,0.0,2,72,x,73,0.00390625,488281.25,0.70846164,0.09649326,False
9B,256,0.0,2,73,x,74,0.00390625,488281.25,0.9921113,0.9921113,True
9B,256,0.0,2,74,x,75,0.00390625,488281.25,0.99967295,0.99967295,True
9B,256,0.0,2,75,x,76,0.00390625,488281.25,0.99978685,0.99978685,True
9B,256,0.0,2,76,x,77,0.00390625,488281.25,0.999779,0.999779,True
9B,256,0.0,2,77,x,78,0.00390625,488281.25,0.999784,0.999784,True
9B,256,0.0,2,78,x,79,0.00390625,488281.25,0.9996921,0.9996921,True
9B,256,0.0,2,79,x,80,0.00390625,488281.25,0.99980366,0.99980366,True
9B,256,0.0,2,80,x,81,0.00390625,488281.25,0.99979484,0.99979484,True
9B,256,0.0,2,81,x,82,0.00390625,488281.25,0.322922,0.010446498,False
9B,256,0.0,2,82,x,83,0.00390625,488281.25,0.9997644,0.9997644,True
9B,256,0.0,2,83,x,84,0.00390625,488281.25,0.9997455,0.9997455,True
9B,256,0.0,2,84,x,85,0.00390625,488281.25,0.9931853,0.9931853,True
9B,256,0.0,2,85,x,86,0.00390625,488281.25,0.7134957,0.07835365,False
9B,256,0.0,2,86,x,87,0.00390625,488281.25,0.9997719,0.9997719,True
9B,256,0.0,2,87,x,88,0.00390625,488281.25,0.99974793,0.99974793,True
9B,256,0.0,2,88,x,89,0.00390625,488281.25,0.9997704,0.9997704,True
9B,256,0.0,2,89,x,90,0.00390625,488281.25,0.9997858,0.9997858,True
9B,256,0.0,2,90,x,91,0.00390625,488281.25,0.9998014,0.9998014,True
9B,256,0.0,2,91,x,92,0.00390625,488281.25,0.9997618,0.9997618,True
9B,256,0.0,2,92,x,93,0.00390625,488281.25,0.99304515,0.99304515,True
9B,256,0.0,2,93,x,94,0.00390625,488281.25,0.6996821,0.009289429,False
9B,256,0.0,2,94,x,95,0.00390625,488281.25,0.9997659,0.9997659,True
9B,256,0.0,2,95,x,96,0.00390625,488281.25,0.9997568,0.9997568,True
9B,256,0.0,2,96,x,97,0.00390625,488281.25,0.99195206,0.99195206,True
9B,256,0.0,2,97,x,98,0.00390625,488281.25,0.70818806,0.70818806,False
9B,256,0.0,2,98,x,99,0.00390625,488281.25,0.9997997,0.9997997,True
9B,256,0.0,2,99,x,100,0.00390625,488281.25,0.9997901,0.9997901,True
9B,256,0.0,2,100,x,101,0.00390625,488281.25,0.99976456,0.99976456,True
9B,256,0.0,2,101,x,102,0.00390625,488281.25,0.9997518,0.9997518,True
9B,256,0.0,2,102,x,103,0.00390625,488281.25,0.9997556,0.9997556,True
9B,256,0.0,2,103,x,104,0.00390625,488281.25,0.99977654,0.99977654,True
9B,256,0.0,2,104,x,105,0.00390625,488281.25,0.99215424,0.99215424,True
9B,256,0.0,2,105,x,106,0.00390625,488281.25,0.7006291,0.7006291,False
9B,256,0.0,2,106,x,107,0.00390625,488281.25,0.70169145,0.0013845786,False
9B,256,0.0,2,107,x,108,0.00390625,488281.25,0.9920794,0.9920794,True
9B,256,0.0,2,108,x,109,0.00390625,488281.25,0.99978936,0.99978936,True
9B,256,0.0,2,109,x,110,0.00390625,488281.25,0.9997393,0.9997393,True
9B,256,0.0,2,110,x,111,0.00390625,488281.25,0.9916088,0.9916088,True
9B,256,0.0,2,111,x,112,0.00390625,488281.25,0.70992565,0.70992565,False
9B,256,0.0,2,112,x,113,0.00390625,488281.25,0.99322677,0.99322677,True
9B,256,0.0,2,113,x,114,0.00390625,488281.25,0.7074865,0.020252168,False
9B,256,0.0,2,114,x,115,0.00390625,488281.25,0.9997001,0.9997001,True
9B,256,0.0,2,115,x,116,0.00390625,488281.25,0.999787,0.999787,True
9B,256,0.0,2,116,x,117,0.00390625,488281.25,0.99975884,0.99975884,True
9B,256,0.0,2,117,x,118,0.00390625,488281.25,0.99974245,0.99974245,True
9B,256,0.0,2,118,x,119,0.00390625,488281.25,0.9997601,0.9997601,True
9B,256,0.0,2,119,x,120,0.00390625,488281.25,0.9997679,0.9997679,True
9B,256,0.0,2,120,x,121,0.00390625,488281.25,0.9997934,0.9997934,True
9B,256,0.0,2,121,x,122,0.00390625,488281.25,0.99979913,0.99979913,True
9B,256,0.0,2,122,x,123,0.00390625,488281.25,0.99980104,0.99980104,True
9B,256,0.0,2,123,x,124,0.00390625,488281.25,0.9998082,0.9998082,True
9B,256,0.0,2,124,x,125,0.00390625,488281.25,0.9908415,0.9908415,True
9B,256,0.0,2,125,x,126,0.00390625,488281.25,0.7164396,0.7164396,False
9B,256,0.0,2,126,x,127,0.00390625,488281.25,0.9937732,0.9937732,True
9B,256,0.0,2,127,x,128,0.00390625,488281.25,0.70608914,0.0016679913,False
9B,256,0.0,2,128,x,129,0.00390625,488281.25,0.9997804,0.9997804,True
9B,256,0.0,2,129,x,130,0.00390625,488281.25,0.99975777,0.99975777,True
9B,256,0.0,2,130,x,131,0.00390625,488281.25,0.9997726,0.9997726,True
9B,256,0.0,2,131,x,132,0.00390625,488281.25,0.99977666,0.99977666,True
9B,256,0.0,2,132,x,133,0.00390625,488281.25,0.99973494,0.99973494,True
9B,256,0.0,2,133,x,134,0.00390625,488281.25,0.99980533,0.99980533,True
9B,256,0.0,2,134,x,135,0.00390625,488281.25,0.9997694,0.9997694,True
9B,256,0.0,2,135,x,136,0.00390625,488281.25,0.99978745,0.99978745,True
9B,256,0.0,2,136,x,137,0.00390625,488281.25,0.9997479,0.9997479,True
9B,256,0.0,2,137,x,138,0.00390625,488281.25,0.99977666,0.99977666,True
9B,256,0.0,2,138,x,139,0.00390625,488281.25,0.7098774,0.7098774,False
9B,256,0.0,2,139,x,140,0.00390625,488281.25,0.9919954,0.9919954,True
9B,256,0.0,2,140,x,141,0.00390625,488281.25,0.99977326,0.99977326,True
9B,256,0.0,2,141,x,142,0.00390625,488281.25,0.9996381,0.9996381,True
9B,256,0.0,2,142,x,143,0.00390625,488281.25,0.705673,0.705673,False
9B,256,0.0,2,143,x,144,0.00390625,488281.25,0.9923116,0.9923116,True
9B,256,0.0,2,144,x,145,0.00390625,488281.25,0.7057196,0.7057196,False
9B,256,0.0,2,145,x,146,0.00390625,488281.25,0.9925723,0.9925723,True
9B,256,0.0,2,146,x,147,0.00390625,488281.25,0.9997591,0.9997591,True
9B,256,0.0,2,147,x,148,0.00390625,488281.25,0.9997675,0.9997675,True
9B,256,0.0,2,148,x,149,0.00390625,488281.25,0.9997922,0.9997922,True
9B,256,0.0,2,149,x,150,0.00390625,488281.25,0.99980664,0.99980664,True
9B,256,0.0,2,150,x,151,0.00390625,488281.25,0.99975395,0.99975395,True
9B,256,0.0,2,151,x,152,0.00390625,488281.25,0.9997765,0.9997765,True
9B,256,0.0,2,152,x,153,0.00390625,488281.25,0.9997722,0.9997722,True
9B,256,0.0,2,153,x,154,0.00390625,488281.25,0.9997841,0.9997841,True
9B,256,0.0,2,154,x,155,0.00390625,488281.25,0.9923147,0.9923147,True
9B,256,0.0,2,155,x,156,0.00390625,488281.25,0.706692,0.706692,False
9B,256,0.0,2,156,x,157,0.00390625,488281.25,0.9997309,0.9997309,True
9B,256,0.0,2,157,x,158,0.00390625,488281.25,0.9997766,0.9997766,True
9B,256,0.0,2,158,x,159,0.00390625,488281.25,0.9998151,0.9998151,True
9B,256,0.0,2,159,x,160,0.00390625,488281.25,0.9997883,0.9997883,True
9B,256,0.0,2,160,x,161,0.00390625,488281.25,0.9997988,0.9997988,True
9B,256,0.0,2,161,x,162,0.00390625,488281.25,0.99979013,0.99979013,True
9B,256,0.0,2,162,x,163,0.00390625,488281.25,0.9997865,0.9997865,True
9B,256,0.0,2,163,x,164,0.00390625,488281.25,0.9997847,0.9997847,True
9B,256,0.0,2,164,x,165,0.00390625,488281.25,0.9997853,0.9997853,True
9B,256,0.0,2,165,x,166,0.00390625,488281.25,0.9997923,0.9997923,True
9B,256,0.0,2,166,x,167,0.00390625,488281.25,0.99976957,0.99976957,True
9B,256,0.0,2,167,x,168,0.00390625,488281.25,0.9997816,0.9997816,True
9B,256,0.0,2,168,x,169,0.00390625,488281.25,0.99971503,0.99971503,True
9B,256,0.0,2,169,x,170,0.00390625,488281.25,0.9997856,0.9997856,True
9B,256,0.0,2,170,x,171,0.00390625,488281.25,0.9997746,0.9997746,True
9B,256,0.0,2,171,x,172,0.00390625,488281.25,0.999797,0.999797,True
9B,256,0.0,2,172,x,173,0.00390625,488281.25,0.9997788,0.9997788,True
9B,256,0.0,2,173,x,174,0.00390625,488281.25,0.99980086,0.99980086,True
9B,256,0.0,2,174,x,175,0.00390625,488281.25,0.9998016,0.9998016,True
9B,256,0.0,2,175,x,176,0.00390625,488281.25,0.9997779,0.9997779,True
9B,256,0.0,2,176,x,177,0.00390625,488281.25,0.9997897,0.9997897,True
9B,256,0.0,2,177,x,178,0.00390625,488281.25,0.9997795,0.9997795,True
9B,256,0.0,2,178,x,179,0.00390625,488281.25,0.9997838,0.9997838,True
9B,256,0.0,2,179,x,180,0.00390625,488281.25,0.99976087,0.99976087,True
9B,256,0.0,2,180,x,181,0.00390625,488281.25,0.99976385,0.99976385,True
9B,256,0.0,2,181,x,182,0.00390625,488281.25,0.9996966,0.9996966,True
9B,256,0.0,2,182,x,183,0.00390625,488281.25,0.99981076,0.99981076,True
9B,256,0.0,2,183,x,184,0.00390625,488281.25,0.999582,0.999582,True
9B,256,0.0,2,184,x,185,0.00390625,488281.25,0.999786,0.999786,True
9B,256,0.0,2,185,x,186,0.00390625,488281.25,0.9998074,0.9998074,True
9B,256,0.0,2,186,x,187,0.00390625,488281.25,0.99980175,0.99980175,True
9B,256,0.0,2,187,x,188,0.00390625,488281.25,0.999809,0.999809,True
9B,256,0.0,2,188,x,189,0.00390625,488281.25,0.9997783,0.9997783,True
9B,256,0.0,2,189,x,190,0.00390625,488281.25,0.9997624,0.9997624,True
9B,256,0.0,2,190,x,191,0.00390625,488281.25,0.99965715,0.99965715,True
9B,256,0.0,2,191,x,192,0.00390625,488281.25,0.9998057,0.9998057,True
9B,256,0.0,2,192,x,193,0.00390625,488281.25,0.99979913,0.99979913,True
9B,256,0.0,2,193,x,194,0.00390625,488281.25,0.99978536,0.99978536,True
9B,256,0.0,2,194,x,195,0.00390625,488281.25,0.99975383,0.99975383,True
9B,256,0.0,2,195,x,196,0.00390625,488281.25,0.99977314,0.99977314,True
9B,256,0.0,2,196,x,197,0.00390625,488281.25,0.9997709,0.9997709,True
9B,256,0.0,2,197,x,198,0.00390625,488281.25,0.99981487,0.99981487,True
9B,256,0.0,2,198,x,199,0.00390625,488281.25,0.99978805,0.99978805,True
9B,256,0.0,2,199,x,200,0.00390625,488281.25,0.9998039,0.9998039,True
9B,256,0.0,2,200,x,201,0.00390625,488281.25,0.99978864,0.99978864,True
9B,256,0.0,2,201,x,202,0.00390625,488281.25,0.99978983,0.99978983,True
9B,256,0.0,2,202,x,203,0.00390625,488281.25,0.9998112,0.9998112,True
9B,256,0.0,2,203,x,204,0.00390625,488281.25,0.9996649,0.9996649,True
9B,256,0.0,2,204,x,205,0.00390625,488281.25,0.99977905,0.99977905,True
9B,256,0.0,2,205,x,206,0.00390625,488281.25,0.9997682,0.9997682,True
9B,256,0.0,2,206,x,207,0.00390625,488281.25,0.9996288,0.9996288,True
9B,256,0.0,2,207,x,208,0.00390625,488281.25,0.99965703,0.99965703,True
9B,256,0.0,2,208,x,209,0.00390625,488281.25,0.99980164,0.99980164,True
9B,256,0.0,2,209,x,210,0.00390625,488281.25,0.9997771,0.9997771,True
9B,256,0.0,2,210,x,211,0.00390625,488281.25,0.99979484,0.99979484,True
9B,256,0.0,2,211,x,212,0.00390625,488281.25,0.99977255,0.99977255,True
9B,256,0.0,2,212,x,213,0.00390625,488281.25,0.99971896,0.99971896,True
9B,256,0.0,2,213,x,214,0.00390625,488281.25,0.99978507,0.99978507,True
9B,256,0.0,2,214,x,215,0.00390625,488281.25,0.9997855,0.9997855,True
9B,256,0.0,2,215,x,216,0.00390625,488281.25,0.9997945,0.9997945,True
9B,256,0.0,2,216,x,217,0.00390625,488281.25,0.9997965,0.9997965,True
9B,256,0.0,2,217,x,218,0.00390625,488281.25,0.99977916,0.99977916,True
9B,256,0.0,2,218,x,219,0.00390625,488281.25,0.9997972,0.9997972,True
9B,256,0.0,2,219,x,220,0.00390625,488281.25,0.99976313,0.99976313,True
9B,256,0.0,2,220,x,221,0.00390625,488281.25,0.7085088,0.06799451,False
9B,256,0.0,2,221,x,222,0.00390625,488281.25,0.99448067,0.99448067,True
9B,256,0.0,2,222,x,223,0.00390625,488281.25,0.9932101,0.9932101,True
9B,256,0.0,2,223,x,224,0.00390625,488281.25,0.7004491,0.016079301,False
9B,256,0.0,2,224,x,225,0.00390625,488281.25,0.9997283,0.9997283,True
9B,256,0.0,2,225,x,226,0.00390625,488281.25,0.9997895,0.9997895,True
9B,256,0.0,2,226,x,227,0.00390625,488281.25,0.9935515,0.9935515,True
9B,256,0.0,2,227,x,228,0.00390625,488281.25,0.7080928,0.7080928,False
9B,256,0.0,2,228,x,229,0.00390625,488281.25,0.99975395,0.99975395,True
9B,256,0.0,2,229,x,230,0.00390625,488281.25,0.9997896,0.9997896,True
9B,256,0.0,2,230,x,231,0.00390625,488281.25,0.9997798,0.9997798,True
9B,256,0.0,2,231,x,232,0.00390625,488281.25,0.9998013,0.9998013,True
9B,256,0.0,2,232,x,233,0.00390625,488281.25,0.99979293,0.99979293,True
9B,256,0.0,2,233,x,234,0.00390625,488281.25,0.999778,0.999778,True
9B,256,0.0,2,234,x,235,0.00390625,488281.25,0.99980426,0.99980426,True
9B,256,0.0,2,235,x,236,0.00390625,488281.25,0.9997928,0.99976933,True
9B,256,0.0,2,236,x,237,0.00390625,488281.25,0.99977815,0.99977815,True
9B,256,0.0,2,237,x,238,0.00390625,488281.25,0.9997655,0.9997655,True
9B,256,0.0,2,238,x,239,0.00390625,488281.25,0.9997941,0.9997941,True
9B,256,0.0,2,239,x,240,0.00390625,488281.25,0.9997295,0.9997295,True
9B,256,0.0,2,240,x,241,0.00390625,488281.25,0.99979603,0.99979603,True
9B,256,0.0,2,241,x,242,0.00390625,488281.25,0.9998003,0.9998003,True
9B,256,0.0,2,242,x,243,0.00390625,488281.25,0.999708,0.999708,True
9B,256,0.0,2,243,x,244,0.00390625,488281.25,0.9998,0.9998,True
9B,256,0.0,2,244,x,245,0.00390625,488281.25,0.99972755,0.99972755,True
9B,256,0.0,2,245,x,246,0.00390625,488281.25,0.9997941,0.9997941,True
9B,256,0.0,2,246,x,247,0.00390625,488281.25,0.9924767,0.9924767,True
9B,256,0.0,2,247,x,248,0.00390625,488281.25,0.7059969,0.0015493967,False
9B,256,0.0,2,248,x,249,0.00390625,488281.25,0.9997748,0.9997748,True
9B,256,0.0,2,249,x,250,0.00390625,488281.25,0.99976575,0.99976575,True
9B,256,0.0,2,250,x,251,0.00390625,488281.25,0.99977225,0.99977225,True
9B,256,0.0,2,251,x,252,0.00390625,488281.25,0.99978626,0.99978626,True
9B,256,0.0,2,252,x,253,0.00390625,488281.25,0.9915551,0.9915551,True
9B,256,0.0,2,253,x,254,0.00390625,488281.25,0.71244323,0.71244323,False
9B,256,0.0,2,254,x,255,0.00390625,488281.25,0.9997742,0.9997742,True
9B,256,0.0,2,255,x,256,0.00390625,488281.25,0.99976265,0.99976265,True
9B,256,0.0,2,256,y,1,0.00390625,488281.25,0.7037046,0.20139787,False
9B,256,0.0,2,257,y,2,0.00390625,488281.25,0.993307,0.993307,True
9B,256,0.0,2,258,y,3,0.00390625,488281.25,0.69460255,0.016964082,False
9B,256,0.0,2,259,y,4,0.00390625,488281.25,0.992293,0.992293,True
9B,256,0.0,2,260,y,5,0.00390625,488281.25,0.9997482,0.9997482,True
9B,256,0.0,2,261,y,6,0.00390625,488281.25,0.99976385,0.99976385,True
9B,256,0.0,2,262,y,7,0.00390625,488281.25,0.9997902,0.9997902,True
9B,256,0.0,2,263,y,8,0.00390625,488281.25,0.99973947,0.99973947,True
9B,256,0.0,2,264,y,9,0.00390625,488281.25,0.9997732,0.9997732,True
9B,256,0.0,2,265,y,10,0.00390625,488281.25,0.9997661,0.9997661,True
9B,256,0.0,2,266,y,11,0.00390625,488281.25,0.9997679,0.9997679,True
9B,256,0.0,2,267,y,12,0.00390625,488281.25,0.9997288,0.9997288,True
9B,256,0.0,2,268,y,13,0.00390625,488281.25,0.99977934,0.99977934,True
9B,256,0.0,2,269,y,14,0.00390625,488281.25,0.9997796,0.9997796,True
9B,256,0.0,2,270,y,15,0.00390625,488281.25,0.9997685,0.9997685,True
9B,256,0.0,2,271,y,16,0.00390625,488281.25,0.9997836,0.9997836,True
9B,256,0.0,2,272,y,17,0.00390625,488281.25,0.7125058,0.7125058,False
9B,256,0.0,2,273,y,18,0.00390625,488281.25,0.9921076,0.9921076,True
9B,256,0.0,2,274,y,19,0.00390625,488281.25,0.71368825,0.71368825,False
9B,256,0.0,2,275,y,20,0.00390625,488281.25,0.9913791,0.9913791,True
9B,256,0.0,2,276,y,21,0.00390625,488281.25,0.9997724,0.9997724,True
9B,256,0.0,2,277,y,22,0.00390625,488281.25,0.99978435,0.99978435,True
9B,256,0.0,2,278,y,23,0.00390625,488281.25,0.99976707,0.99976707,True
9B,256,0.0,2,279,y,24,0.00390625,488281.25,0.99978364,0.99978364,True
9B,256,0.0,2,280,y,25,0.00390625,488281.25,0.99390006,0.99390006,True
9B,256,0.0,2,281,y,26,0.00390625,488281.25,0.70763206,0.04570246,False
9B,256,0.0,2,282,y,27,0.00390625,488281.25,0.9997551,0.9997551,True
9B,256,0.0,2,283,y,28,0.00390625,488281.25,0.9997917,0.9997917,True
9B,256,0.0,2,284,y,29,0.00390625,488281.25,0.9997744,0.9997744,True
9B,256,0.0,2,285,y,30,0.00390625,488281.25,0.99979126,0.99979126,True
9B,256,0.0,2,286,y,31,0.00390625,488281.25,0.99978757,0.99978757,True
9B,256,0.0,2,287,y,32,0.00390625,488281.25,0.9997978,0.9997978,True
9B,256,0.0,2,288,y,33,0.00390625,488281.25,0.99980605,0.99980605,True
9B,256,0.0,2,289,y,34,0.00390625,488281.25,0.99979246,0.99979246,True
9B,256,0.0,2,290,y,35,0.00390625,488281.25,0.9997484,0.9997484,True
9B,256,0.0,2,291,y,36,0.00390625,488281.25,0.99976325,0.99976325,True
9B,256,0.0,2,292,y,37,0.00390625,488281.25,0.9997479,0.9997479,True
9B,256,0.0,2,293,y,38,0.00390625,488281.25,0.99975395,0.99975395,True
9B,256,0.0,2,294,y,39,0.00390625,488281.25,0.9997693,0.9997693,True
9B,256,0.0,2,295,y,40,0.00390625,488281.25,0.99976933,0.99976933,True
9B,256,0.0,2,296,y,41,0.00390625,488281.25,0.9997907,0.9997907,True
9B,256,0.0,2,297,y,42,0.00390625,488281.25,0.99974775,0.99974775,True
9B,256,0.0,2,298,y,43,0.00390625,488281.25,0.70430434,0.049363457,False
9B,256,0.0,2,299,y,44,0.00390625,488281.25,0.9913558,0.9913558,True
9B,256,0.0,2,300,y,45,0.00390625,488281.25,0.9997363,0.9997363,True
9B,256,0.0,2,301,y,46,0.00390625,488281.25,0.99977285,0.99977285,True
9B,256,0.0,2,302,y,47,0.00390625,488281.25,0.99973273,0.99973273,True
9B,256,0.0,2,303,y,48,0.00390625,488281.25,0.99975383,0.99975383,True
9B,256,0.0,2,304,y,49,0.00390625,488281.25,0.99975514,0.99975514,True
9B,256,0.0,2,305,y,50,0.00390625,488281.25,0.9997503,0.9997503,True
9B,256,0.0,2,306,y,51,0.00390625,488281.25,0.99977183,0.99977183,True
9B,256,0.0,2,307,y,52,0.00390625,488281.25,0.99975234,0.99975234,True
9B,256,0.0,2,308,y,53,0.00390625,488281.25,0.9997703,0.9997703,True
9B,256,0.0,2,309,y,54,0.00390625,488281.25,0.9997824,0.9997824,True
9B,256,0.0,2,310,y,55,0.00390625,488281.25,0.99972856,0.99972856,True
9B,256,0.0,2,311,y,56,0.00390625,488281.25,0.9997875,0.9997875,True
9B,256,0.0,2,312,y,57,0.00390625,488281.25,0.99977565,0.99977565,True
9B,256,0.0,2,313,y,58,0.00390625,488281.25,0.99979955,0.99979955,True
9B,256,0.0,2,314,y,59,0.00390625,488281.25,0.9997552,0.9997552,True
9B,256,0.0,2,315,y,60,0.00390625,488281.25,0.999771,0.999771,True
9B,256,0.0,2,316,y,61,0.00390625,488281.25,0.9997703,0.9997703,True
9B,256,0.0,2,317,y,62,0.00390625,488281.25,0.99977255,0.99977255,True
9B,256,0.0,2,318,y,63,0.00390625,488281.25,0.99977946,0.99977946,True
9B,256,0.0,2,319,y,64,0.00390625,488281.25,0.99978673,0.99978673,True
9B,256,0.0,2,320,y,65,0.00390625,488281.25,0.9998005,0.9998005,True
9B,256,0.0,2,321,y,66,0.00390625,488281.25,0.9997738,0.9997738,True
9B,256,0.0,2,322,y,67,0.00390625,488281.25,0.9997785,0.9997785,True
9B,256,0.0,2,323,y,68,0.00390625,488281.25,0.99977267,0.99977267,True
9B,256,0.0,2,324,y,69,0.00390625,488281.25,0.99367297,0.99367297,True
9B,256,0.0,2,325,y,70,0.00390625,488281.25,0.70182884,0.0034211092,False
9B,256,0.0,2,326,y,71,0.00390625,488281.25,0.9997839,0.9997839,True
9B,256,0.0,2,327,y,72,0.00390625,488281.25,0.9997559,0.9997559,True
9B,256,0.0,2,328,y,73,0.00390625,488281.25,0.9997622,0.9997622,True
9B,256,0.0,2,329,y,74,0.00390625,488281.25,0.99977183,0.99977183,True
9B,256,0.0,2,330,y,75,0.00390625,488281.25,0.7123115,0.7123115,False
9B,256,0.0,2,331,y,76,0.00390625,488281.25,0.99251807,0.99251807,True
9B,256,0.0,2,332,y,77,0.00390625,488281.25,0.99355066,0.99355066,True
9B,256,0.0,2,333,y,78,0.00390625,488281.25,0.7089033,0.7089033,False
9B,256,0.0,2,334,y,79,0.00390625,488281.25,0.99974686,0.99974686,True
9B,256,0.0,2,335,y,80,0.00390625,488281.25,0.9997451,0.9997451,True
9B,256,0.0,2,336,y,81,0.00390625,488281.25,0.99976814,0.99976814,True
9B,256,0.0,2,337,y,82,0.00390625,488281.25,0.99977344,0.99977344,True
9B,256,0.0,2,338,y,83,0.00390625,488281.25,0.9929018,0.9929018,True
9B,256,0.0,2,339,y,84,0.00390625,488281.25,0.70854646,0.70854646,False
9B,256,0.0,2,340,y,85,0.00390625,488281.25,0.9997669,0.9997669,True
9B,256,0.0,2,341,y,86,0.00390625,488281.25,0.99978614,0.99978614,True
9B,256,0.0,2,342,y,87,0.00390625,488281.25,0.94641066,0.94641066,True
9B,256,0.0,2,343,y,88,0.00390625,488281.25,0.94711006,0.94711006,True
9B,256,0.0,2,344,y,89,0.00390625,488281.25,0.99970436,0.99970436,True
9B,256,0.0,2,345,y,90,0.00390625,488281.25,0.99979556,0.99979556,True
9B,256,0.0,2,346,y,91,0.00390625,488281.25,0.99975747,0.99975747,True
9B,256,0.0,2,347,y,92,0.00390625,488281.25,0.99975526,0.99975526,True
9B,256,0.0,2,348,y,93,0.00390625,488281.25,0.99976814,0.99976814,True
9B,256,0.0,2,349,y,94,0.00390625,488281.25,0.99978447,0.99978447,True
9B,256,0.0,2,350,y,95,0.00390625,488281.25,0.99973655,0.99973655,True
9B,256,0.0,2,351,y,96,0.00390625,488281.25,0.9997914,0.9997914,True
9B,256,0.0,2,352,y,97,0.00390625,488281.25,0.9997965,0.9997965,True
9B,256,0.0,2,353,y,98,0.00390625,488281.25,0.9997735,0.9997735,True
9B,256,0.0,2,354,y,99,0.00390625,488281.25,0.99976397,0.99976397,True
9B,256,0.0,2,355,y,100,0.00390625,488281.25,0.99977076,0.99977076,True
9B,256,0.0,2,356,y,101,0.00390625,488281.25,0.9997928,0.9997928,True
9B,256,0.0,2,357,y,102,0.00390625,488281.25,0.9997986,0.9997986,True
9B,256,0.0,2,358,y,103,0.00390625,488281.25,0.99975324,0.99975324,True
9B,256,0.0,2,359,y,104,0.00390625,488281.25,0.9997773,0.9997773,True
9B,256,0.0,2,360,y,105,0.00390625,488281.25,0.99968535,0.99968535,True
9B,256,0.0,2,361,y,106,0.00390625,488281.25,0.9997906,0.9997906,True
9B,256,0.0,2,362,y,107,0.00390625,488281.25,0.9997948,0.9997948,True
9B,256,0.0,2,363,y,108,0.00390625,488281.25,0.9997864,0.9997864,True
9B,256,0.0,2,364,y,109,0.00390625,488281.25,0.9997598,0.9997598,True
9B,256,0.0,2,365,y,110,0.00390625,488281.25,0.99974406,0.99974406,True
9B,256,0.0,2,366,y,111,0.00390625,488281.25,0.9997658,0.9997658,True
9B,256,0.0,2,367,y,112,0.00390625,488281.25,0.99977577,0.99977577,True
9B,256,0.0,2,368,y,113,0.00390625,488281.25,0.9997822,0.9997822,True
9B,256,0.0,2,369,y,114,0.00390625,488281.25,0.99977845,0.99977845,True
9B,256,0.0,2,370,y,115,0.00390625,488281.25,0.9997834,0.9997834,True
9B,256,0.0,2,371,y,116,0.00390625,488281.25,0.9997541,0.9997541,True
9B,256,0.0,2,372,y,117,0.00390625,488281.25,0.7042651,0.06737104,False
9B,256,0.0,2,373,y,118,0.00390625,488281.25,0.9924743,0.9924743,True
9B,256,0.0,2,374,y,119,0.00390625,488281.25,0.99974996,0.99974996,True
9B,256,0.0,2,375,y,120,0.00390625,488281.25,0.99978364,0.99978364,True
9B,256,0.0,2,376,y,121,0.00390625,488281.25,0.99971163,0.99971163,True
9B,256,0.0,2,377,y,122,0.00390625,488281.25,0.9997586,0.9997586,True
9B,256,0.0,2,378,y,123,0.00390625,488281.25,0.9997657,0.9997657,True
9B,256,0.0,2,379,y,124,0.00390625,488281.25,0.99976707,0.99976707,True
9B,256,0.0,2,380,y,125,0.00390625,488281.25,0.9997777,0.9997777,True
9B,256,0.0,2,381,y,126,0.00390625,488281.25,0.999797,0.999797,True
9B,256,0.0,2,382,y,127,0.00390625,488281.25,0.9997859,0.9997859,True
9B,256,0.0,2,383,y,128,0.00390625,488281.25,0.9997755,0.9997755,True
9B,256,0.0,2,384,y,129,0.00390625,488281.25,0.712376,0.11067619,False
9B,256,0.0,2,385,y,130,0.00390625,488281.25,0.99431825,0.99431825,True
9B,256,0.0,2,386,y,131,0.00390625,488281.25,0.9997237,0.9997237,True
9B,256,0.0,2,387,y,132,0.00390625,488281.25,0.99978185,0.99978185,True
9B,256,0.0,2,388,y,133,0.00390625,488281.25,0.9997878,0.9997878,True
9B,256,0.0,2,389,y,134,0.00390625,488281.25,0.99976146,0.99976146,True
9B,256,0.0,2,390,y,135,0.00390625,488281.25,0.99978817,0.99978817,True
9B,256,0.0,2,391,y,136,0.00390625,488281.25,0.9997864,0.9997864,True
9B,256,0.0,2,392,y,137,0.00390625,488281.25,0.999773,0.999773,True
9B,256,0.0,2,393,y,138,0.00390625,488281.25,0.99976516,0.99976516,True
9B,256,0.0,2,394,y,139,0.00390625,488281.25,0.999792,0.999792,True
9B,256,0.0,2,395,y,140,0.00390625,488281.25,0.99972,0.99972,True
9B,256,0.0,2,396,y,141,0.00390625,488281.25,0.9997668,0.9997668,True
9B,256,0.0,2,397,y,142,0.00390625,488281.25,0.9998009,0.9998009,True
9B,256,0.0,2,398,y,143,0.00390625,488281.25,0.999766,0.999766,True
9B,256,0.0,2,399,y,144,0.00390625,488281.25,0.9997666,0.9997666,True
9B,256,0.0,2,400,y,145,0.00390625,488281.25,0.99976456,0.99976456,True
9B,256,0.0,2,401,y,146,0.00390625,488281.25,0.9997417,0.9997417,True
9B,256,0.0,2,402,y,147,0.00390625,488281.25,0.71936685,0.71936685,False
9B,256,0.0,2,403,y,148,0.00390625,488281.25,0.9939561,0.9939561,True
9B,256,0.0,2,404,y,149,0.00390625,488281.25,0.9997878,0.9997878,True
9B,256,0.0,2,405,y,150,0.00390625,488281.25,0.99978364,0.99978364,True
9B,256,0.0,2,406,y,151,0.00390625,488281.25,0.7081985,0.052005492,False
9B,256,0.0,2,407,y,152,0.00390625,488281.25,0.9906296,0.9906296,True
9B,256,0.0,2,408,y,153,0.00390625,488281.25,0.999758,0.999758,True
9B,256,0.0,2,409,y,154,0.00390625,488281.25,0.9997906,0.9997906,True
9B,256,0.0,2,410,y,155,0.00390625,488281.25,0.9997666,0.9997666,True
9B,256,0.0,2,411,y,156,0.00390625,488281.25,0.99978536,0.99978536,True
9B,256,0.0,2,412,y,157,0.00390625,488281.25,0.99052596,0.99052596,True
9B,256,0.0,2,413,y,158,0.00390625,488281.25,0.70358944,0.70358944,False
9B,256,0.0,2,414,y,159,0.00390625,488281.25,0.99979174,0.99979174,True
9B,256,0.0,2,415,y,160,0.00390625,488281.25,0.99978995,0.99978995,True
9B,256,0.0,2,416,y,161,0.00390625,488281.25,0.9997887,0.9997887,True
9B,256,0.0,2,417,y,162,0.00390625,488281.25,0.99975145,0.99975145,True
9B,256,0.0,2,418,y,163,0.00390625,488281.25,0.99978304,0.99978304,True
9B,256,0.0,2,419,y,164,0.00390625,488281.25,0.99975896,0.99975896,True
9B,256,0.0,2,420,y,165,0.00390625,488281.25,0.9997429,0.9997429,True
9B,256,0.0,2,421,y,166,0.00390625,488281.25,0.99978256,0.99978256,True
9B,256,0.0,2,422,y,167,0.00390625,488281.25,0.9997872,0.9997872,True
9B,256,0.0,2,423,y,168,0.00390625,488281.25,0.99977654,0.99977654,True
9B,256,0.0,2,424,y,169,0.00390625,488281.25,0.99975336,0.99975336,True
9B,256,0.0,2,425,y,170,0.00390625,488281.25,0.99978185,0.99978185,True
9B,256,0.0,2,426,y,171,0.00390625,488281.25,0.999796,0.999796,True
9B,256,0.0,2,427,y,172,0.00390625,488281.25,0.9997765,0.9997765,True
9B,256,0.0,2,428,y,173,0.00390625,488281.25,0.9997723,0.9997723,True
9B,256,0.0,2,429,y,174,0.00390625,488281.25,0.9997692,0.9997692,True
9B,256,0.0,2,430,y,175,0.00390625,488281.25,0.99977833,0.99977833,True
9B,256,0.0,2,431,y,176,0.00390625,488281.25,0.9997859,0.9997859,True
9B,256,0.0,2,432,y,177,0.00390625,488281.25,0.99976456,0.99976456,True
9B,256,0.0,2,433,y,178,0.00390625,488281.25,0.99976957,0.99976957,True
9B,256,0.0,2,434,y,179,0.00390625,488281.25,0.9997916,0.9997916,True
9B,256,0.0,2,435,y,180,0.00390625,488281.25,0.9997832,0.9997832,True
9B,256,0.0,2,436,y,181,0.00390625,488281.25,0.9997699,0.9997699,True
9B,256,0.0,2,437,y,182,0.00390625,488281.25,0.99975187,0.99975187,True
9B,256,0.0,2,438,y,183,0.00390625,488281.25,0.99977195,0.99977195,True
9B,256,0.0,2,439,y,184,0.00390625,488281.25,0.9997419,0.9997419,True
9B,256,0.0,2,440,y,185,0.00390625,488281.25,0.9997262,0.9997262,True
9B,256,0.0,2,441,y,186,0.00390625,488281.25,0.99978775,0.99978775,True
9B,256,0.0,2,442,y,187,0.00390625,488281.25,0.99974275,0.99974275,True
9B,256,0.0,2,443,y,188,0.00390625,488281.25,0.9997369,0.9997369,True
9B,256,0.0,2,444,y,189,0.00390625,488281.25,0.9997787,0.9997787,True
9B,256,0.0,2,445,y,190,0.00390625,488281.25,0.999774,0.999774,True
9B,256,0.0,2,446,y,191,0.00390625,488281.25,0.9997871,0.9997871,True
9B,256,0.0,2,447,y,192,0.00390625,488281.25,0.99975765,0.99975765,True
9B,256,0.0,2,448,y,193,0.00390625,488281.25,0.9997411,0.9997411,True
9B,256,0.0,2,449,y,194,0.00390625,488281.25,0.9997704,0.9997704,True
9B,256,0.0,2,450,y,195,0.00390625,488281.25,0.9997803,0.9997803,True
9B,256,0.0,2,451,y,196,0.00390625,488281.25,0.9997195,0.9997195,True
9B,256,0.0,2,452,y,197,0.00390625,488281.25,0.7065385,0.7065385,False
9B,256,0.0,2,453,y,198,0.00390625,488281.25,0.9930593,0.9930593,True
9B,256,0.0,2,454,y,199,0.00390625,488281.25,0.7121669,0.030597117,False
9B,256,0.0,2,455,y,200,0.00390625,488281.25,0.99240685,0.99240685,True
9B,256,0.0,2,456,y,201,0.00390625,488281.25,0.9997443,0.9997443,True
9B,256,0.0,2,457,y,202,0.00390625,488281.25,0.99977803,0.99977803,True
9B,256,0.0,2,458,y,203,0.00390625,488281.25,0.99977803,0.99977803,True
9B,256,0.0,2,459,y,204,0.00390625,488281.25,0.99976707,0.99976707,True
9B,256,0.0,2,460,y,205,0.00390625,488281.25,0.99976885,0.99976885,True
9B,256,0.0,2,461,y,206,0.00390625,488281.25,0.99978685,0.99978685,True
9B,256,0.0,2,462,y,207,0.00390625,488281.25,0.9997574,0.9997574,True
9B,256,0.0,2,463,y,208,0.00390625,488281.25,0.9997428,0.9997428,True
9B,256,0.0,2,464,y,209,0.00390625,488281.25,0.9997917,0.9997917,True
9B,256,0.0,2,465,y,210,0.00390625,488281.25,0.9997573,0.9997573,True
9B,256,0.0,2,466,y,211,0.00390625,488281.25,0.99976134,0.99976134,True
9B,256,0.0,2,467,y,212,0.00390625,488281.25,0.99976623,0.99976623,True
9B,256,0.0,2,468,y,213,0.00390625,488281.25,0.9997623,0.9997623,True
9B,256,0.0,2,469,y,214,0.00390625,488281.25,0.9997816,0.9997816,True
9B,256,0.0,2,470,y,215,0.00390625,488281.25,0.9997443,0.9997443,True
9B,256,0.0,2,471,y,216,0.00390625,488281.25,0.99978614,0.99978614,True
9B,256,0.0,2,472,y,217,0.00390625,488281.25,0.9997663,0.9997663,True
9B,256,0.0,2,473,y,218,0.00390625,488281.25,0.99977076,0.99977076,True
9B,256,0.0,2,474,y,219,0.00390625,488281.25,0.99329543,0.99329543,True
9B,256,0.0,2,475,y,220,0.00390625,488281.25,0.71056736,0.07191353,False
9B,256,0.0,2,476,y,221,0.00390625,488281.25,0.9997682,0.9997682,True
9B,256,0.0,2,477,y,222,0.00390625,488281.25,0.9997864,0.9997864,True
9B,256,0.0,2,478,y,223,0.00390625,488281.25,0.9922847,0.9922847,True
9B,256,0.0,2,479,y,224,0.00390625,488281.25,0.70175666,0.70175666,False
9B,256,0.0,2,480,y,225,0.00390625,488281.25,0.7016364,0.16337776,False
9B,256,0.0,2,481,y,226,0.00390625,488281.25,0.9934187,0.9934187,True
9B,256,0.0,2,482,y,227,0.00390625,488281.25,0.9997844,0.9997844,True
9B,256,0.0,2,483,y,228,0.00390625,488281.25,0.99975145,0.99975145,True
9B,256,0.0,2,484,y,229,0.00390625,488281.25,0.9997531,0.9997531,True
9B,256,0.0,2,485,y,230,0.00390625,488281.25,0.99977183,0.99977183,True
9B,256,0.0,2,486,y,231,0.00390625,488281.25,0.999771,0.999771,True
9B,256,0.0,2,487,y,232,0.00390625,488281.25,0.9997734,0.9997734,True
9B,256,0.0,2,488,y,233,0.00390625,488281.25,0.99968195,0.99968195,True
9B,256,0.0,2,489,y,234,0.00390625,488281.25,0.99975014,0.99975014,True
9B,256,0.0,2,490,y,235,0.00390625,488281.25,0.9997691,0.9997691,True
9B,256,0.0,2,491,y,236,0.00390625,488281.25,0.9997639,0.9997639,True
9B,256,0.0,2,492,y,237,0.00390625,488281.25,0.9997816,0.9997816,True
9B,256,0.0,2,493,y,238,0.00390625,488281.25,0.99978614,0.99978614,True
9B,256,0.0,2,494,y,239,0.00390625,488281.25,0.9997871,0.9997871,True
9B,256,0.0,2,495,y,240,0.00390625,488281.25,0.99978435,0.99978435,True
9B,256,0.0,2,496,y,241,0.00390625,488281.25,0.9998026,0.9998026,True
9B,256,0.0,2,497,y,242,0.00390625,488281.25,0.99978095,0.99978095,True
9B,256,0.0,2,498,y,243,0.00390625,488281.25,0.9998033,0.9998033,True
9B,256,0.0,2,499,y,244,0.00390625,488281.25,0.9997885,0.9997885,True
9B,256,0.0,2,500,y,245,0.00390625,488281.25,0.9997679,0.9997679,True
9B,256,0.0,2,501,y,246,0.00390625,488281.25,0.9997438,0.9997438,True
9B,256,0.0,2,502,y,247,0.00390625,488281.25,0.99096197,0.99096197,True
9B,256,0.0,2,503,y,248,0.00390625,488281.25,0.70525527,0.03183044,False
9B,256,0.0,2,504,y,249,0.00390625,488281.25,0.6976296,0.0038222782,False
9B,256,0.0,2,505,y,250,0.00390625,488281.25,0.99207056,0.99207056,True
9B,256,0.0,2,506,y,251,0.00390625,488281.25,0.99972844,0.99972844,True
9B,256,0.0,2,507,y,252,0.00390625,488281.25,0.9997705,0.9997705,True
9B,256,0.0,2,508,y,253,0.00390625,488281.25,0.9935134,0.9935134,True
9B,256,0.0,2,509,y,254,0.00390625,488281.25,0.70563304,0.101968825,False
9B,256,0.0,2,510,y,255,0.00390625,488281.25,0.9997519,0.9997519,True
9B,256,0.0,2,511,y,256,0.00390625,488281.25,0.9997741,0.9997741,True
9B,256,0.0,3,0,x,1,0.00390625,488281.25,0.9997924,0.9997924,True
9B,256,0.0,3,1,x,2,0.00390625,488281.25,0.9997723,0.9997723,True
9B,256,0.0,3,2,x,3,0.00390625,488281.25,0.99979997,0.99979997,True
9B,256,0.0,3,3,x,4,0.00390625,488281.25,0.99977744,0.99977744,True
9B,256,0.0,3,4,x,5,0.00390625,488281.25,0.9997769,0.9997769,True
9B,256,0.0,3,5,x,6,0.00390625,488281.25,0.9997498,0.9997498,True
9B,256,0.0,3,6,x,7,0.00390625,488281.25,0.99978197,0.99978197,True
9B,256,0.0,3,7,x,8,0.00390625,488281.25,0.99980056,0.99980056,True
9B,256,0.0,3,8,x,9,0.00390625,488281.25,0.9997624,0.9997624,True
9B,256,0.0,3,9,x,10,0.00390625,488281.25,0.99978477,0.99978477,True
9B,256,0.0,3,10,x,11,0.00390625,488281.25,0.70684993,0.052226927,False
9B,256,0.0,3,11,x,12,0.00390625,488281.25,0.9932872,0.9932872,True
9B,256,0.0,3,12,x,13,0.00390625,488281.25,0.99978524,0.99978524,True
9B,256,0.0,3,13,x,14,0.00390625,488281.25,0.9997659,0.9997659,True
9B,256,0.0,3,14,x,15,0.00390625,488281.25,0.99977934,0.99977934,True
9B,256,0.0,3,15,x,16,0.00390625,488281.25,0.9997955,0.9997955,True
9B,256,0.0,3,16,x,17,0.00390625,488281.25,0.9997686,0.9997686,True
9B,256,0.0,3,17,x,18,0.00390625,488281.25,0.9997652,0.9997652,True
9B,256,0.0,3,18,x,19,0.00390625,488281.25,0.7137413,0.7137413,False
9B,256,0.0,3,19,x,20,0.00390625,488281.25,0.9932157,0.9932157,True
9B,256,0.0,3,20,x,21,0.00390625,488281.25,0.9997788,0.9997788,True
9B,256,0.0,3,21,x,22,0.00390625,488281.25,0.9998038,0.9998038,True
9B,256,0.0,3,22,x,23,0.00390625,488281.25,0.99980223,0.99980223,True
9B,256,0.0,3,23,x,24,0.00390625,488281.25,0.9997759,0.9997759,True
9B,256,0.0,3,24,x,25,0.00390625,488281.25,0.99978375,0.99978375,True
9B,256,0.0,3,25,x,26,0.00390625,488281.25,0.99980044,0.99980044,True
9B,256,0.0,3,26,x,27,0.00390625,488281.25,0.99976575,0.99976575,True
9B,256,0.0,3,27,x,28,0.00390625,488281.25,0.9997798,0.9997798,True
9B,256,0.0,3,28,x,29,0.00390625,488281.25,0.99169326,0.99169326,True
9B,256,0.0,3,29,x,30,0.00390625,488281.25,0.70675254,0.070243314,False
9B,256,0.0,3,30,x,31,0.00390625,488281.25,0.72106063,0.72106063,False
9B,256,0.0,3,31,x,32,0.00390625,488281.25,0.9914423,0.9914423,True
9B,256,0.0,3,32,x,33,0.00390625,488281.25,0.99980235,0.99980235,True
9B,256,0.0,3,33,x,34,0.00390625,488281.25,0.9997745,0.9997745,True
9B,256,0.0,3,34,x,35,0.00390625,488281.25,0.9997951,0.9997951,True
9B,256,0.0,3,35,x,36,0.00390625,488281.25,0.9997841,0.9997841,True
9B,256,0.0,3,36,x,37,0.00390625,488281.25,0.9997902,0.9997902,True
9B,256,0.0,3,37,x,38,0.00390625,488281.25,0.9997993,0.9997993,True
9B,256,0.0,3,38,x,39,0.00390625,488281.25,0.9997276,0.9997276,True
9B,256,0.0,3,39,x,40,0.00390625,488281.25,0.99976325,0.99976325,True
9B,256,0.0,3,40,x,41,0.00390625,488281.25,0.9997786,0.9997786,True
9B,256,0.0,3,41,x,42,0.00390625,488281.25,0.99979234,0.99979234,True
9B,256,0.0,3,42,x,43,0.00390625,488281.25,0.99978924,0.99978924,True
9B,256,0.0,3,43,x,44,0.00390625,488281.25,0.99980545,0.99980545,True
9B,256,0.0,3,44,x,45,0.00390625,488281.25,0.9997884,0.9997884,True
9B,256,0.0,3,45,x,46,0.00390625,488281.25,0.9998023,0.9998023,True
9B,256,0.0,3,46,x,47,0.00390625,488281.25,0.9997947,0.9997947,True
9B,256,0.0,3,47,x,48,0.00390625,488281.25,0.99978733,0.99978733,True
9B,256,0.0,3,48,x,49,0.00390625,488281.25,0.7110808,0.7110808,False
9B,256,0.0,3,49,x,50,0.00390625,488281.25,0.99142814,0.99142814,True
9B,256,0.0,3,50,x,51,0.00390625,488281.25,0.999758,0.999758,True
9B,256,0.0,3,51,x,52,0.00390625,488281.25,0.99980134,0.99980134,True
9B,256,0.0,3,52,x,53,0.00390625,488281.25,0.9997978,0.9997978,True
9B,256,0.0,3,53,x,54,0.00390625,488281.25,0.9998177,0.9998177,True
9B,256,0.0,3,54,x,55,0.00390625,488281.25,0.9997743,0.9997743,True
9B,256,0.0,3,55,x,56,0.00390625,488281.25,0.99975085,0.99975085,True
9B,256,0.0,3,56,x,57,0.00390625,488281.25,0.9998101,0.9998101,True
9B,256,0.0,3,57,x,58,0.00390625,488281.25,0.9997994,0.9997994,True
9B,256,0.0,3,58,x,59,0.00390625,488281.25,0.99979234,0.99979234,True
9B,256,0.0,3,59,x,60,0.00390625,488281.25,0.99977505,0.99977505,True
9B,256,0.0,3,60,x,61,0.00390625,488281.25,0.9997225,0.9997225,True
9B,256,0.0,3,61,x,62,0.00390625,488281.25,0.9997889,0.9997889,True
9B,256,0.0,3,62,x,63,0.00390625,488281.25,0.99974203,0.99974203,True
9B,256,0.0,3,63,x,64,0.00390625,488281.25,0.99979204,0.99979204,True
9B,256,0.0,3,64,x,65,0.00390625,488281.25,0.9997939,0.9997939,True
9B,256,0.0,3,65,x,66,0.00390625,488281.25,0.9997942,0.9997942,True
9B,256,0.0,3,66,x,67,0.00390625,488281.25,0.7029754,0.7029754,False
9B,256,0.0,3,67,x,68,0.00390625,488281.25,0.99273515,0.99273515,True
9B,256,0.0,3,68,x,69,0.00390625,488281.25,0.7069297,0.7069297,False
9B,256,0.0,3,69,x,70,0.00390625,488281.25,0.99406695,0.99406695,True
9B,256,0.0,3,70,x,71,0.00390625,488281.25,0.9997964,0.9997964,True
9B,256,0.0,3,71,x,72,0.00390625,488281.25,0.99978864,0.99978864,True
9B,256,0.0,3,72,x,73,0.00390625,488281.25,0.99975824,0.99975824,True
9B,256,0.0,3,73,x,74,0.00390625,488281.25,0.999774,0.999774,True
9B,256,0.0,3,74,x,75,0.00390625,488281.25,0.9998057,0.9998057,True
9B,256,0.0,3,75,x,76,0.00390625,488281.25,0.9997748,0.9997748,True
9B,256,0.0,3,76,x,77,0.00390625,488281.25,0.99981046,0.99981046,True
9B,256,0.0,3,77,x,78,0.00390625,488281.25,0.9997672,0.9997672,True
9B,256,0.0,3,78,x,79,0.00390625,488281.25,0.9997507,0.9997507,True
9B,256,0.0,3,79,x,80,0.00390625,488281.25,0.9997933,0.9997933,True
9B,256,0.0,3,80,x,81,0.00390625,488281.25,0.9997597,0.9997597,True
9B,256,0.0,3,81,x,82,0.00390625,488281.25,0.9997797,0.9997797,True
9B,256,0.0,3,82,x,83,0.00390625,488281.25,0.9997443,0.9997443,True
9B,256,0.0,3,83,x,84,0.00390625,488281.25,0.9997843,0.9997843,True
9B,256,0.0,3,84,x,85,0.00390625,488281.25,0.99979275,0.99979275,True
9B,256,0.0,3,85,x,86,0.00390625,488281.25,0.99977684,0.99977684,True
9B,256,0.0,3,86,x,87,0.00390625,488281.25,0.9997554,0.9997554,True
9B,256,0.0,3,87,x,88,0.00390625,488281.25,0.9997573,0.9997573,True
9B,256,0.0,3,88,x,89,0.00390625,488281.25,0.9946635,0.9946635,True
9B,256,0.0,3,89,x,90,0.00390625,488281.25,0.70371366,0.70371366,False
9B,256,0.0,3,90,x,91,0.00390625,488281.25,0.9997884,0.9997884,True
9B,256,0.0,3,91,x,92,0.00390625,488281.25,0.9997976,0.9997976,True
9B,256,0.0,3,92,x,93,0.00390625,488281.25,0.99980783,0.99980783,True
9B,256,0.0,3,93,x,94,0.00390625,488281.25,0.99976516,0.99976516,True
9B,256,0.0,3,94,x,95,0.00390625,488281.25,0.9997816,0.9997816,True
9B,256,0.0,3,95,x,96,0.00390625,488281.25,0.9998001,0.9998001,True
9B,256,0.0,3,96,x,97,0.00390625,488281.25,0.99980444,0.99980444,True
9B,256,0.0,3,97,x,98,0.00390625,488281.25,0.99979234,0.99979234,True
9B,256,0.0,3,98,x,99,0.00390625,488281.25,0.999773,0.999773,True
9B,256,0.0,3,99,x,100,0.00390625,488281.25,0.9997941,0.9997941,True
9B,256,0.0,3,100,x,101,0.00390625,488281.25,0.99979144,0.99979144,True
9B,256,0.0,3,101,x,102,0.00390625,488281.25,0.99979734,0.99979734,True
9B,256,0.0,3,102,x,103,0.00390625,488281.25,0.9997724,0.9997724,True
9B,256,0.0,3,103,x,104,0.00390625,488281.25,0.99978364,0.99978364,True
9B,256,0.0,3,104,x,105,0.00390625,488281.25,0.9997832,0.9997832,True
9B,256,0.0,3,105,x,106,0.00390625,488281.25,0.9997945,0.9997945,True
9B,256,0.0,3,106,x,107,0.00390625,488281.25,0.99979544,0.99979544,True
9B,256,0.0,3,107,x,108,0.00390625,488281.25,0.99978507,0.99978507,True
9B,256,0.0,3,108,x,109,0.00390625,488281.25,0.99978375,0.99978375,True
9B,256,0.0,3,109,x,110,0.00390625,488281.25,0.99979866,0.99979866,True
9B,256,0.0,3,110,x,111,0.00390625,488281.25,0.9997935,0.9997935,True
9B,256,0.0,3,111,x,112,0.00390625,488281.25,0.99979115,0.99979115,True
9B,256,0.0,3,112,x,113,0.00390625,488281.25,0.99976397,0.99976397,True
9B,256,0.0,3,113,x,114,0.00390625,488281.25,0.9997976,0.9997976,True
9B,256,0.0,3,114,x,115,0.00390625,488281.25,0.9998088,0.9998088,True
9B,256,0.0,3,115,x,116,0.00390625,488281.25,0.9997506,0.9997506,True
9B,256,0.0,3,116,x,117,0.00390625,488281.25,0.99976826,0.99976826,True
9B,256,0.0,3,117,x,118,0.00390625,488281.25,0.9997727,0.9997727,True
9B,256,0.0,3,118,x,119,0.00390625,488281.25,0.9997612,0.9997612,True
9B,256,0.0,3,119,x,120,0.00390625,488281.25,0.9997843,0.9997843,True
9B,256,0.0,3,120,x,121,0.00390625,488281.25,0.99159265,0.99159265,True
9B,256,0.0,3,121,x,122,0.00390625,488281.25,0.7072513,0.030830555,False
9B,256,0.0,3,122,x,123,0.00390625,488281.25,0.99978006,0.99978006,True
9B,256,0.0,3,123,x,124,0.00390625,488281.25,0.9997984,0.9997984,True
9B,256,0.0,3,124,x,125,0.00390625,488281.25,0.9997574,0.9997574,True
9B,256,0.0,3,125,x,126,0.00390625,488281.25,0.9997874,0.9997874,True
9B,256,0.0,3,126,x,127,0.00390625,488281.25,0.9997854,0.9997854,True
9B,256,0.0,3,127,x,128,0.00390625,488281.25,0.99978125,0.99978125,True
9B,256,0.0,3,128,x,129,0.00390625,488281.25,0.9998001,0.9998001,True
9B,256,0.0,3,129,x,130,0.00390625,488281.25,0.9997723,0.9997723,True
9B,256,0.0,3,130,x,131,0.00390625,488281.25,0.9997734,0.9997734,True
9B,256,0.0,3,131,x,132,0.00390625,488281.25,0.99977505,0.99977505,True
9B,256,0.0,3,132,x,133,0.00390625,488281.25,0.9997952,0.9997952,True
9B,256,0.0,3,133,x,134,0.00390625,488281.25,0.9997941,0.9997941,True
9B,256,0.0,3,134,x,135,0.00390625,488281.25,0.94901645,0.94901645,True
9B,256,0.0,3,135,x,136,0.00390625,488281.25,0.9462463,0.9462463,True
9B,256,0.0,3,136,x,137,0.00390625,488281.25,0.9997965,0.9997965,True
9B,256,0.0,3,137,x,138,0.00390625,488281.25,0.9998009,0.9998009,True
9B,256,0.0,3,138,x,139,0.00390625,488281.25,0.9998075,0.9998075,True
9B,256,0.0,3,139,x,140,0.00390625,488281.25,0.9998002,0.9998002,True
9B,256,0.0,3,140,x,141,0.00390625,488281.25,0.99975693,0.99975693,True
9B,256,0.0,3,141,x,142,0.00390625,488281.25,0.9997969,0.9997969,True
9B,256,0.0,3,142,x,143,0.00390625,488281.25,0.9920199,0.9920199,True
9B,256,0.0,3,143,x,144,0.00390625,488281.25,0.69308865,0.004286751,False
9B,256,0.0,3,144,x,145,0.00390625,488281.25,0.9997716,0.9997716,True
9B,256,0.0,3,145,x,146,0.00390625,488281.25,0.999774,0.999774,True
9B,256,0.0,3,146,x,147,0.00390625,488281.25,0.70665556,0.70665556,False
9B,256,0.0,3,147,x,148,0.00390625,488281.25,0.9905946,0.9905946,True
9B,256,0.0,3,148,x,149,0.00390625,488281.25,0.9919745,0.9919745,True
9B,256,0.0,3,149,x,150,0.00390625,488281.25,0.7047477,0.7047477,False
9B,256,0.0,3,150,x,151,0.00390625,488281.25,0.99977624,0.99977624,True
9B,256,0.0,3,151,x,152,0.00390625,488281.25,0.9997468,0.9997468,True
9B,256,0.0,3,152,x,153,0.00390625,488281.25,0.99978125,0.99978125,True
9B,256,0.0,3,153,x,154,0.00390625,488281.25,0.99974954,0.99974954,True
9B,256,0.0,3,154,x,155,0.00390625,488281.25,0.999786,0.999786,True
9B,256,0.0,3,155,x,156,0.00390625,488281.25,0.99979436,0.99979436,True
9B,256,0.0,3,156,x,157,0.00390625,488281.25,0.9928424,0.9928424,True
9B,256,0.0,3,157,x,158,0.00390625,488281.25,0.7123873,0.7123873,False
9B,256,0.0,3,158,x,159,0.00390625,488281.25,0.99979264,0.99979264,True
9B,256,0.0,3,159,x,160,0.00390625,488281.25,0.99979985,0.99979985,True
9B,256,0.0,3,160,x,161,0.00390625,488281.25,0.99302673,0.99302673,True
9B,256,0.0,3,161,x,162,0.00390625,488281.25,0.6969458,0.01783153,False
9B,256,0.0,3,162,x,163,0.00390625,488281.25,0.9998083,0.9998083,True
9B,256,0.0,3,163,x,164,0.00390625,488281.25,0.9998059,0.9998059,True
9B,256,0.0,3,164,x,165,0.00390625,488281.25,0.9997779,0.9997779,True
9B,256,0.0,3,165,x,166,0.00390625,488281.25,0.9997729,0.9997729,True
9B,256,0.0,3,166,x,167,0.00390625,488281.25,0.99979556,0.99979556,True
9B,256,0.0,3,167,x,168,0.00390625,488281.25,0.9997916,0.9997916,True
9B,256,0.0,3,168,x,169,0.00390625,488281.25,0.99166125,0.99166125,True
9B,256,0.0,3,169,x,170,0.00390625,488281.25,0.70037544,0.052231386,False
9B,256,0.0,3,170,x,171,0.00390625,488281.25,0.99977475,0.99977475,True
9B,256,0.0,3,171,x,172,0.00390625,488281.25,0.99980325,0.99980325,True
9B,256,0.0,3,172,x,173,0.00390625,488281.25,0.99976707,0.99976707,True
9B,256,0.0,3,173,x,174,0.00390625,488281.25,0.99978566,0.99978566,True
9B,256,0.0,3,174,x,175,0.00390625,488281.25,0.99979603,0.99979603,True
9B,256,0.0,3,175,x,176,0.00390625,488281.25,0.9997966,0.9997966,True
9B,256,0.0,3,176,x,177,0.00390625,488281.25,0.9998076,0.9998076,True
9B,256,0.0,3,177,x,178,0.00390625,488281.25,0.9998046,0.9998046,True
9B,256,0.0,3,178,x,179,0.00390625,488281.25,0.99979234,0.99979234,True
9B,256,0.0,3,179,x,180,0.00390625,488281.25,0.9997549,0.9997549,True
9B,256,0.0,3,180,x,181,0.00390625,488281.25,0.99976045,0.99976045,True
9B,256,0.0,3,181,x,182,0.00390625,488281.25,0.9998033,0.9998033,True
9B,256,0.0,3,182,x,183,0.00390625,488281.25,0.9997739,0.9997739,True
9B,256,0.0,3,183,x,184,0.00390625,488281.25,0.999774,0.999774,True
9B,256,0.0,3,184,x,185,0.00390625,488281.25,0.71549493,0.71549493,False
9B,256,0.0,3,185,x,186,0.00390625,488281.25,0.99260485,0.99260485,True
9B,256,0.0,3,186,x,187,0.00390625,488281.25,0.9997351,0.9997351,True
9B,256,0.0,3,187,x,188,0.00390625,488281.25,0.99978745,0.99978745,True
9B,256,0.0,3,188,x,189,0.00390625,488281.25,0.999784,0.999784,True
9B,256,0.0,3,189,x,190,0.00390625,488281.25,0.99978995,0.99978995,True
9B,256,0.0,3,190,x,191,0.00390625,488281.25,0.99979573,0.99979454,True
9B,256,0.0,3,191,x,192,0.00390625,488281.25,0.99981254,0.99981254,True
9B,256,0.0,3,192,x,193,0.00390625,488281.25,0.69282913,0.0031620916,False
9B,256,0.0,3,193,x,194,0.00390625,488281.25,0.9915348,0.9915348,True
9B,256,0.0,3,194,x,195,0.00390625,488281.25,0.99978113,0.99978113,True
9B,256,0.0,3,195,x,196,0.00390625,488281.25,0.9997864,0.9997864,True
9B,256,0.0,3,196,x,197,0.00390625,488281.25,0.9997735,0.9997735,True
9B,256,0.0,3,197,x,198,0.00390625,488281.25,0.9998028,0.9998028,True
9B,256,0.0,3,198,x,199,0.00390625,488281.25,0.99979544,0.99979544,True
9B,256,0.0,3,199,x,200,0.00390625,488281.25,0.99977374,0.99977374,True
9B,256,0.0,3,200,x,201,0.00390625,488281.25,0.7032341,0.04542678,False
9B,256,0.0,3,201,x,202,0.00390625,488281.25,0.9914752,0.9914752,True
9B,256,0.0,3,202,x,203,0.00390625,488281.25,0.999719,0.999719,True
9B,256,0.0,3,203,x,204,0.00390625,488281.25,0.999801,0.999801,True
9B,256,0.0,3,204,x,205,0.00390625,488281.25,0.9920403,0.9920403,True
9B,256,0.0,3,205,x,206,0.00390625,488281.25,0.71032447,0.71032447,False
9B,256,0.0,3,206,x,207,0.00390625,488281.25,0.9997864,0.9997864,True
9B,256,0.0,3,207,x,208,0.00390625,488281.25,0.999786,0.999786,True
9B,256,0.0,3,208,x,209,0.00390625,488281.25,0.7038313,0.0013786256,False
9B,256,0.0,3,209,x,210,0.00390625,488281.25,0.99312365,0.99312365,True
9B,256,0.0,3,210,x,211,0.00390625,488281.25,0.9997377,0.9997377,True
9B,256,0.0,3,211,x,212,0.00390625,488281.25,0.99981064,0.99981064,True
9B,256,0.0,3,212,x,213,0.00390625,488281.25,0.999802,0.999802,True
9B,256,0.0,3,213,x,214,0.00390625,488281.25,0.99977505,0.99977505,True
9B,256,0.0,3,214,x,215,0.00390625,488281.25,0.99977994,0.99977994,True
9B,256,0.0,3,215,x,216,0.00390625,488281.25,0.99980485,0.99980485,True
9B,256,0.0,3,216,x,217,0.00390625,488281.25,0.99977434,0.99977434,True
9B,256,0.0,3,217,x,218,0.00390625,488281.25,0.99980354,0.99980354,True
9B,256,0.0,3,218,x,219,0.00390625,488281.25,0.70733094,0.70733094,False
9B,256,0.0,3,219,x,220,0.00390625,488281.25,0.99262834,0.99262834,True
9B,256,0.0,3,220,x,221,0.00390625,488281.25,0.7059674,0.0037276745,False
9B,256,0.0,3,221,x,222,0.00390625,488281.25,0.99345225,0.99345225,True
9B,256,0.0,3,222,x,223,0.00390625,488281.25,0.9997575,0.9997575,True
9B,256,0.0,3,223,x,224,0.00390625,488281.25,0.99978805,0.99978805,True
9B,256,0.0,3,224,x,225,0.00390625,488281.25,0.99977994,0.99977994,True
9B,256,0.0,3,225,x,226,0.00390625,488281.25,0.9997896,0.9997896,True
9B,256,0.0,3,226,x,227,0.00390625,488281.25,0.9997902,0.9997902,True
9B,256,0.0,3,227,x,228,0.00390625,488281.25,0.9997893,0.9997893,True
9B,256,0.0,3,228,x,229,0.00390625,488281.25,0.9931333,0.9931333,True
9B,256,0.0,3,229,x,230,0.00390625,488281.25,0.6985876,0.035420083,False
9B,256,0.0,3,230,x,231,0.00390625,488281.25,0.7032912,0.025965389,False
9B,256,0.0,3,231,x,232,0.00390625,488281.25,0.9934014,0.9934014,True
9B,256,0.0,3,232,x,233,0.00390625,488281.25,0.993572,0.993572,True
9B,256,0.0,3,233,x,234,0.00390625,488281.25,0.71087104,0.71087104,False
9B,256,0.0,3,234,x,235,0.00390625,488281.25,0.9997972,0.9997972,True
9B,256,0.0,3,235,x,236,0.00390625,488281.25,0.99979055,0.99979055,True
9B,256,0.0,3,236,x,237,0.00390625,488281.25,0.9997901,0.9997901,True
9B,256,0.0,3,237,x,238,0.00390625,488281.25,0.9998169,0.9998169,True
9B,256,0.0,3,238,x,239,0.00390625,488281.25,0.7111821,0.050230227,False
9B,256,0.0,3,239,x,240,0.00390625,488281.25,0.9914434,0.9914434,True
9B,256,0.0,3,240,x,241,0.00390625,488281.25,0.9997979,0.9997979,True
9B,256,0.0,3,241,x,242,0.00390625,488281.25,0.99979556,0.99979556,True
9B,256,0.0,3,242,x,243,0.00390625,488281.25,0.9997918,0.9997918,True
9B,256,0.0,3,243,x,244,0.00390625,488281.25,0.9997979,0.9997979,True
9B,256,0.0,3,244,x,245,0.00390625,488281.25,0.99315464,0.99315464,True
9B,256,0.0,3,245,x,246,0.00390625,488281.25,0.7253697,0.7253697,False
9B,256,0.0,3,246,x,247,0.00390625,488281.25,0.999795,0.999795,True
9B,256,0.0,3,247,x,248,0.00390625,488281.25,0.99977636,0.99977636,True
9B,256,0.0,3,248,x,249,0.00390625,488281.25,0.99978316,0.99978316,True
9B,256,0.0,3,249,x,250,0.00390625,488281.25,0.99979854,0.99979854,True
9B,256,0.0,3,250,x,251,0.00390625,488281.25,0.99979156,0.99979156,True
9B,256,0.0,3,251,x,252,0.00390625,488281.25,0.9997227,0.9997227,True
9B,256,0.0,3,252,x,253,0.00390625,488281.25,0.71045387,0.036523048,False
9B,256,0.0,3,253,x,254,0.00390625,488281.25,0.99512434,0.99512434,True
9B,256,0.0,3,254,x,255,0.00390625,488281.25,0.99978405,0.99978405,True
9B,256,0.0,3,255,x,256,0.00390625,488281.25,0.9997914,0.9997914,True
9B,256,0.0,3,256,y,1,0.00390625,488281.25,0.99979186,0.99979186,True
9B,256,0.0,3,257,y,2,0.00390625,488281.25,0.99978566,0.99978566,True
9B,256,0.0,3,258,y,3,0.00390625,488281.25,0.9998027,0.9998027,True
9B,256,0.0,3,259,y,4,0.00390625,488281.25,0.9997798,0.9997798,True
9B,256,0.0,3,260,y,5,0.00390625,488281.25,0.99981105,0.99981105,True
9B,256,0.0,3,261,y,6,0.00390625,488281.25,0.999791,0.999791,True
9B,256,0.0,3,262,y,7,0.00390625,488281.25,0.99978065,0.99978065,True
9B,256,0.0,3,263,y,8,0.00390625,488281.25,0.9998004,0.9998004,True
9B,256,0.0,3,264,y,9,0.00390625,488281.25,0.9997712,0.9997712,True
9B,256,0.0,3,265,y,10,0.00390625,488281.25,0.9998077,0.9998077,True
9B,256,0.0,3,266,y,11,0.00390625,488281.25,0.9997388,0.9997388,True
9B,256,0.0,3,267,y,12,0.00390625,488281.25,0.99979305,0.99979305,True
9B,256,0.0,3,268,y,13,0.00390625,488281.25,0.99978775,0.99978775,True
9B,256,0.0,3,269,y,14,0.00390625,488281.25,0.9998062,0.9998062,True
9B,256,0.0,3,270,y,15,0.00390625,488281.25,0.99977493,0.99977493,True
9B,256,0.0,3,271,y,16,0.00390625,488281.25,0.9997971,0.9997971,True
9B,256,0.0,3,272,y,17,0.00390625,488281.25,0.999795,0.999795,True
9B,256,0.0,3,273,y,18,0.00390625,488281.25,0.9998101,0.9998101,True
9B,256,0.0,3,274,y,19,0.00390625,488281.25,0.9997952,0.9997952,True
9B,256,0.0,3,275,y,20,0.00390625,488281.25,0.99979687,0.99979687,True
9B,256,0.0,3,276,y,21,0.00390625,488281.25,0.99975026,0.99975026,True
9B,256,0.0,3,277,y,22,0.00390625,488281.25,0.99979866,0.99979866,True
9B,256,0.0,3,278,y,23,0.00390625,488281.25,0.9998046,0.9998046,True
9B,256,0.0,3,279,y,24,0.00390625,488281.25,0.9997983,0.9997983,True
9B,256,0.0,3,280,y,25,0.00390625,488281.25,0.99254715,0.99254715,True
9B,256,0.0,3,281,y,26,0.00390625,488281.25,0.7030868,0.0038225204,False
9B,256,0.0,3,282,y,27,0.00390625,488281.25,0.9997782,0.9997782,True
9B,256,0.0,3,283,y,28,0.00390625,488281.25,0.99980384,0.99980384,True
9B,256,0.0,3,284,y,29,0.00390625,488281.25,0.999802,0.999802,True
9B,256,0.0,3,285,y,30,0.00390625,488281.25,0.99980557,0.99980557,True
9B,256,0.0,3,286,y,31,0.00390625,488281.25,0.7098777,0.7098777,False
9B,256,0.0,3,287,y,32,0.00390625,488281.25,0.99332047,0.99332047,True
9B,256,0.0,3,288,y,33,0.00390625,488281.25,0.99978936,0.99978936,True
9B,256,0.0,3,289,y,34,0.00390625,488281.25,0.9997641,0.9997641,True
9B,256,0.0,3,290,y,35,0.00390625,488281.25,0.9997761,0.9997761,True
9B,256,0.0,3,291,y,36,0.00390625,488281.25,0.99981207,0.99981207,True
9B,256,0.0,3,292,y,37,0.00390625,488281.25,0.9997198,0.9997198,True
9B,256,0.0,3,293,y,38,0.00390625,488281.25,0.99979717,0.99979717,True
9B,256,0.0,3,294,y,39,0.00390625,488281.25,0.9998051,0.9998051,True
9B,256,0.0,3,295,y,40,0.00390625,488281.25,0.99979615,0.99979615,True
9B,256,0.0,3,296,y,41,0.00390625,488281.25,0.99980617,0.99980617,True
9B,256,0.0,3,297,y,42,0.00390625,488281.25,0.9997883,0.9997883,True
9B,256,0.0,3,298,y,43,0.00390625,488281.25,0.99977374,0.99977374,True
9B,256,0.0,3,299,y,44,0.00390625,488281.25,0.99980026,0.99980026,True
9B,256,0.0,3,300,y,45,0.00390625,488281.25,0.72083926,0.72083926,False
9B,256,0.0,3,301,y,46,0.00390625,488281.25,0.99189496,0.99189496,True
9B,256,0.0,3,302,y,47,0.00390625,488281.25,0.99968314,0.99968314,True
9B,256,0.0,3,303,y,48,0.00390625,488281.25,0.99976873,0.99976873,True
9B,256,0.0,3,304,y,49,0.00390625,488281.25,0.99979734,0.99979734,True
9B,256,0.0,3,305,y,50,0.00390625,488281.25,0.99979734,0.99979734,True
9B,256,0.0,3,306,y,51,0.00390625,488281.25,0.99978065,0.99978065,True
9B,256,0.0,3,307,y,52,0.00390625,488281.25,0.99978155,0.99978155,True
9B,256,0.0,3,308,y,53,0.00390625,488281.25,0.9997934,0.9997934,True
9B,256,0.0,3,309,y,54,0.00390625,488281.25,0.9998038,0.9998038,True
9B,256,0.0,3,310,y,55,0.00390625,488281.25,0.99978846,0.99978846,True
9B,256,0.0,3,311,y,56,0.00390625,488281.25,0.9997903,0.9997903,True
9B,256,0.0,3,312,y,57,0.00390625,488281.25,0.9997674,0.9997674,True
9B,256,0.0,3,313,y,58,0.00390625,488281.25,0.9998027,0.9998027,True
9B,256,0.0,3,314,y,59,0.00390625,488281.25,0.9997997,0.9997997,True
9B,256,0.0,3,315,y,60,0.00390625,488281.25,0.9998045,0.9998045,True
9B,256,0.0,3,316,y,61,0.00390625,488281.25,0.9929894,0.9929894,True
9B,256,0.0,3,317,y,62,0.00390625,488281.25,0.7171092,0.7171092,False
9B,256,0.0,3,318,y,63,0.00390625,488281.25,0.9997926,0.9997926,True
9B,256,0.0,3,319,y,64,0.00390625,488281.25,0.9997941,0.9997941,True
9B,256,0.0,3,320,y,65,0.00390625,488281.25,0.9997811,0.9997811,True
9B,256,0.0,3,321,y,66,0.00390625,488281.25,0.99975663,0.99975663,True
9B,256,0.0,3,322,y,67,0.00390625,488281.25,0.99978805,0.99978805,True
9B,256,0.0,3,323,y,68,0.00390625,488281.25,0.99979305,0.99979305,True
9B,256,0.0,3,324,y,69,0.00390625,488281.25,0.9997836,0.9997836,True
9B,256,0.0,3,325,y,70,0.00390625,488281.25,0.9997964,0.9997964,True
9B,256,0.0,3,326,y,71,0.00390625,488281.25,0.99979997,0.99979997,True
9B,256,0.0,3,327,y,72,0.00390625,488281.25,0.9997977,0.9997977,True
9B,256,0.0,3,328,y,73,0.00390625,488281.25,0.70000434,0.04848565,False
9B,256,0.0,3,329,y,74,0.00390625,488281.25,0.9934391,0.9934391,True
9B,256,0.0,3,330,y,75,0.00390625,488281.25,0.99972904,0.99972904,True
9B,256,0.0,3,331,y,76,0.00390625,488281.25,0.9998168,0.9998168,True
9B,256,0.0,3,332,y,77,0.00390625,488281.25,0.99332285,0.99332285,True
9B,256,0.0,3,333,y,78,0.00390625,488281.25,0.7042906,0.0012611663,False
9B,256,0.0,3,334,y,79,0.00390625,488281.25,0.99979186,0.99979186,True
9B,256,0.0,3,335,y,80,0.00390625,488281.25,0.9998124,0.9998124,True
9B,256,0.0,3,336,y,81,0.00390625,488281.25,0.9997654,0.9997654,True
9B,256,0.0,3,337,y,82,0.00390625,488281.25,0.9997771,0.9997771,True
9B,256,0.0,3,338,y,83,0.00390625,488281.25,0.9904723,0.9904723,True
9B,256,0.0,3,339,y,84,0.00390625,488281.25,0.7082311,0.7082311,False
9B,256,0.0,3,340,y,85,0.00390625,488281.25,0.99980545,0.99980545,True
9B,256,0.0,3,341,y,86,0.00390625,488281.25,0.9998137,0.9998137,True
9B,256,0.0,3,342,y,87,0.00390625,488281.25,0.9998155,0.9998155,True
9B,256,0.0,3,343,y,88,0.00390625,488281.25,0.9997692,0.9997692,True
9B,256,0.0,3,344,y,89,0.00390625,488281.25,0.9997937,0.9997937,True
9B,256,0.0,3,345,y,90,0.00390625,488281.25,0.9998014,0.9998014,True
9B,256,0.0,3,346,y,91,0.00390625,488281.25,0.99979496,0.99979496,True
9B,256,0.0,3,347,y,92,0.00390625,488281.25,0.99978995,0.99978995,True
9B,256,0.0,3,348,y,93,0.00390625,488281.25,0.9997838,0.9997838,True
9B,256,0.0,3,349,y,94,0.00390625,488281.25,0.99970967,0.99970967,True
9B,256,0.0,3,350,y,95,0.00390625,488281.25,0.9997891,0.9997891,True
9B,256,0.0,3,351,y,96,0.00390625,488281.25,0.99980044,0.99980044,True
9B,256,0.0,3,352,y,97,0.00390625,488281.25,0.9922502,0.9922502,True
9B,256,0.0,3,353,y,98,0.00390625,488281.25,0.709447,0.035798203,False
9B,256,0.0,3,354,y,99,0.00390625,488281.25,0.9998028,0.9998028,True
9B,256,0.0,3,355,y,100,0.00390625,488281.25,0.9997958,0.9997958,True
9B,256,0.0,3,356,y,101,0.00390625,488281.25,0.99980485,0.99980485,True
9B,256,0.0,3,357,y,102,0.00390625,488281.25,0.99971384,0.99971384,True
9B,256,0.0,3,358,y,103,0.00390625,488281.25,0.99976313,0.99976313,True
9B,256,0.0,3,359,y,104,0.00390625,488281.25,0.99978346,0.99978346,True
9B,256,0.0,3,360,y,105,0.00390625,488281.25,0.9922804,0.9922804,True
9B,256,0.0,3,361,y,106,0.00390625,488281.25,0.68834245,0.0036808737,False
9B,256,0.0,3,362,y,107,0.00390625,488281.25,0.9997201,0.9997201,True
9B,256,0.0,3,363,y,108,0.00390625,488281.25,0.9997974,0.9997974,True
9B,256,0.0,3,364,y,109,0.00390625,488281.25,0.9997823,0.9997823,True
9B,256,0.0,3,365,y,110,0.00390625,488281.25,0.99978614,0.99978614,True
9B,256,0.0,3,366,y,111,0.00390625,488281.25,0.99972135,0.99972135,True
9B,256,0.0,3,367,y,112,0.00390625,488281.25,0.9997911,0.9997911,True
9B,256,0.0,3,368,y,113,0.00390625,488281.25,0.99965733,0.99965733,True
9B,256,0.0,3,369,y,114,0.00390625,488281.25,0.99977076,0.99977076,True
9B,256,0.0,3,370,y,115,0.00390625,488281.25,0.999752,0.999752,True
9B,256,0.0,3,371,y,116,0.00390625,488281.25,0.9998176,0.9998176,True
9B,256,0.0,3,372,y,117,0.00390625,488281.25,0.9937216,0.9937216,True
9B,256,0.0,3,373,y,118,0.00390625,488281.25,0.7122765,0.7122765,False
9B,256,0.0,3,374,y,119,0.00390625,488281.25,0.9930024,0.9930024,True
9B,256,0.0,3,375,y,120,0.00390625,488281.25,0.7052027,0.06966841,False
9B,256,0.0,3,376,y,121,0.00390625,488281.25,0.99980056,0.99980056,True
9B,256,0.0,3,377,y,122,0.00390625,488281.25,0.9997369,0.9997369,True
9B,256,0.0,3,378,y,123,0.00390625,488281.25,0.99979126,0.99979126,True
9B,256,0.0,3,379,y,124,0.00390625,488281.25,0.9997357,0.9997357,True
9B,256,0.0,3,380,y,125,0.00390625,488281.25,0.99979746,0.99979746,True
9B,256,0.0,3,381,y,126,0.00390625,488281.25,0.99978745,0.99978745,True
9B,256,0.0,3,382,y,127,0.00390625,488281.25,0.9998268,0.9998268,True
9B,256,0.0,3,383,y,128,0.00390625,488281.25,0.9998051,0.9998051,True
9B,256,0.0,3,384,y,129,0.00390625,488281.25,0.9997215,0.9997215,True
9B,256,0.0,3,385,y,130,0.00390625,488281.25,0.99982333,0.99982333,True
9B,256,0.0,3,386,y,131,0.00390625,488281.25,0.99977684,0.99977684,True
9B,256,0.0,3,387,y,132,0.00390625,488281.25,0.999776,0.99975383,True
9B,256,0.0,3,388,y,133,0.00390625,488281.25,0.99979556,0.99979556,True
9B,256,0.0,3,389,y,134,0.00390625,488281.25,0.9997742,0.9997742,True
9B,256,0.0,3,390,y,135,0.00390625,488281.25,0.99977,0.99977,True
9B,256,0.0,3,391,y,136,0.00390625,488281.25,0.9997908,0.9997908,True
9B,256,0.0,3,392,y,137,0.00390625,488281.25,0.9997944,0.9997944,True
9B,256,0.0,3,393,y,138,0.00390625,488281.25,0.99977803,0.99977803,True
9B,256,0.0,3,394,y,139,0.00390625,488281.25,0.9997922,0.9997922,True
9B,256,0.0,3,395,y,140,0.00390625,488281.25,0.9997643,0.9997643,True
9B,256,0.0,3,396,y,141,0.00390625,488281.25,0.9997798,0.9997798,True
9B,256,0.0,3,397,y,142,0.00390625,488281.25,0.99981225,0.99981225,True
9B,256,0.0,3,398,y,143,0.00390625,488281.25,0.9997773,0.9997773,True
9B,256,0.0,3,399,y,144,0.00390625,488281.25,0.9997909,0.9997909,True
9B,256,0.0,3,400,y,145,0.00390625,488281.25,0.99978876,0.99978876,True
9B,256,0.0,3,401,y,146,0.00390625,488281.25,0.9997902,0.9997902,True
9B,256,0.0,3,402,y,147,0.00390625,488281.25,0.99979424,0.99979424,True
9B,256,0.0,3,403,y,148,0.00390625,488281.25,0.9997746,0.9997746,True
9B,256,0.0,3,404,y,149,0.00390625,488281.25,0.99979615,0.99979615,True
9B,256,0.0,3,405,y,150,0.00390625,488281.25,0.9998089,0.9998089,True
9B,256,0.0,3,406,y,151,0.00390625,488281.25,0.999802,0.999802,True
9B,256,0.0,3,407,y,152,0.00390625,488281.25,0.9998029,0.9998029,True
9B,256,0.0,3,408,y,153,0.00390625,488281.25,0.9997737,0.9997461,True
9B,256,0.0,3,409,y,154,0.00390625,488281.25,0.9998062,0.9998062,True
9B,256,0.0,3,410,y,155,0.00390625,488281.25,0.9997653,0.9997653,True
9B,256,0.0,3,411,y,156,0.00390625,488281.25,0.9997738,0.9997738,True
9B,256,0.0,3,412,y,157,0.00390625,488281.25,0.9998152,0.9998152,True
9B,256,0.0,3,413,y,158,0.00390625,488281.25,0.99975747,0.99975747,True
9B,256,0.0,3,414,y,159,0.00390625,488281.25,0.99980223,0.99980223,True
9B,256,0.0,3,415,y,160,0.00390625,488281.25,0.99975437,0.99975437,True
9B,256,0.0,3,416,y,161,0.00390625,488281.25,0.99977934,0.99977934,True
9B,256,0.0,3,417,y,162,0.00390625,488281.25,0.9997977,0.9997977,True
9B,256,0.0,3,418,y,163,0.00390625,488281.25,0.9998132,0.9998132,True
9B,256,0.0,3,419,y,164,0.00390625,488281.25,0.99979925,0.99979925,True
9B,256,0.0,3,420,y,165,0.00390625,488281.25,0.99246967,0.99246967,True
9B,256,0.0,3,421,y,166,0.00390625,488281.25,0.7018661,0.012567213,False
9B,256,0.0,3,422,y,167,0.00390625,488281.25,0.99978185,0.99978185,True
9B,256,0.0,3,423,y,168,0.00390625,488281.25,0.99975955,0.99975955,True
9B,256,0.0,3,424,y,169,0.00390625,488281.25,0.9997983,0.9997983,True
9B,256,0.0,3,425,y,170,0.00390625,488281.25,0.999758,0.999758,True
9B,256,0.0,3,426,y,171,0.00390625,488281.25,0.70177394,0.003807649,False
9B,256,0.0,3,427,y,172,0.00390625,488281.25,0.99246943,0.99246943,True
9B,256,0.0,3,428,y,173,0.00390625,488281.25,0.7075416,0.0478711,False
9B,256,0.0,3,429,y,174,0.00390625,488281.25,0.99271035,0.99271035,True
9B,256,0.0,3,430,y,175,0.00390625,488281.25,0.99968725,0.99968725,True
9B,256,0.0,3,431,y,176,0.00390625,488281.25,0.999748,0.999748,True
9B,256,0.0,3,432,y,177,0.00390625,488281.25,0.9934777,0.9934777,True
9B,256,0.0,3,433,y,178,0.00390625,488281.25,0.7089747,0.7089747,False
9B,256,0.0,3,434,y,179,0.00390625,488281.25,0.71094,0.71094,False
9B,256,0.0,3,435,y,180,0.00390625,488281.25,0.9904325,0.9904325,True
9B,256,0.0,3,436,y,181,0.00390625,488281.25,0.99977046,0.99977046,True
9B,256,0.0,3,437,y,182,0.00390625,488281.25,0.99980235,0.99980235,True
9B,256,0.0,3,438,y,183,0.00390625,488281.25,0.99975693,0.99975693,True
9B,256,0.0,3,439,y,184,0.00390625,488281.25,0.9997855,0.9997855,True
9B,256,0.0,3,440,y,185,0.00390625,488281.25,0.9998033,0.9998033,True
9B,256,0.0,3,441,y,186,0.00390625,488281.25,0.999792,0.999792,True
9B,256,0.0,3,442,y,187,0.00390625,488281.25,0.99980986,0.99980986,True
9B,256,0.0,3,443,y,188,0.00390625,488281.25,0.99980485,0.99980485,True
9B,256,0.0,3,444,y,189,0.00390625,488281.25,0.9937251,0.9937251,True
9B,256,0.0,3,445,y,190,0.00390625,488281.25,0.7141088,0.7141088,False
9B,256,0.0,3,446,y,191,0.00390625,488281.25,0.99981487,0.99981487,True
9B,256,0.0,3,447,y,192,0.00390625,488281.25,0.9997817,0.9997817,True
9B,256,0.0,3,448,y,193,0.00390625,488281.25,0.99978256,0.99978256,True
9B,256,0.0,3,449,y,194,0.00390625,488281.25,0.99979776,0.99979776,True
9B,256,0.0,3,450,y,195,0.00390625,488281.25,0.9997703,0.9997703,True
9B,256,0.0,3,451,y,196,0.00390625,488281.25,0.9997605,0.9997605,True
9B,256,0.0,3,452,y,197,0.00390625,488281.25,0.9997896,0.9997896,True
9B,256,0.0,3,453,y,198,0.00390625,488281.25,0.99980575,0.99980575,True
9B,256,0.0,3,454,y,199,0.00390625,488281.25,0.9997817,0.9997817,True
9B,256,0.0,3,455,y,200,0.00390625,488281.25,0.99978316,0.99978316,True
9B,256,0.0,3,456,y,201,0.00390625,488281.25,0.99979544,0.99979544,True
9B,256,0.0,3,457,y,202,0.00390625,488281.25,0.99978405,0.99978405,True
9B,256,0.0,3,458,y,203,0.00390625,488281.25,0.9915161,0.9915161,True
9B,256,0.0,3,459,y,204,0.00390625,488281.25,0.70744854,0.70744854,False
9B,256,0.0,3,460,y,205,0.00390625,488281.25,0.9997621,0.9997621,True
9B,256,0.0,3,461,y,206,0.00390625,488281.25,0.9998145,0.9998145,True
9B,256,0.0,3,462,y,207,0.00390625,488281.25,0.9997629,0.9997629,True
9B,256,0.0,3,463,y,208,0.00390625,488281.25,0.9997901,0.9997901,True
9B,256,0.0,3,464,y,209,0.00390625,488281.25,0.9997735,0.9997735,True
9B,256,0.0,3,465,y,210,0.00390625,488281.25,0.99979556,0.99979556,True
9B,256,0.0,3,466,y,211,0.00390625,488281.25,0.9997717,0.9997717,True
9B,256,0.0,3,467,y,212,0.00390625,488281.25,0.9997792,0.9997792,True
9B,256,0.0,3,468,y,213,0.00390625,488281.25,0.9997947,0.9997947,True
9B,256,0.0,3,469,y,214,0.00390625,488281.25,0.99975675,0.99975675,True
9B,256,0.0,3,470,y,215,0.00390625,488281.25,0.99977994,0.99977994,True
9B,256,0.0,3,471,y,216,0.00390625,488281.25,0.9998143,0.9998143,True
9B,256,0.0,3,472,y,217,0.00390625,488281.25,0.9997847,0.9997847,True
9B,256,0.0,3,473,y,218,0.00390625,488281.25,0.9998146,0.9998146,True
9B,256,0.0,3,474,y,219,0.00390625,488281.25,0.9997772,0.9997772,True
9B,256,0.0,3,475,y,220,0.00390625,488281.25,0.9997682,0.9997682,True
9B,256,0.0,3,476,y,221,0.00390625,488281.25,0.9997959,0.9997959,True
9B,256,0.0,3,477,y,222,0.00390625,488281.25,0.99978125,0.99978125,True
9B,256,0.0,3,478,y,223,0.00390625,488281.25,0.9998043,0.9998043,True
9B,256,0.0,3,479,y,224,0.00390625,488281.25,0.99979424,0.99979424,True
9B,256,0.0,3,480,y,225,0.00390625,488281.25,0.99980056,0.99980056,True
9B,256,0.0,3,481,y,226,0.00390625,488281.25,0.9997954,0.9997954,True
9B,256,0.0,3,482,y,227,0.00390625,488281.25,0.9997983,0.9997983,True
9B,256,0.0,3,483,y,228,0.00390625,488281.25,0.99977815,0.99977815,True
9B,256,0.0,3,484,y,229,0.00390625,488281.25,0.9997977,0.9997977,True
9B,256,0.0,3,485,y,230,0.00390625,488281.25,0.99978995,0.99978995,True
9B,256,0.0,3,486,y,231,0.00390625,488281.25,0.99984664,0.99984664,True
9B,256,0.0,3,487,y,232,0.00390625,488281.25,0.3234173,0.03544299,False
9B,256,0.0,3,488,y,233,0.00390625,488281.25,0.9997721,0.9997721,True
9B,256,0.0,3,489,y,234,0.00390625,488281.25,0.99978375,0.99978375,True
9B,256,0.0,3,490,y,235,0.00390625,488281.25,0.99975884,0.99975884,True
9B,256,0.0,3,491,y,236,0.00390625,488281.25,0.9997951,0.9997951,True
9B,256,0.0,3,492,y,237,0.00390625,488281.25,0.99976325,0.99976325,True
9B,256,0.0,3,493,y,238,0.00390625,488281.25,0.9997928,0.9997928,True
9B,256,0.0,3,494,y,239,0.00390625,488281.25,0.9997566,0.9997566,True
9B,256,0.0,3,495,y,240,0.00390625,488281.25,0.99974453,0.99974453,True
9B,256,0.0,3,496,y,241,0.00390625,488281.25,0.999807,0.999807,True
9B,256,0.0,3,497,y,242,0.00390625,488281.25,0.9998032,0.9998032,True
9B,256,0.0,3,498,y,243,0.00390625,488281.25,0.999779,0.999779,True
9B,256,0.0,3,499,y,244,0.00390625,488281.25,0.99979436,0.99979436,True
9B,256,0.0,3,500,y,245,0.00390625,488281.25,0.9997709,0.9997709,True
9B,256,0.0,3,501,y,246,0.00390625,488281.25,0.99978715,0.99978715,True
9B,256,0.0,3,502,y,247,0.00390625,488281.25,0.9998045,0.9998045,True
9B,256,0.0,3,503,y,248,0.00390625,488281.25,0.9997947,0.9997947,True
9B,256,0.0,3,504,y,249,0.00390625,488281.25,0.9997918,0.9997918,True
9B,256,0.0,3,505,y,250,0.00390625,488281.25,0.99979675,0.99979675,True
9B,256,0.0,3,506,y,251,0.00390625,488281.25,0.9998182,0.9998182,True
9B,256,0.0,3,507,y,252,0.00390625,488281.25,0.9998144,0.9998144,True
9B,256,0.0,3,508,y,253,0.00390625,488281.25,0.9998046,0.9998046,True
9B,256,0.0,3,509,y,254,0.00390625,488281.25,0.9996555,0.9996555,True
9B,256,0.0,3,510,y,255,0.00390625,488281.25,0.9997932,0.9997932,True
9B,256,0.0,3,511,y,256,0.00390625,488281.25,0.99974763,0.99974763,True
9B,256,0.0,4,0,x,1,0.00390625,488281.25,0.9998281,0.9998281,True
9B,256,0.0,4,1,x,2,0.00390625,488281.25,0.9997958,0.9997958,True
9B,256,0.0,4,2,x,3,0.00390625,488281.25,0.70308137,0.70308137,False
9B,256,0.0,4,3,x,4,0.00390625,488281.25,0.9906041,0.9906041,True
9B,256,0.0,4,4,x,5,0.00390625,488281.25,0.9998195,0.9998195,True
9B,256,0.0,4,5,x,6,0.00390625,488281.25,0.9998152,0.9998152,True
9B,256,0.0,4,6,x,7,0.00390625,488281.25,0.9915835,0.9915835,True
9B,256,0.0,4,7,x,8,0.00390625,488281.25,0.7065079,0.059513286,False
9B,256,0.0,4,8,x,9,0.00390625,488281.25,0.99980783,0.99980783,True
9B,256,0.0,4,9,x,10,0.00390625,488281.25,0.999835,0.999835,True
9B,256,0.0,4,10,x,11,0.00390625,488281.25,0.99983567,0.99983567,True
9B,256,0.0,4,11,x,12,0.00390625,488281.25,0.99981225,0.99981225,True
9B,256,0.0,4,12,x,13,0.00390625,488281.25,0.9998033,0.9998033,True
9B,256,0.0,4,13,x,14,0.00390625,488281.25,0.9998399,0.9998399,True
9B,256,0.0,4,14,x,15,0.00390625,488281.25,0.99977046,0.99977046,True
9B,256,0.0,4,15,x,16,0.00390625,488281.25,0.99983674,0.99983674,True
9B,256,0.0,4,16,x,17,0.00390625,488281.25,0.9998231,0.9998231,True
9B,256,0.0,4,17,x,18,0.00390625,488281.25,0.9998075,0.9998075,True
9B,256,0.0,4,18,x,19,0.00390625,488281.25,0.9998292,0.9998292,True
9B,256,0.0,4,19,x,20,0.00390625,488281.25,0.9998036,0.9998036,True
9B,256,0.0,4,20,x,21,0.00390625,488281.25,0.9917697,0.9917697,True
9B,256,0.0,4,21,x,22,0.00390625,488281.25,0.710726,0.710726,False
9B,256,0.0,4,22,x,23,0.00390625,488281.25,0.99983865,0.99983865,True
9B,256,0.0,4,23,x,24,0.00390625,488281.25,0.9998425,0.9998425,True
9B,256,0.0,4,24,x,25,0.00390625,488281.25,0.9998378,0.9998378,True
9B,256,0.0,4,25,x,26,0.00390625,488281.25,0.999802,0.999802,True
9B,256,0.0,4,26,x,27,0.00390625,488281.25,0.9998363,0.9998363,True
9B,256,0.0,4,27,x,28,0.00390625,488281.25,0.99981415,0.99981415,True
9B,256,0.0,4,28,x,29,0.00390625,488281.25,0.9998407,0.9998407,True
9B,256,0.0,4,29,x,30,0.00390625,488281.25,0.9997772,0.9997772,True
9B,256,0.0,4,30,x,31,0.00390625,488281.25,0.99980456,0.99980456,True
9B,256,0.0,4,31,x,32,0.00390625,488281.25,0.9998468,0.9998468,True
9B,256,0.0,4,32,x,33,0.00390625,488281.25,0.9998412,0.9998412,True
9B,256,0.0,4,33,x,34,0.00390625,488281.25,0.9998094,0.9998094,True
9B,256,0.0,4,34,x,35,0.00390625,488281.25,0.99983835,0.99983835,True
9B,256,0.0,4,35,x,36,0.00390625,488281.25,0.9998199,0.9998199,True
9B,256,0.0,4,36,x,37,0.00390625,488281.25,0.9998195,0.9998195,True
9B,256,0.0,4,37,x,38,0.00390625,488281.25,0.9998108,0.9998108,True
9B,256,0.0,4,38,x,39,0.00390625,488281.25,0.99980974,0.99980974,True
9B,256,0.0,4,39,x,40,0.00390625,488281.25,0.9997914,0.9997914,True
9B,256,0.0,4,40,x,41,0.00390625,488281.25,0.9997934,0.9997934,True
9B,256,0.0,4,41,x,42,0.00390625,488281.25,0.9998101,0.9998101,True
9B,256,0.0,4,42,x,43,0.00390625,488281.25,0.99979115,0.99979115,True
9B,256,0.0,4,43,x,44,0.00390625,488281.25,0.9998163,0.9998163,True
9B,256,0.0,4,44,x,45,0.00390625,488281.25,0.9923831,0.9923831,True
9B,256,0.0,4,45,x,46,0.00390625,488281.25,0.71083844,0.058259264,False
9B,256,0.0,4,46,x,47,0.00390625,488281.25,0.99979615,0.99979615,True
9B,256,0.0,4,47,x,48,0.00390625,488281.25,0.9998337,0.9998337,True
9B,256,0.0,4,48,x,49,0.00390625,488281.25,0.999827,0.999827,True
9B,256,0.0,4,49,x,50,0.00390625,488281.25,0.9997724,0.9997724,True
9B,256,0.0,4,50,x,51,0.00390625,488281.25,0.99983406,0.99983406,True
9B,256,0.0,4,51,x,52,0.00390625,488281.25,0.99980533,0.99980533,True
9B,256,0.0,4,52,x,53,0.00390625,488281.25,0.99983335,0.99983335,True
9B,256,0.0,4,53,x,54,0.00390625,488281.25,0.99983644,0.99983644,True
9B,256,0.0,4,54,x,55,0.00390625,488281.25,0.9998396,0.9998396,True
9B,256,0.0,4,55,x,56,0.00390625,488281.25,0.99981326,0.99981326,True
9B,256,0.0,4,56,x,57,0.00390625,488281.25,0.6934725,0.029289395,False
9B,256,0.0,4,57,x,58,0.00390625,488281.25,0.98891956,0.98891956,True
9B,256,0.0,4,58,x,59,0.00390625,488281.25,0.7101665,0.7101665,False
9B,256,0.0,4,59,x,60,0.00390625,488281.25,0.99461657,0.99461657,True
9B,256,0.0,4,60,x,61,0.00390625,488281.25,0.99979794,0.99979794,True
9B,256,0.0,4,61,x,62,0.00390625,488281.25,0.9998225,0.9998225,True
9B,256,0.0,4,62,x,63,0.00390625,488281.25,0.99348027,0.99348027,True
9B,256,0.0,4,63,x,64,0.00390625,488281.25,0.70728266,0.030393664,False
9B,256,0.0,4,64,x,65,0.00390625,488281.25,0.9998309,0.9998309,True
9B,256,0.0,4,65,x,66,0.00390625,488281.25,0.9998307,0.9998307,True
9B,256,0.0,4,66,x,67,0.00390625,488281.25,0.9997846,0.9997846,True
9B,256,0.0,4,67,x,68,0.00390625,488281.25,0.9998041,0.9998041,True
9B,256,0.0,4,68,x,69,0.00390625,488281.25,0.9923003,0.9923003,True
9B,256,0.0,4,69,x,70,0.00390625,488281.25,0.7158171,0.7158171,False
9B,256,0.0,4,70,x,71,0.00390625,488281.25,0.9998399,0.9998399,True
9B,256,0.0,4,71,x,72,0.00390625,488281.25,0.99980557,0.99980557,True
9B,256,0.0,4,72,x,73,0.00390625,488281.25,0.99312353,0.99312353,True
9B,256,0.0,4,73,x,74,0.00390625,488281.25,0.7023318,0.037106372,False
9B,256,0.0,4,74,x,75,0.00390625,488281.25,0.9998418,0.9998418,True
9B,256,0.0,4,75,x,76,0.00390625,488281.25,0.99982864,0.99982864,True
9B,256,0.0,4,76,x,77,0.00390625,488281.25,0.99981904,0.9998175,True
9B,256,0.0,4,77,x,78,0.00390625,488281.25,0.9998013,0.9998013,True
9B,256,0.0,4,78,x,79,0.00390625,488281.25,0.9998208,0.9998208,True
9B,256,0.0,4,79,x,80,0.00390625,488281.25,0.99982655,0.99982655,True
9B,256,0.0,4,80,x,81,0.00390625,488281.25,0.71182,0.71182,False
9B,256,0.0,4,81,x,82,0.00390625,488281.25,0.9945255,0.9945255,True
9B,256,0.0,4,82,x,83,0.00390625,488281.25,0.99979055,0.99979055,True
9B,256,0.0,4,83,x,84,0.00390625,488281.25,0.9998146,0.9998146,True
9B,256,0.0,4,84,x,85,0.00390625,488281.25,0.9998205,0.9998205,True
9B,256,0.0,4,85,x,86,0.00390625,488281.25,0.9997715,0.9997715,True
9B,256,0.0,4,86,x,87,0.00390625,488281.25,0.7133994,0.7133994,False
9B,256,0.0,4,87,x,88,0.00390625,488281.25,0.9938491,0.9938491,True
9B,256,0.0,4,88,x,89,0.00390625,488281.25,0.99977803,0.99977803,True
9B,256,0.0,4,89,x,90,0.00390625,488281.25,0.99982595,0.99982595,True
9B,256,0.0,4,90,x,91,0.00390625,488281.25,0.99144566,0.99144566,True
9B,256,0.0,4,91,x,92,0.00390625,488281.25,0.70071983,0.021603,False
9B,256,0.0,4,92,x,93,0.00390625,488281.25,0.9997972,0.9997972,True
9B,256,0.0,4,93,x,94,0.00390625,488281.25,0.9998325,0.9998325,True
9B,256,0.0,4,94,x,95,0.00390625,488281.25,0.99983305,0.99983305,True
9B,256,0.0,4,95,x,96,0.00390625,488281.25,0.99983215,0.99983215,True
9B,256,0.0,4,96,x,97,0.00390625,488281.25,0.99980867,0.99980867,True
9B,256,0.0,4,97,x,98,0.00390625,488281.25,0.9998157,0.9998157,True
9B,256,0.0,4,98,x,99,0.00390625,488281.25,0.9998248,0.9998248,True
9B,256,0.0,4,99,x,100,0.00390625,488281.25,0.9998009,0.9998009,True
9B,256,0.0,4,100,x,101,0.00390625,488281.25,0.9998328,0.9998328,True
9B,256,0.0,4,101,x,102,0.00390625,488281.25,0.9998448,0.9998448,True
9B,256,0.0,4,102,x,103,0.00390625,488281.25,0.99982536,0.99982536,True
9B,256,0.0,4,103,x,104,0.00390625,488281.25,0.99982595,0.99982595,True
9B,256,0.0,4,104,x,105,0.00390625,488281.25,0.9998164,0.9998164,True
9B,256,0.0,4,105,x,106,0.00390625,488281.25,0.9998466,0.9998466,True
9B,256,0.0,4,106,x,107,0.00390625,488281.25,0.9997994,0.9997994,True
9B,256,0.0,4,107,x,108,0.00390625,488281.25,0.99983084,0.99983084,True
9B,256,0.0,4,108,x,109,0.00390625,488281.25,0.99982333,0.99982333,True
9B,256,0.0,4,109,x,110,0.00390625,488281.25,0.99981284,0.99981284,True
9B,256,0.0,4,110,x,111,0.00390625,488281.25,0.99982846,0.99982846,True
9B,256,0.0,4,111,x,112,0.00390625,488281.25,0.99983823,0.99983823,True
9B,256,0.0,4,112,x,113,0.00390625,488281.25,0.9998063,0.9998063,True
9B,256,0.0,4,113,x,114,0.00390625,488281.25,0.99982023,0.99982023,True
9B,256,0.0,4,114,x,115,0.00390625,488281.25,0.9998371,0.9998371,True
9B,256,0.0,4,115,x,116,0.00390625,488281.25,0.99978805,0.99978805,True
9B,256,0.0,4,116,x,117,0.00390625,488281.25,0.99981534,0.99981534,True
9B,256,0.0,4,117,x,118,0.00390625,488281.25,0.9998225,0.9998225,True
9B,256,0.0,4,118,x,119,0.00390625,488281.25,0.999839,0.999839,True
9B,256,0.0,4,119,x,120,0.00390625,488281.25,0.9998343,0.9998343,True
9B,256,0.0,4,120,x,121,0.00390625,488281.25,0.9998205,0.9998205,True
9B,256,0.0,4,121,x,122,0.00390625,488281.25,0.99984545,0.99984545,True
9B,256,0.0,4,122,x,123,0.00390625,488281.25,0.9998455,0.9998455,True
9B,256,0.0,4,123,x,124,0.00390625,488281.25,0.99983597,0.99983597,True
9B,256,0.0,4,124,x,125,0.00390625,488281.25,0.99979985,0.99979985,True
9B,256,0.0,4,125,x,126,0.00390625,488281.25,0.99981916,0.99981916,True
9B,256,0.0,4,126,x,127,0.00390625,488281.25,0.999812,0.999812,True
9B,256,0.0,4,127,x,128,0.00390625,488281.25,0.99982226,0.99982226,True
9B,256,0.0,4,128,x,129,0.00390625,488281.25,0.99982405,0.99982405,True
9B,256,0.0,4,129,x,130,0.00390625,488281.25,0.99983394,0.99983394,True
9B,256,0.0,4,130,x,131,0.00390625,488281.25,0.9997848,0.9997848,True
9B,256,0.0,4,131,x,132,0.00390625,488281.25,0.9998127,0.9998127,True
9B,256,0.0,4,132,x,133,0.00390625,488281.25,0.9997976,0.9997976,True
9B,256,0.0,4,133,x,134,0.00390625,488281.25,0.99981165,0.99981165,True
9B,256,0.0,4,134,x,135,0.00390625,488281.25,0.9998166,0.9998166,True
9B,256,0.0,4,135,x,136,0.00390625,488281.25,0.99983096,0.99983096,True
9B,256,0.0,4,136,x,137,0.00390625,488281.25,0.9998301,0.9998301,True
9B,256,0.0,4,137,x,138,0.00390625,488281.25,0.999822,0.999822,True
9B,256,0.0,4,138,x,139,0.00390625,488281.25,0.999802,0.999802,True
9B,256,0.0,4,139,x,140,0.00390625,488281.25,0.9998177,0.9998177,True
9B,256,0.0,4,140,x,141,0.00390625,488281.25,0.9998187,0.9998187,True
9B,256,0.0,4,141,x,142,0.00390625,488281.25,0.99980974,0.99980974,True
9B,256,0.0,4,142,x,143,0.00390625,488281.25,0.99984753,0.99984753,True
9B,256,0.0,4,143,x,144,0.00390625,488281.25,0.99983054,0.99983054,True
9B,256,0.0,4,144,x,145,0.00390625,488281.25,0.7155011,0.033908386,False
9B,256,0.0,4,145,x,146,0.00390625,488281.25,0.99260247,0.99260247,True
9B,256,0.0,4,146,x,147,0.00390625,488281.25,0.9998225,0.9998225,True
9B,256,0.0,4,147,x,148,0.00390625,488281.25,0.99979705,0.99979705,True
9B,256,0.0,4,148,x,149,0.00390625,488281.25,0.99980944,0.99980944,True
9B,256,0.0,4,149,x,150,0.00390625,488281.25,0.9998213,0.9998213,True
9B,256,0.0,4,150,x,151,0.00390625,488281.25,0.9998348,0.9998348,True
9B,256,0.0,4,151,x,152,0.00390625,488281.25,0.99980235,0.99980235,True
9B,256,0.0,4,152,x,153,0.00390625,488281.25,0.9998448,0.9998448,True
9B,256,0.0,4,153,x,154,0.00390625,488281.25,0.99982095,0.99982095,True
9B,256,0.0,4,154,x,155,0.00390625,488281.25,0.9998233,0.9998233,True
9B,256,0.0,4,155,x,156,0.00390625,488281.25,0.99983174,0.99983174,True
9B,256,0.0,4,156,x,157,0.00390625,488281.25,0.9925117,0.9925117,True
9B,256,0.0,4,157,x,158,0.00390625,488281.25,0.7060478,0.0043160766,False
9B,256,0.0,4,158,x,159,0.00390625,488281.25,0.99982655,0.99982655,True
9B,256,0.0,4,159,x,160,0.00390625,488281.25,0.99978775,0.99978775,True
9B,256,0.0,4,160,x,161,0.00390625,488281.25,0.9998176,0.9998176,True
9B,256,0.0,4,161,x,162,0.00390625,488281.25,0.9998167,0.9998167,True
9B,256,0.0,4,162,x,163,0.00390625,488281.25,0.99983263,0.99983263,True
9B,256,0.0,4,163,x,164,0.00390625,488281.25,0.99983776,0.99983776,True
9B,256,0.0,4,164,x,165,0.00390625,488281.25,0.70984125,0.70984125,False
9B,256,0.0,4,165,x,166,0.00390625,488281.25,0.99194974,0.99194974,True
9B,256,0.0,4,166,x,167,0.00390625,488281.25,0.9924345,0.9924345,True
9B,256,0.0,4,167,x,168,0.00390625,488281.25,0.7068972,0.7068972,False
9B,256,0.0,4,168,x,169,0.00390625,488281.25,0.99983186,0.99983186,True
9B,256,0.0,4,169,x,170,0.00390625,488281.25,0.99983513,0.99983513,True
9B,256,0.0,4,170,x,171,0.00390625,488281.25,0.9997983,0.9997983,True
9B,256,0.0,4,171,x,172,0.00390625,488281.25,0.9998021,0.9998021,True
9B,256,0.0,4,172,x,173,0.00390625,488281.25,0.9998282,0.9998282,True
9B,256,0.0,4,173,x,174,0.00390625,488281.25,0.99982464,0.99982464,True
9B,256,0.0,4,174,x,175,0.00390625,488281.25,0.999827,0.999827,True
9B,256,0.0,4,175,x,176,0.00390625,488281.25,0.9998416,0.9998416,True
9B,256,0.0,4,176,x,177,0.00390625,488281.25,0.999809,0.999809,True
9B,256,0.0,4,177,x,178,0.00390625,488281.25,0.99983156,0.99983156,True
9B,256,0.0,4,178,x,179,0.00390625,488281.25,0.9927287,0.9927287,True
9B,256,0.0,4,179,x,180,0.00390625,488281.25,0.70432806,0.0014724173,False
9B,256,0.0,4,180,x,181,0.00390625,488281.25,0.999806,0.999806,True
9B,256,0.0,4,181,x,182,0.00390625,488281.25,0.9998365,0.9998365,True
9B,256,0.0,4,182,x,183,0.00390625,488281.25,0.9998232,0.9998232,True
9B,256,0.0,4,183,x,184,0.00390625,488281.25,0.999835,0.999835,True
9B,256,0.0,4,184,x,185,0.00390625,488281.25,0.99980974,0.99980974,True
9B,256,0.0,4,185,x,186,0.00390625,488281.25,0.99983966,0.99983966,True
9B,256,0.0,4,186,x,187,0.00390625,488281.25,0.9914665,0.9914665,True
9B,256,0.0,4,187,x,188,0.00390625,488281.25,0.7117429,0.093478076,False
9B,256,0.0,4,188,x,189,0.00390625,488281.25,0.9998033,0.9998033,True
9B,256,0.0,4,189,x,190,0.00390625,488281.25,0.99977565,0.99977565,True
9B,256,0.0,4,190,x,191,0.00390625,488281.25,0.99982715,0.99982715,True
9B,256,0.0,4,191,x,192,0.00390625,488281.25,0.99983466,0.99983466,True
9B,256,0.0,4,192,x,193,0.00390625,488281.25,0.99981,0.99981,True
9B,256,0.0,4,193,x,194,0.00390625,488281.25,0.9998263,0.9998263,True
9B,256,0.0,4,194,x,195,0.00390625,488281.25,0.71050483,0.71050483,False
9B,256,0.0,4,195,x,196,0.00390625,488281.25,0.9916317,0.9916317,True
9B,256,0.0,4,196,x,197,0.00390625,488281.25,0.9998279,0.9998279,True
9B,256,0.0,4,197,x,198,0.00390625,488281.25,0.9998189,0.9998189,True
9B,256,0.0,4,198,x,199,0.00390625,488281.25,0.99983084,0.99983084,True
9B,256,0.0,4,199,x,200,0.00390625,488281.25,0.99980754,0.99980754,True
9B,256,0.0,4,200,x,201,0.00390625,488281.25,0.9998154,0.9998154,True
9B,256,0.0,4,201,x,202,0.00390625,488281.25,0.99984264,0.99984264,True
9B,256,0.0,4,202,x,203,0.00390625,488281.25,0.99982727,0.99982727,True
9B,256,0.0,4,203,x,204,0.00390625,488281.25,0.99984026,0.99984026,True
9B,256,0.0,4,204,x,205,0.00390625,488281.25,0.9998348,0.9998348,True
9B,256,0.0,4,205,x,206,0.00390625,488281.25,0.99980855,0.99980855,True
9B,256,0.0,4,206,x,207,0.00390625,488281.25,0.99982274,0.99982274,True
9B,256,0.0,4,207,x,208,0.00390625,488281.25,0.9998249,0.9998249,True
9B,256,0.0,4,208,x,209,0.00390625,488281.25,0.9997964,0.9997964,True
9B,256,0.0,4,209,x,210,0.00390625,488281.25,0.99981165,0.99981165,True
9B,256,0.0,4,210,x,211,0.00390625,488281.25,0.99983376,0.99983376,True
9B,256,0.0,4,211,x,212,0.00390625,488281.25,0.9998207,0.9998207,True
9B,256,0.0,4,212,x,213,0.00390625,488281.25,0.9923626,0.9923626,True
9B,256,0.0,4,213,x,214,0.00390625,488281.25,0.71357405,0.71357405,False
9B,256,0.0,4,214,x,215,0.00390625,488281.25,0.99982417,0.99982417,True
9B,256,0.0,4,215,x,216,0.00390625,488281.25,0.9998195,0.9998195,True
9B,256,0.0,4,216,x,217,0.00390625,488281.25,0.9998349,0.9998349,True
9B,256,0.0,4,217,x,218,0.00390625,488281.25,0.99980253,0.99980253,True
9B,256,0.0,4,218,x,219,0.00390625,488281.25,0.9998323,0.9998323,True
9B,256,0.0,4,219,x,220,0.00390625,488281.25,0.9998354,0.9998354,True
9B,256,0.0,4,220,x,221,0.00390625,488281.25,0.99982333,0.99982333,True
9B,256,0.0,4,221,x,222,0.00390625,488281.25,0.99983174,0.99983174,True
9B,256,0.0,4,222,x,223,0.00390625,488281.25,0.9998042,0.9998042,True
9B,256,0.0,4,223,x,224,0.00390625,488281.25,0.9998152,0.9998152,True
9B,256,0.0,4,224,x,225,0.00390625,488281.25,0.99984133,0.99984133,True
9B,256,0.0,4,225,x,226,0.00390625,488281.25,0.99983346,0.99983346,True
9B,256,0.0,4,226,x,227,0.00390625,488281.25,0.9998181,0.9998181,True
9B,256,0.0,4,227,x,228,0.00390625,488281.25,0.9998405,0.9998405,True
9B,256,0.0,4,228,x,229,0.00390625,488281.25,0.9998174,0.9998174,True
9B,256,0.0,4,229,x,230,0.00390625,488281.25,0.9998375,0.9998375,True
9B,256,0.0,4,230,x,231,0.00390625,488281.25,0.9998079,0.9998079,True
9B,256,0.0,4,231,x,232,0.00390625,488281.25,0.99983275,0.99983275,True
9B,256,0.0,4,232,x,233,0.00390625,488281.25,0.9998089,0.9998089,True
9B,256,0.0,4,233,x,234,0.00390625,488281.25,0.99980164,0.99980164,True
9B,256,0.0,4,234,x,235,0.00390625,488281.25,0.9998239,0.9998239,True
9B,256,0.0,4,235,x,236,0.00390625,488281.25,0.9998401,0.9998401,True
9B,256,0.0,4,236,x,237,0.00390625,488281.25,0.9998399,0.9998399,True
9B,256,0.0,4,237,x,238,0.00390625,488281.25,0.99980605,0.99980605,True
9B,256,0.0,4,238,x,239,0.00390625,488281.25,0.9998288,0.9998288,True
9B,256,0.0,4,239,x,240,0.00390625,488281.25,0.9998156,0.9998156,True
9B,256,0.0,4,240,x,241,0.00390625,488281.25,0.99983037,0.99983037,True
9B,256,0.0,4,241,x,242,0.00390625,488281.25,0.9998411,0.9998411,True
9B,256,0.0,4,242,x,243,0.00390625,488281.25,0.9998253,0.9998253,True
9B,256,0.0,4,243,x,244,0.00390625,488281.25,0.99981,0.99981,True
9B,256,0.0,4,244,x,245,0.00390625,488281.25,0.99979603,0.99979603,True
9B,256,0.0,4,245,x,246,0.00390625,488281.25,0.9998349,0.9998349,True
9B,256,0.0,4,246,x,247,0.00390625,488281.25,0.99982274,0.99982274,True
9B,256,0.0,4,247,x,248,0.00390625,488281.25,0.9998032,0.9998032,True
9B,256,0.0,4,248,x,249,0.00390625,488281.25,0.9998312,0.9998312,True
9B,256,0.0,4,249,x,250,0.00390625,488281.25,0.9998214,0.9998214,True
9B,256,0.0,4,250,x,251,0.00390625,488281.25,0.999833,0.999833,True
9B,256,0.0,4,251,x,252,0.00390625,488281.25,0.99981916,0.99981916,True
9B,256,0.0,4,252,x,253,0.00390625,488281.25,0.9998224,0.9998224,True
9B,256,0.0,4,253,x,254,0.00390625,488281.25,0.99982136,0.99982136,True
9B,256,0.0,4,254,x,255,0.00390625,488281.25,0.9942508,0.9942508,True
9B,256,0.0,4,255,x,256,0.00390625,488281.25,0.70400673,0.012100356,False
9B,256,0.0,4,256,y,1,0.00390625,488281.25,0.9998454,0.9998454,True
9B,256,0.0,4,257,y,2,0.00390625,488281.25,0.9998299,0.9998299,True
9B,256,0.0,4,258,y,3,0.00390625,488281.25,0.99982655,0.99982655,True
9B,256,0.0,4,259,y,4,0.00390625,488281.25,0.9997999,0.9997999,True
9B,256,0.0,4,260,y,5,0.00390625,488281.25,0.9998374,0.9998374,True
9B,256,0.0,4,261,y,6,0.00390625,488281.25,0.99982,0.99982,True
9B,256,0.0,4,262,y,7,0.00390625,488281.25,0.9998404,0.9998404,True
9B,256,0.0,4,263,y,8,0.00390625,488281.25,0.99984956,0.99984956,True
9B,256,0.0,4,264,y,9,0.00390625,488281.25,0.7138642,0.7138642,False
9B,256,0.0,4,265,y,10,0.00390625,488281.25,0.9924945,0.9924945,True
9B,256,0.0,4,266,y,11,0.00390625,488281.25,0.9998219,0.9998219,True
9B,256,0.0,4,267,y,12,0.00390625,488281.25,0.9998025,0.9998025,True
9B,256,0.0,4,268,y,13,0.00390625,488281.25,0.999827,0.999827,True
9B,256,0.0,4,269,y,14,0.00390625,488281.25,0.99982905,0.99982905,True
9B,256,0.0,4,270,y,15,0.00390625,488281.25,0.99980485,0.99980485,True
9B,256,0.0,4,271,y,16,0.00390625,488281.25,0.9998247,0.9998247,True
9B,256,0.0,4,272,y,17,0.00390625,488281.25,0.99981564,0.99981564,True
9B,256,0.0,4,273,y,18,0.00390625,488281.25,0.9998381,0.9998381,True
9B,256,0.0,4,274,y,19,0.00390625,488281.25,0.9998312,0.9998312,True
9B,256,0.0,4,275,y,20,0.00390625,488281.25,0.99982715,0.99982715,True
9B,256,0.0,4,276,y,21,0.00390625,488281.25,0.99983025,0.99983025,True
9B,256,0.0,4,277,y,22,0.00390625,488281.25,0.9998162,0.9998162,True
9B,256,0.0,4,278,y,23,0.00390625,488281.25,0.6982684,0.0035110577,False
9B,256,0.0,4,279,y,24,0.00390625,488281.25,0.9919032,0.9919032,True
9B,256,0.0,4,280,y,25,0.00390625,488281.25,0.9998281,0.9998281,True
9B,256,0.0,4,281,y,26,0.00390625,488281.25,0.99981725,0.99981725,True
9B,256,0.0,4,282,y,27,0.00390625,488281.25,0.9998432,0.9998432,True
9B,256,0.0,4,283,y,28,0.00390625,488281.25,0.9998338,0.9998338,True
9B,256,0.0,4,284,y,29,0.00390625,488281.25,0.9998302,0.9998302,True
9B,256,0.0,4,285,y,30,0.00390625,488281.25,0.9998136,0.9998136,True
9B,256,0.0,4,286,y,31,0.00390625,488281.25,0.9997754,0.9997754,True
9B,256,0.0,4,287,y,32,0.00390625,488281.25,0.99982965,0.99982965,True
9B,256,0.0,4,288,y,33,0.00390625,488281.25,0.9998224,0.9998224,True
9B,256,0.0,4,289,y,34,0.00390625,488281.25,0.99983406,0.99983406,True
9B,256,0.0,4,290,y,35,0.00390625,488281.25,0.99978906,0.99978906,True
9B,256,0.0,4,291,y,36,0.00390625,488281.25,0.99982846,0.99982846,True
9B,256,0.0,4,292,y,37,0.00390625,488281.25,0.9921767,0.9921767,True
9B,256,0.0,4,293,y,38,0.00390625,488281.25,0.6989331,0.0012954529,False
9B,256,0.0,4,294,y,39,0.00390625,488281.25,0.999836,0.999836,True
9B,256,0.0,4,295,y,40,0.00390625,488281.25,0.9998037,0.9998037,True
9B,256,0.0,4,296,y,41,0.00390625,488281.25,0.9998368,0.9998368,True
9B,256,0.0,4,297,y,42,0.00390625,488281.25,0.99980927,0.99980927,True
9B,256,0.0,4,298,y,43,0.00390625,488281.25,0.9998152,0.9998152,True
9B,256,0.0,4,299,y,44,0.00390625,488281.25,0.99983555,0.99983555,True
9B,256,0.0,4,300,y,45,0.00390625,488281.25,0.99982834,0.99982834,True
9B,256,0.0,4,301,y,46,0.00390625,488281.25,0.9998306,0.9998306,True
9B,256,0.0,4,302,y,47,0.00390625,488281.25,0.99974805,0.99974805,True
9B,256,0.0,4,303,y,48,0.00390625,488281.25,0.9998417,0.9998417,True
9B,256,0.0,4,304,y,49,0.00390625,488281.25,0.9997741,0.9997741,True
9B,256,0.0,4,305,y,50,0.00390625,488281.25,0.999815,0.999815,True
9B,256,0.0,4,306,y,51,0.00390625,488281.25,0.9998123,0.9998123,True
9B,256,0.0,4,307,y,52,0.00390625,488281.25,0.9998368,0.9998368,True
9B,256,0.0,4,308,y,53,0.00390625,488281.25,0.9925237,0.9925237,True
9B,256,0.0,4,309,y,54,0.00390625,488281.25,0.70106375,0.0010931455,False
9B,256,0.0,4,310,y,55,0.00390625,488281.25,0.9998247,0.9998247,True
9B,256,0.0,4,311,y,56,0.00390625,488281.25,0.99983865,0.99983865,True
9B,256,0.0,4,312,y,57,0.00390625,488281.25,0.9998231,0.9998231,True
9B,256,0.0,4,313,y,58,0.00390625,488281.25,0.9998081,0.9998081,True
9B,256,0.0,4,314,y,59,0.00390625,488281.25,0.99979556,0.99979556,True
9B,256,0.0,4,315,y,60,0.00390625,488281.25,0.9998188,0.9998188,True
9B,256,0.0,4,316,y,61,0.00390625,488281.25,0.999838,0.999838,True
9B,256,0.0,4,317,y,62,0.00390625,488281.25,0.99983656,0.99983656,True
9B,256,0.0,4,318,y,63,0.00390625,488281.25,0.99983907,0.99983907,True
9B,256,0.0,4,319,y,64,0.00390625,488281.25,0.9998299,0.9998299,True
9B,256,0.0,4,320,y,65,0.00390625,488281.25,0.99981606,0.99981606,True
9B,256,0.0,4,321,y,66,0.00390625,488281.25,0.9997879,0.9997879,True
9B,256,0.0,4,322,y,67,0.00390625,488281.25,0.99980986,0.99980986,True
9B,256,0.0,4,323,y,68,0.00390625,488281.25,0.9997991,0.9997991,True
9B,256,0.0,4,324,y,69,0.00390625,488281.25,0.99980354,0.99980354,True
9B,256,0.0,4,325,y,70,0.00390625,488281.25,0.9998113,0.9998113,True
9B,256,0.0,4,326,y,71,0.00390625,488281.25,0.999807,0.999807,True
9B,256,0.0,4,327,y,72,0.00390625,488281.25,0.99982345,0.99982345,True
9B,256,0.0,4,328,y,73,0.00390625,488281.25,0.9998261,0.9998261,True
9B,256,0.0,4,329,y,74,0.00390625,488281.25,0.99982977,0.99982977,True
9B,256,0.0,4,330,y,75,0.00390625,488281.25,0.70431185,0.011413179,False
9B,256,0.0,4,331,y,76,0.00390625,488281.25,0.99204683,0.99204683,True
9B,256,0.0,4,332,y,77,0.00390625,488281.25,0.99981266,0.99981266,True
9B,256,0.0,4,333,y,78,0.00390625,488281.25,0.99980617,0.99980617,True
9B,256,0.0,4,334,y,79,0.00390625,488281.25,0.70815355,0.70815355,False
9B,256,0.0,4,335,y,80,0.00390625,488281.25,0.99233377,0.99233377,True
9B,256,0.0,4,336,y,81,0.00390625,488281.25,0.703136,0.0018017025,False
9B,256,0.0,4,337,y,82,0.00390625,488281.25,0.99408185,0.99408185,True
9B,256,0.0,4,338,y,83,0.00390625,488281.25,0.9997736,0.9997736,True
9B,256,0.0,4,339,y,84,0.00390625,488281.25,0.99982494,0.99982494,True
9B,256,0.0,4,340,y,85,0.00390625,488281.25,0.99981785,0.99981785,True
9B,256,0.0,4,341,y,86,0.00390625,488281.25,0.9998329,0.9998329,True
9B,256,0.0,4,342,y,87,0.00390625,488281.25,0.9998356,0.9998356,True
9B,256,0.0,4,343,y,88,0.00390625,488281.25,0.99981785,0.99981785,True
9B,256,0.0,4,344,y,89,0.00390625,488281.25,0.99978983,0.99978983,True
9B,256,0.0,4,345,y,90,0.00390625,488281.25,0.99983513,0.99983513,True
9B,256,0.0,4,346,y,91,0.00390625,488281.25,0.9998427,0.9998427,True
9B,256,0.0,4,347,y,92,0.00390625,488281.25,0.9998387,0.9998387,True
9B,256,0.0,4,348,y,93,0.00390625,488281.25,0.99982435,0.99982435,True
9B,256,0.0,4,349,y,94,0.00390625,488281.25,0.99982285,0.99982285,True
9B,256,0.0,4,350,y,95,0.00390625,488281.25,0.99982023,0.99982023,True
9B,256,0.0,4,351,y,96,0.00390625,488281.25,0.99983156,0.99983156,True
9B,256,0.0,4,352,y,97,0.00390625,488281.25,0.9998199,0.9998199,True
9B,256,0.0,4,353,y,98,0.00390625,488281.25,0.99980783,0.99980783,True
9B,256,0.0,4,354,y,99,0.00390625,488281.25,0.70242304,0.70242304,False
9B,256,0.0,4,355,y,100,0.00390625,488281.25,0.99146736,0.99146736,True
9B,256,0.0,4,356,y,101,0.00390625,488281.25,0.991233,0.991233,True
9B,256,0.0,4,357,y,102,0.00390625,488281.25,0.7185413,0.7185413,False
9B,256,0.0,4,358,y,103,0.00390625,488281.25,0.9998046,0.9998046,True
9B,256,0.0,4,359,y,104,0.00390625,488281.25,0.99977946,0.99977946,True
9B,256,0.0,4,360,y,105,0.00390625,488281.25,0.9998281,0.9998281,True
9B,256,0.0,4,361,y,106,0.00390625,488281.25,0.9998312,0.9998312,True
9B,256,0.0,4,362,y,107,0.00390625,488281.25,0.99981916,0.99981916,True
9B,256,0.0,4,363,y,108,0.00390625,488281.25,0.9998394,0.9998394,True
9B,256,0.0,4,364,y,109,0.00390625,488281.25,0.9998107,0.9998107,True
9B,256,0.0,4,365,y,110,0.00390625,488281.25,0.99981475,0.99981475,True
9B,256,0.0,4,366,y,111,0.00390625,488281.25,0.99978006,0.99978006,True
9B,256,0.0,4,367,y,112,0.00390625,488281.25,0.9997927,0.9997927,True
9B,256,0.0,4,368,y,113,0.00390625,488281.25,0.99978423,0.99978423,True
9B,256,0.0,4,369,y,114,0.00390625,488281.25,0.9997912,0.9997912,True
9B,256,0.0,4,370,y,115,0.00390625,488281.25,0.9998144,0.9998144,True
9B,256,0.0,4,371,y,116,0.00390625,488281.25,0.9998383,0.9998383,True
9B,256,0.0,4,372,y,117,0.00390625,488281.25,0.99984235,0.99984235,True
9B,256,0.0,4,373,y,118,0.00390625,488281.25,0.99980676,0.99980676,True
9B,256,0.0,4,374,y,119,0.00390625,488281.25,0.99983585,0.99983585,True
9B,256,0.0,4,375,y,120,0.00390625,488281.25,0.99983186,0.99983186,True
9B,256,0.0,4,376,y,121,0.00390625,488281.25,0.7110952,0.06951258,False
9B,256,0.0,4,377,y,122,0.00390625,488281.25,0.9924896,0.9924896,True
9B,256,0.0,4,378,y,123,0.00390625,488281.25,0.99209857,0.99209857,True
9B,256,0.0,4,379,y,124,0.00390625,488281.25,0.70334125,0.70334125,False
9B,256,0.0,4,380,y,125,0.00390625,488281.25,0.9998069,0.9998069,True
9B,256,0.0,4,381,y,126,0.00390625,488281.25,0.99982077,0.99982077,True
9B,256,0.0,4,382,y,127,0.00390625,488281.25,0.99984074,0.99984074,True
9B,256,0.0,4,383,y,128,0.00390625,488281.25,0.99981916,0.99981916,True
9B,256,0.0,4,384,y,129,0.00390625,488281.25,0.9997997,0.9997997,True
9B,256,0.0,4,385,y,130,0.00390625,488281.25,0.9998205,0.9998205,True
9B,256,0.0,4,386,y,131,0.00390625,488281.25,0.9998139,0.9998139,True
9B,256,0.0,4,387,y,132,0.00390625,488281.25,0.99982995,0.99982995,True
9B,256,0.0,4,388,y,133,0.00390625,488281.25,0.9998282,0.9998282,True
9B,256,0.0,4,389,y,134,0.00390625,488281.25,0.99980474,0.99980474,True
9B,256,0.0,4,390,y,135,0.00390625,488281.25,0.99983084,0.99983084,True
9B,256,0.0,4,391,y,136,0.00390625,488281.25,0.99983215,0.99983215,True
9B,256,0.0,4,392,y,137,0.00390625,488281.25,0.9998286,0.9998286,True
9B,256,0.0,4,393,y,138,0.00390625,488281.25,0.9998211,0.9998211,True
9B,256,0.0,4,394,y,139,0.00390625,488281.25,0.99983394,0.99983394,True
9B,256,0.0,4,395,y,140,0.00390625,488281.25,0.99981576,0.99981576,True
9B,256,0.0,4,396,y,141,0.00390625,488281.25,0.99979883,0.99979883,True
9B,256,0.0,4,397,y,142,0.00390625,488281.25,0.9998096,0.9998096,True
9B,256,0.0,4,398,y,143,0.00390625,488281.25,0.9998208,0.9998208,True
9B,256,0.0,4,399,y,144,0.00390625,488281.25,0.9998125,0.9998125,True
9B,256,0.0,4,400,y,145,0.00390625,488281.25,0.9998199,0.9998199,True
9B,256,0.0,4,401,y,146,0.00390625,488281.25,0.99984217,0.99984217,True
9B,256,0.0,4,402,y,147,0.00390625,488281.25,0.7151543,0.7151543,False
9B,256,0.0,4,403,y,148,0.00390625,488281.25,0.9938989,0.9938989,True
9B,256,0.0,4,404,y,149,0.00390625,488281.25,0.99977905,0.99977905,True
9B,256,0.0,4,405,y,150,0.00390625,488281.25,0.9998245,0.9998245,True
9B,256,0.0,4,406,y,151,0.00390625,488281.25,0.99984944,0.99984944,True
9B,256,0.0,4,407,y,152,0.00390625,488281.25,0.9998435,0.9998435,True
9B,256,0.0,4,408,y,153,0.00390625,488281.25,0.9998144,0.9998144,True
9B,256,0.0,4,409,y,154,0.00390625,488281.25,0.9998316,0.9998316,True
9B,256,0.0,4,410,y,155,0.00390625,488281.25,0.9998178,0.9998178,True
9B,256,0.0,4,411,y,156,0.00390625,488281.25,0.99983776,0.99983776,True
9B,256,0.0,4,412,y,157,0.00390625,488281.25,0.9998237,0.9998237,True
9B,256,0.0,4,413,y,158,0.00390625,488281.25,0.9997982,0.9997982,True
9B,256,0.0,4,414,y,159,0.00390625,488281.25,0.697303,0.697303,False
9B,256,0.0,4,415,y,160,0.00390625,488281.25,0.9923707,0.9923707,True
9B,256,0.0,4,416,y,161,0.00390625,488281.25,0.70985985,0.70985985,False
9B,256,0.0,4,417,y,162,0.00390625,488281.25,0.992604,0.992604,True
9B,256,0.0,4,418,y,163,0.00390625,488281.25,0.9998368,0.9998368,True
9B,256,0.0,4,419,y,164,0.00390625,488281.25,0.99983376,0.99983376,True
9B,256,0.0,4,420,y,165,0.00390625,488281.25,0.7005596,0.004761439,False
9B,256,0.0,4,421,y,166,0.00390625,488281.25,0.99154866,0.99154866,True
9B,256,0.0,4,422,y,167,0.00390625,488281.25,0.99979436,0.99979436,True
9B,256,0.0,4,423,y,168,0.00390625,488281.25,0.9998343,0.9998343,True
9B,256,0.0,4,424,y,169,0.00390625,488281.25,0.99982196,0.99982196,True
9B,256,0.0,4,425,y,170,0.00390625,488281.25,0.9998217,0.9998217,True
9B,256,0.0,4,426,y,171,0.00390625,488281.25,0.698594,0.698594,False
9B,256,0.0,4,427,y,172,0.00390625,488281.25,0.9917089,0.9917089,True
9B,256,0.0,4,428,y,173,0.00390625,488281.25,0.9998113,0.9998113,True
9B,256,0.0,4,429,y,174,0.00390625,488281.25,0.9998135,0.9998135,True
9B,256,0.0,4,430,y,175,0.00390625,488281.25,0.9998209,0.9998209,True
9B,256,0.0,4,431,y,176,0.00390625,488281.25,0.9998196,0.9998196,True
9B,256,0.0,4,432,y,177,0.00390625,488281.25,0.99982005,0.99982005,True
9B,256,0.0,4,433,y,178,0.00390625,488281.25,0.9998286,0.9998286,True
9B,256,0.0,4,434,y,179,0.00390625,488281.25,0.99981236,0.99981236,True
9B,256,0.0,4,435,y,180,0.00390625,488281.25,0.99983346,0.99983346,True
9B,256,0.0,4,436,y,181,0.00390625,488281.25,0.99983907,0.99983907,True
9B,256,0.0,4,437,y,182,0.00390625,488281.25,0.9998436,0.9998436,True
9B,256,0.0,4,438,y,183,0.00390625,488281.25,0.9907695,0.9907695,True
9B,256,0.0,4,439,y,184,0.00390625,488281.25,0.70344985,0.12182687,False
9B,256,0.0,4,440,y,185,0.00390625,488281.25,0.9938581,0.9938581,True
9B,256,0.0,4,441,y,186,0.00390625,488281.25,0.7002485,0.0013747923,False
9B,256,0.0,4,442,y,187,0.00390625,488281.25,0.9998088,0.9998088,True
9B,256,0.0,4,443,y,188,0.00390625,488281.25,0.9998257,0.9998257,True
9B,256,0.0,4,444,y,189,0.00390625,488281.25,0.99980897,0.99980897,True
9B,256,0.0,4,445,y,190,0.00390625,488281.25,0.9998126,0.9998126,True
9B,256,0.0,4,446,y,191,0.00390625,488281.25,0.9998206,0.9998206,True
9B,256,0.0,4,447,y,192,0.00390625,488281.25,0.9998412,0.9998412,True
9B,256,0.0,4,448,y,193,0.00390625,488281.25,0.707686,0.707686,False
9B,256,0.0,4,449,y,194,0.00390625,488281.25,0.9911411,0.9911411,True
9B,256,0.0,4,450,y,195,0.00390625,488281.25,0.9998262,0.9998262,True
9B,256,0.0,4,451,y,196,0.00390625,488281.25,0.9998226,0.9998226,True
9B,256,0.0,4,452,y,197,0.00390625,488281.25,0.70368123,0.10279701,False
9B,256,0.0,4,453,y,198,0.00390625,488281.25,0.9917626,0.9917626,True
9B,256,0.0,4,454,y,199,0.00390625,488281.25,0.9998321,0.9998321,True
9B,256,0.0,4,455,y,200,0.00390625,488281.25,0.9998042,0.9998042,True
9B,256,0.0,4,456,y,201,0.00390625,488281.25,0.99981,0.99981,True
9B,256,0.0,4,457,y,202,0.00390625,488281.25,0.99983233,0.99983233,True
9B,256,0.0,4,458,y,203,0.00390625,488281.25,0.99983037,0.99983037,True
9B,256,0.0,4,459,y,204,0.00390625,488281.25,0.99980545,0.99980545,True
9B,256,0.0,4,460,y,205,0.00390625,488281.25,0.99981517,0.99981517,True
9B,256,0.0,4,461,y,206,0.00390625,488281.25,0.9998387,0.9998387,True
9B,256,0.0,4,462,y,207,0.00390625,488281.25,0.99980164,0.99980164,True
9B,256,0.0,4,463,y,208,0.00390625,488281.25,0.9998311,0.9998311,True
9B,256,0.0,4,464,y,209,0.00390625,488281.25,0.6954526,0.04768382,False
9B,256,0.0,4,465,y,210,0.00390625,488281.25,0.993795,0.993795,True
9B,256,0.0,4,466,y,211,0.00390625,488281.25,0.9997783,0.9997783,True
9B,256,0.0,4,467,y,212,0.00390625,488281.25,0.9997828,0.9997721,True
9B,256,0.0,4,468,y,213,0.00390625,488281.25,0.9922569,0.9922569,True
9B,256,0.0,4,469,y,214,0.00390625,488281.25,0.71674454,0.06801192,False
9B,256,0.0,4,470,y,215,0.00390625,488281.25,0.99980557,0.99980557,True
9B,256,0.0,4,471,y,216,0.00390625,488281.25,0.999833,0.999833,True
9B,256,0.0,4,472,y,217,0.00390625,488281.25,0.9998356,0.9998356,True
9B,256,0.0,4,473,y,218,0.00390625,488281.25,0.99980545,0.99980545,True
9B,256,0.0,4,474,y,219,0.00390625,488281.25,0.9998151,0.9998151,True
9B,256,0.0,4,475,y,220,0.00390625,488281.25,0.9997956,0.9997956,True
9B,256,0.0,4,476,y,221,0.00390625,488281.25,0.99981904,0.99981904,True
9B,256,0.0,4,477,y,222,0.00390625,488281.25,0.99982744,0.99982744,True
9B,256,0.0,4,478,y,223,0.00390625,488281.25,0.9998225,0.9998225,True
9B,256,0.0,4,479,y,224,0.00390625,488281.25,0.9998279,0.9998279,True
9B,256,0.0,4,480,y,225,0.00390625,488281.25,0.99257386,0.99257386,True
9B,256,0.0,4,481,y,226,0.00390625,488281.25,0.71102226,0.71102226,False
9B,256,0.0,4,482,y,227,0.00390625,488281.25,0.99982405,0.99982405,True
9B,256,0.0,4,483,y,228,0.00390625,488281.25,0.99978095,0.99978095,True
9B,256,0.0,4,484,y,229,0.00390625,488281.25,0.99984145,0.99984145,True
9B,256,0.0,4,485,y,230,0.00390625,488281.25,0.9998307,0.9998307,True
9B,256,0.0,4,486,y,231,0.00390625,488281.25,0.9998219,0.9998219,True
9B,256,0.0,4,487,y,232,0.00390625,488281.25,0.99984336,0.99983287,True
9B,256,0.0,4,488,y,233,0.00390625,488281.25,0.72044086,0.72044086,False
9B,256,0.0,4,489,y,234,0.00390625,488281.25,0.993036,0.993036,True
9B,256,0.0,4,490,y,235,0.00390625,488281.25,0.9998181,0.9998181,True
9B,256,0.0,4,491,y,236,0.00390625,488281.25,0.99982655,0.99982655,True
9B,256,0.0,4,492,y,237,0.00390625,488281.25,0.9998331,0.9998331,True
9B,256,0.0,4,493,y,238,0.00390625,488281.25,0.99983263,0.99983263,True
9B,256,0.0,4,494,y,239,0.00390625,488281.25,0.9998017,0.9998017,True
9B,256,0.0,4,495,y,240,0.00390625,488281.25,0.99983513,0.99983513,True
9B,256,0.0,4,496,y,241,0.00390625,488281.25,0.99983764,0.99983764,True
9B,256,0.0,4,497,y,242,0.00390625,488281.25,0.99981046,0.99981046,True
9B,256,0.0,4,498,y,243,0.00390625,488281.25,0.99981725,0.99981725,True
9B,256,0.0,4,499,y,244,0.00390625,488281.25,0.9998096,0.9998096,True
9B,256,0.0,4,500,y,245,0.00390625,488281.25,0.9998238,0.9998238,True
9B,256,0.0,4,501,y,246,0.00390625,488281.25,0.99981236,0.99981236,True
9B,256,0.0,4,502,y,247,0.00390625,488281.25,0.9998243,0.9998243,True
9B,256,0.0,4,503,y,248,0.00390625,488281.25,0.9998019,0.9997988,True
9B,256,0.0,4,504,y,249,0.00390625,488281.25,0.999812,0.999812,True
9B,256,0.0,4,505,y,250,0.00390625,488281.25,0.9998281,0.9998281,True
9B,256,0.0,4,506,y,251,0.00390625,488281.25,0.9998028,0.9998028,True
9B,256,0.0,4,507,y,252,0.00390625,488281.25,0.99983597,0.99983597,True
9B,256,0.0,4,508,y,253,0.00390625,488281.25,0.71306586,0.71306586,False
9B,256,0.0,4,509,y,254,0.00390625,488281.25,0.99303925,0.99303925,True
9B,256,0.0,4,510,y,255,0.00390625,488281.25,0.9998362,0.9998362,True
9B,256,0.0,4,511,y,256,0.00390625,488281.25,0.9998106,0.9998106,True
9B,256,0.5,0,0,x,1,0.03271086,4088857.8,0.9998116,0.9998116,True
9B,256,0.5,0,1,x,2,0.02313007,2891258.8,0.99980944,0.99980944,True
9B,256,0.5,0,2,x,3,0.018885626,2360703.2,0.99978447,0.99978447,True
9B,256,0.5,0,3,x,4,0.01635543,2044428.9,0.99981034,0.99981034,True
9B,256,0.5,0,4,x,5,0.014628741,1828592.6,0.99980396,0.99980396,True
9B,256,0.5,0,5,x,6,0.013354153,1669269.1,0.9998006,0.9998006,True
9B,256,0.5,0,6,x,7,0.012363544,1545443.0,0.9998095,0.9998095,True
9B,256,0.5,0,7,x,8,0.011565035,1445629.4,0.9998005,0.9998005,True
9B,256,0.5,0,8,x,9,0.01090362,1362952.5,0.99976206,0.99976206,True
9B,256,0.5,0,9,x,10,0.0103440825,1293010.2,0.9997814,0.9997814,True
9B,256,0.5,0,10,x,11,0.009862696,1232837.0,0.9998059,0.9998059,True
9B,256,0.5,0,11,x,12,0.009442813,1180351.6,0.99979967,0.99979967,True
9B,256,0.5,0,12,x,13,0.009072361,1134045.1,0.9998075,0.9998075,True
9B,256,0.5,0,13,x,14,0.0087423455,1092793.1,0.9998153,0.9998153,True
9B,256,0.5,0,14,x,15,0.008445908,1055738.5,0.9998075,0.9998075,True
9B,256,0.5,0,15,x,16,0.008177715,1022214.44,0.9997951,0.9997951,True
9B,256,0.5,0,16,x,17,0.00793355,991693.7,0.99981683,0.99981683,True
9B,256,0.5,0,17,x,18,0.0077100242,963753.0,0.9997964,0.9997964,True
9B,256,0.5,0,18,x,19,0.007504386,938048.25,0.99979496,0.99979496,True
9B,256,0.5,0,19,x,20,0.0073143705,914296.3,0.999771,0.999771,True
9B,256,0.5,0,20,x,21,0.007138095,892261.9,0.9997914,0.9997914,True
9B,256,0.5,0,21,x,22,0.006973979,871747.4,0.9997736,0.9997736,True
9B,256,0.5,0,22,x,23,0.006820686,852585.75,0.9997934,0.9997934,True
9B,256,0.5,0,23,x,24,0.0066770767,834634.56,0.9997997,0.9997997,True
9B,256,0.5,0,24,x,25,0.0065421727,817771.56,0.99978983,0.99978983,True
9B,256,0.5,0,25,x,26,0.006415128,801891.0,0.99977833,0.99977833,True
9B,256,0.5,0,26,x,27,0.0062952084,786901.06,0.9997922,0.9997922,True
9B,256,0.5,0,27,x,28,0.006181772,772721.5,0.99979174,0.99979174,True
9B,256,0.5,0,28,x,29,0.0060742544,759281.8,0.99969983,0.9996455,True
9B,256,0.5,0,29,x,30,0.005972159,746519.9,0.99977565,0.99977565,True
9B,256,0.5,0,30,x,31,0.0058750445,734380.56,0.99978197,0.99978197,True
9B,256,0.5,0,31,x,32,0.0057825176,722814.7,0.99980795,0.99980795,True
9B,256,0.5,0,32,x,33,0.00569423,711778.75,0.99976194,0.99976194,True
9B,256,0.5,0,33,x,34,0.005609866,701233.25,0.9997957,0.9997957,True
9B,256,0.5,0,34,x,35,0.005529145,691143.1,0.999804,0.999804,True
9B,256,0.5,0,35,x,36,0.00545181,681476.25,0.9997849,0.9997849,True
9B,256,0.5,0,36,x,37,0.0053776326,672204.06,0.99980557,0.99980557,True
9B,256,0.5,0,37,x,38,0.005306402,663300.25,0.99977475,0.99977475,True
9B,256,0.5,0,38,x,39,0.0052379295,654741.2,0.999753,0.999753,True
9B,256,0.5,0,39,x,40,0.0051720412,646505.1,0.99980104,0.99980104,True
9B,256,0.5,0,40,x,41,0.0051085786,638572.3,0.8296771,0.8296771,False
9B,256,0.5,0,41,x,42,0.0050473954,630924.44,0.99525976,0.99525976,True
9B,256,0.5,0,42,x,43,0.0049883598,623545.0,0.9997978,0.9997978,True
9B,256,0.5,0,43,x,44,0.004931348,616418.5,0.99978757,0.99978757,True
9B,256,0.5,0,44,x,45,0.004876247,609530.9,0.9997726,0.9997726,True
9B,256,0.5,0,45,x,46,0.0048229536,602869.2,0.9998044,0.9998044,True
9B,256,0.5,0,46,x,47,0.0047713695,596421.2,0.9997916,0.9997916,True
9B,256,0.5,0,47,x,48,0.0047214064,590175.8,0.9997637,0.9997637,True
9B,256,0.5,0,48,x,49,0.0046729804,584122.56,0.99978524,0.99978524,True
9B,256,0.5,0,49,x,50,0.0046260143,578251.8,0.9997925,0.9997925,True
9B,256,0.5,0,50,x,51,0.0045804367,572554.56,0.99978566,0.99978566,True
9B,256,0.5,0,51,x,52,0.0045361803,567022.56,0.99979424,0.99979424,True
9B,256,0.5,0,52,x,53,0.0044931825,561647.8,0.9998034,0.9998034,True
9B,256,0.5,0,53,x,54,0.0044513843,556423.06,0.99978995,0.99978995,True
9B,256,0.5,0,54,x,55,0.004410732,551341.5,0.999792,0.999792,True
9B,256,0.5,0,55,x,56,0.0043711727,546396.56,0.9997872,0.9997872,True
9B,256,0.5,0,56,x,57,0.0043326593,541582.44,0.9672562,0.9672562,True
9B,256,0.5,0,57,x,58,0.0042951466,536893.3,0.9682605,0.9682605,True
9B,256,0.5,0,58,x,59,0.004258591,532323.9,0.99980253,0.99980253,True
9B,256,0.5,0,59,x,60,0.004222954,527869.25,0.99977744,0.99977744,True
9B,256,0.5,0,60,x,61,0.0041881967,523524.6,0.99978757,0.99978757,True
9B,256,0.5,0,61,x,62,0.0041542836,519285.44,0.99980134,0.99980134,True
9B,256,0.5,0,62,x,63,0.004121181,515147.62,0.9998028,0.9998028,True
9B,256,0.5,0,63,x,64,0.0040888577,511107.22,0.99979895,0.99979895,True
9B,256,0.5,0,64,x,65,0.0040572826,507160.3,0.9997779,0.9997779,True
9B,256,0.5,0,65,x,66,0.004026429,503303.6,0.999732,0.999732,True
9B,256,0.5,0,66,x,67,0.003996268,499533.5,0.9998037,0.9998037,True
9B,256,0.5,0,67,x,68,0.003966775,495846.84,0.9997915,0.9997915,True
9B,256,0.5,0,68,x,69,0.0039379247,492240.6,0.99978423,0.99978423,True
9B,256,0.5,0,69,x,70,0.0039096954,488711.94,0.99979854,0.99979854,True
9B,256,0.5,0,70,x,71,0.003882065,485258.12,0.99979776,0.99979776,True
9B,256,0.5,0,71,x,72,0.0038550121,481876.5,0.9997968,0.9997968,True
9B,256,0.5,0,72,x,73,0.0038285167,478564.6,0.999745,0.99974036,True
9B,256,0.5,0,73,x,74,0.0038025603,475320.03,0.9997718,0.9997718,True
9B,256,0.5,0,74,x,75,0.003777125,472140.62,0.9997697,0.9997697,True
9B,256,0.5,0,75,x,76,0.003752193,469024.12,0.9997479,0.9997479,True
9B,256,0.5,0,76,x,77,0.0037277485,465968.56,0.99978673,0.99978673,True
9B,256,0.5,0,77,x,78,0.0037037758,462971.97,0.99980867,0.99980867,True
9B,256,0.5,0,78,x,79,0.0036802595,460032.44,0.9997997,0.9997997,True
9B,256,0.5,0,79,x,80,0.0036571852,457148.16,0.99978685,0.99978685,True
9B,256,0.5,0,80,x,81,0.0036345404,454317.53,0.99980855,0.99980855,True
9B,256,0.5,0,81,x,82,0.0036123104,451538.8,0.999794,0.999794,True
9B,256,0.5,0,82,x,83,0.0035904835,448810.44,0.99980074,0.99980074,True
9B,256,0.5,0,83,x,84,0.0035690474,446130.94,0.9998044,0.9998044,True
9B,256,0.5,0,84,x,85,0.003547991,443498.88,0.9998014,0.9998014,True
9B,256,0.5,0,85,x,86,0.0035273028,440912.84,0.9997865,0.9997865,True
9B,256,0.5,0,86,x,87,0.0035069725,438371.56,0.9998108,0.9998108,True
9B,256,0.5,0,87,x,88,0.0034869895,435873.7,0.9997776,0.9997776,True
9B,256,0.5,0,88,x,89,0.0034673444,433418.06,0.9997592,0.9997592,True
9B,256,0.5,0,89,x,90,0.0034480277,431003.47,0.9997822,0.9997822,True
9B,256,0.5,0,90,x,91,0.00342903,428628.75,0.99977475,0.99977475,True
9B,256,0.5,0,91,x,92,0.003410343,426292.88,0.999801,0.999801,True
9B,256,0.5,0,92,x,93,0.0033919583,423994.78,0.99968225,0.99968225,True
9B,256,0.5,0,93,x,94,0.0033738676,421733.44,0.9998057,0.9998057,True
9B,256,0.5,0,94,x,95,0.0033560635,419507.94,0.9997418,0.9997418,True
9B,256,0.5,0,95,x,96,0.0033385383,417317.28,0.9997964,0.9997964,True
9B,256,0.5,0,96,x,97,0.003321285,415160.62,0.9997979,0.9997979,True
9B,256,0.5,0,97,x,98,0.003304296,413037.0,0.9996679,0.9996679,True
9B,256,0.5,0,98,x,99,0.0032875652,410945.66,0.9997871,0.9997871,True
9B,256,0.5,0,99,x,100,0.0032710864,408885.78,0.99978125,0.99978125,True
9B,256,0.5,0,100,x,101,0.0032548525,406856.56,0.999811,0.999811,True
9B,256,0.5,0,101,x,102,0.003238858,404857.25,0.99978817,0.99978817,True
9B,256,0.5,0,102,x,103,0.003223097,402887.12,0.99980265,0.99980265,True
9B,256,0.5,0,103,x,104,0.003207564,400945.5,0.99978733,0.99978733,True
9B,256,0.5,0,104,x,105,0.003192253,399031.62,0.99976957,0.99976957,True
9B,256,0.5,0,105,x,106,0.0031771597,397144.97,0.9997951,0.9997951,True
9B,256,0.5,0,106,x,107,0.0031622783,395284.78,0.9997645,0.9997645,True
9B,256,0.5,0,107,x,108,0.0031476042,393450.53,0.9998035,0.9998035,True
9B,256,0.5,0,108,x,109,0.0031331321,391641.5,0.99976474,0.99976474,True
9B,256,0.5,0,109,x,110,0.0031188582,389857.28,0.9996807,0.9996807,True
9B,256,0.5,0,110,x,111,0.0031047775,388097.2,0.9937518,0.9937518,True
9B,256,0.5,0,111,x,112,0.003090886,386360.75,0.75365394,0.75365394,False
9B,256,0.5,0,112,x,113,0.0030771792,384647.4,0.99981517,0.99981517,True
9B,256,0.5,0,113,x,114,0.003063653,382956.62,0.999804,0.999804,True
9B,256,0.5,0,114,x,115,0.0030503036,381287.94,0.9997865,0.9997865,True
9B,256,0.5,0,115,x,116,0.0030371272,379640.9,0.9998081,0.9998081,True
9B,256,0.5,0,116,x,117,0.0030241201,378015.0,0.99317306,0.99317306,True
9B,256,0.5,0,117,x,118,0.0030112788,376409.84,0.73565364,0.73565364,False
9B,256,0.5,0,118,x,119,0.0029985995,374824.94,0.99981105,0.99981105,True
9B,256,0.5,0,119,x,120,0.0029860795,373259.94,0.99969244,0.99969244,True
9B,256,0.5,0,120,x,121,0.0029737148,371714.34,0.993076,0.993076,True
9B,256,0.5,0,121,x,122,0.0029615022,370187.78,0.7291956,0.7291956,False
9B,256,0.5,0,122,x,123,0.0029494392,368679.9,0.9997964,0.9997964,True
9B,256,0.5,0,123,x,124,0.0029375223,367190.28,0.9998019,0.9998019,True
9B,256,0.5,0,124,x,125,0.0029257482,365718.53,0.994566,0.994566,True
9B,256,0.5,0,125,x,126,0.002914115,364264.38,0.76189184,0.76189184,False
9B,256,0.5,0,126,x,127,0.0029026195,362827.44,0.99975884,0.99975884,True
9B,256,0.5,0,127,x,128,0.0028912588,361407.34,0.9997708,0.9997708,True
9B,256,0.5,0,128,x,129,0.0028800308,360003.84,0.9998026,0.9998026,True
9B,256,0.5,0,129,x,130,0.002868932,358616.5,0.9996752,0.9996752,True
9B,256,0.5,0,130,x,131,0.0028579612,357245.16,0.99980754,0.99980754,True
9B,256,0.5,0,131,x,132,0.002847115,355889.38,0.999776,0.999776,True
9B,256,0.5,0,132,x,133,0.0028363916,354548.94,0.9997684,0.9997684,True
9B,256,0.5,0,133,x,134,0.002825788,353223.5,0.9997959,0.9997959,True
9B,256,0.5,0,134,x,135,0.002815303,351912.88,0.99978447,0.99978447,True
9B,256,0.5,0,135,x,136,0.002804933,350616.62,0.99979734,0.99979734,True
9B,256,0.5,0,136,x,137,0.0027946774,349334.7,0.9997698,0.9997698,True
9B,256,0.5,0,137,x,138,0.0027845334,348066.7,0.9997803,0.9997803,True
9B,256,0.5,0,138,x,139,0.0027744991,346812.38,0.9997944,0.9997944,True
9B,256,0.5,0,139,x,140,0.0027645724,345571.56,0.999789,0.999789,True
9B,256,0.5,0,140,x,141,0.0027547516,344343.94,0.9997235,0.9997235,True
9B,256,0.5,0,141,x,142,0.0027450344,343129.3,0.9998001,0.9998001,True
9B,256,0.5,0,142,x,143,0.0027354197,341927.47,0.99980354,0.99980354,True
9B,256,0.5,0,143,x,144,0.002725905,340738.12,0.99976355,0.99976355,True
9B,256,0.5,0,144,x,145,0.0027164891,339561.16,0.9997616,0.9997616,True
9B,256,0.5,0,145,x,146,0.00270717,338396.25,0.9997986,0.9997986,True
9B,256,0.5,0,146,x,147,0.0026979465,337243.3,0.99972093,0.99972093,True
9B,256,0.5,0,147,x,148,0.0026888163,336102.03,0.9997951,0.9997951,True
9B,256,0.5,0,148,x,149,0.0026797783,334972.28,0.9998213,0.9998213,True
9B,256,0.5,0,149,x,150,0.0026708306,333853.8,0.99978447,0.99978447,True
9B,256,0.5,0,150,x,151,0.0026619723,332746.53,0.9997709,0.9997692,True
9B,256,0.5,0,151,x,152,0.002653201,331650.12,0.99978375,0.99978375,True
9B,256,0.5,0,152,x,153,0.0026445165,330564.56,0.9998133,0.9998133,True
9B,256,0.5,0,153,x,154,0.0026359162,329489.53,0.99980354,0.99980354,True
9B,256,0.5,0,154,x,155,0.0026273995,328424.94,0.99979955,0.99979955,True
9B,256,0.5,0,155,x,156,0.0026189648,327370.6,0.9997931,0.9997931,True
9B,256,0.5,0,156,x,157,0.002610611,326326.38,0.9998044,0.9998044,True
9B,256,0.5,0,157,x,158,0.0026023365,325292.06,0.99980325,0.99980325,True
9B,256,0.5,0,158,x,159,0.0025941401,324267.53,0.99970955,0.99970955,True
9B,256,0.5,0,159,x,160,0.0025860206,323252.56,0.9997487,0.9997487,True
9B,256,0.5,0,160,x,161,0.0025779773,322247.16,0.9997346,0.9997346,True
9B,256,0.5,0,161,x,162,0.002570008,321251.0,0.9997971,0.9997971,True
9B,256,0.5,0,162,x,163,0.0025621124,320264.06,0.99977744,0.99977744,True
9B,256,0.5,0,163,x,164,0.0025542893,319286.16,0.99980474,0.99980474,True
9B,256,0.5,0,164,x,165,0.0025465372,318317.16,0.9998107,0.9998107,True
9B,256,0.5,0,165,x,166,0.0025388552,317356.9,0.9997797,0.9997797,True
9B,256,0.5,0,166,x,167,0.0025312426,316405.3,0.9937568,0.9937568,True
9B,256,0.5,0,167,x,168,0.0025236977,315462.22,0.67731994,0.001286529,False
9B,256,0.5,0,168,x,169,0.0025162203,314527.53,0.9997686,0.9997686,True
9B,256,0.5,0,169,x,170,0.0025088086,313601.1,0.9997859,0.9997859,True
9B,256,0.5,0,170,x,171,0.0025014621,312682.75,0.9997754,0.9997754,True
9B,256,0.5,0,171,x,172,0.0024941799,311772.5,0.99978924,0.99978924,True
9B,256,0.5,0,172,x,173,0.0024869607,310870.1,0.9997781,0.9997781,True
9B,256,0.5,0,173,x,174,0.0024798042,309975.53,0.99979305,0.99979305,True
9B,256,0.5,0,174,x,175,0.002472709,309088.62,0.99977285,0.99977285,True
9B,256,0.5,0,175,x,176,0.002465674,308209.25,0.9997816,0.9997816,True
9B,256,0.5,0,176,x,177,0.0024586988,307337.34,0.9998006,0.9998006,True
9B,256,0.5,0,177,x,178,0.0024517826,306472.8,0.99969906,0.99969906,True
9B,256,0.5,0,178,x,179,0.0024449246,305615.56,0.9997682,0.9997682,True
9B,256,0.5,0,179,x,180,0.0024381236,304765.44,0.9997723,0.9997723,True
9B,256,0.5,0,180,x,181,0.0024313792,303922.4,0.9997748,0.9997748,True
9B,256,0.5,0,181,x,182,0.0024246904,303086.3,0.9997851,0.9997851,True
9B,256,0.5,0,182,x,183,0.0024180566,302257.06,0.9997721,0.9997721,True
9B,256,0.5,0,183,x,184,0.0024114768,301434.6,0.99978346,0.99978346,True
9B,256,0.5,0,184,x,185,0.0024049503,300618.78,0.9997982,0.9997982,True
9B,256,0.5,0,185,x,186,0.0023984767,299809.6,0.99975455,0.99975455,True
9B,256,0.5,0,186,x,187,0.002392055,299006.88,0.99975747,0.99975747,True
9B,256,0.5,0,187,x,188,0.0023856848,298210.6,0.99971235,0.99971235,True
9B,256,0.5,0,188,x,189,0.002379365,297420.62,0.9997934,0.9997934,True
9B,256,0.5,0,189,x,190,0.0023730956,296636.94,0.9998074,0.9998074,True
9B,256,0.5,0,190,x,191,0.0023668748,295859.34,0.99976945,0.99976945,True
9B,256,0.5,0,191,x,192,0.0023607032,295087.9,0.9998009,0.9998009,True
9B,256,0.5,0,192,x,193,0.0023545793,294322.4,0.7108128,0.19755876,False
9B,256,0.5,0,193,x,194,0.0023485029,293562.84,0.9913902,0.9913902,True
9B,256,0.5,0,194,x,195,0.0023424735,292809.2,0.7273098,0.7273098,False
9B,256,0.5,0,195,x,196,0.0023364902,292061.28,0.9931564,0.9931564,True
9B,256,0.5,0,196,x,197,0.0023305523,291319.03,0.686255,0.686255,False
9B,256,0.5,0,197,x,198,0.0023246596,290582.44,0.991577,0.991577,True
9B,256,0.5,0,198,x,199,0.0023188114,289851.4,0.9997982,0.9997982,True
9B,256,0.5,0,199,x,200,0.0023130071,289125.9,0.9997996,0.9997996,True
9B,256,0.5,0,200,x,201,0.0023072462,288405.78,0.9997891,0.9997891,True
9B,256,0.5,0,201,x,202,0.0023015281,287691.0,0.99978745,0.99978745,True
9B,256,0.5,0,202,x,203,0.0022958524,286981.56,0.9997953,0.9997953,True
9B,256,0.5,0,203,x,204,0.0022902184,286277.28,0.9997779,0.9997779,True
9B,256,0.5,0,204,x,205,0.0022846258,285578.22,0.9997828,0.9997828,True
9B,256,0.5,0,205,x,206,0.0022790737,284884.22,0.9998088,0.9998088,True
9B,256,0.5,0,206,x,207,0.0022735621,284195.28,0.99978983,0.99978983,True
9B,256,0.5,0,207,x,208,0.0022680901,283511.28,0.9997877,0.9997877,True
9B,256,0.5,0,208,x,209,0.0022626575,282832.2,0.9997894,0.9997894,True
9B,256,0.5,0,209,x,210,0.002257264,282158.0,0.99976635,0.99976635,True
9B,256,0.5,0,210,x,211,0.0022519086,281488.6,0.99385387,0.99385387,True
9B,256,0.5,0,211,x,212,0.0022465913,280823.9,0.7264093,0.7264093,False
9B,256,0.5,0,212,x,213,0.0022413114,280163.9,0.9998006,0.9998006,True
9B,256,0.5,0,213,x,214,0.0022360685,279508.56,0.9997178,0.9997178,True
9B,256,0.5,0,214,x,215,0.0022308624,278857.8,0.41561845,0.042494107,False
9B,256,0.5,0,215,x,216,0.0022256922,278211.53,0.98657453,0.98657453,True
9B,256,0.5,0,216,x,217,0.002220558,277569.75,0.9997859,0.9997859,True
9B,256,0.5,0,217,x,218,0.002215459,276932.38,0.9997171,0.9997171,True
9B,256,0.5,0,218,x,219,0.0022103952,276299.4,0.99978447,0.99978447,True
9B,256,0.5,0,219,x,220,0.002205366,275670.75,0.999815,0.999815,True
9B,256,0.5,0,220,x,221,0.002200371,275046.38,0.9916653,0.9916653,True
9B,256,0.5,0,221,x,222,0.0021954093,274426.16,0.6572405,0.02488141,False
9B,256,0.5,0,222,x,223,0.0021904814,273810.2,0.72078246,0.72078246,False
9B,256,0.5,0,223,x,224,0.0021855864,273198.28,0.9913542,0.9913542,True
9B,256,0.5,0,224,x,225,0.002180724,272590.5,0.9923235,0.9923235,True
9B,256,0.5,0,225,x,226,0.002175894,271986.75,0.68118954,0.002808923,False
9B,256,0.5,0,226,x,227,0.0021710962,271387.03,0.99978024,0.99978024,True
9B,256,0.5,0,227,x,228,0.0021663297,270791.22,0.99980474,0.99980474,True
9B,256,0.5,0,228,x,229,0.0021615946,270199.3,0.9997724,0.9997724,True
9B,256,0.5,0,229,x,230,0.0021568905,269611.3,0.9997902,0.9997902,True
9B,256,0.5,0,230,x,231,0.0021522166,269027.06,0.9998088,0.9998088,True
9B,256,0.5,0,231,x,232,0.0021475733,268446.66,0.9997998,0.9997998,True
9B,256,0.5,0,232,x,233,0.0021429597,267869.97,0.68627036,0.11882377,False
9B,256,0.5,0,233,x,234,0.0021383762,267297.03,0.99372053,0.99372053,True
9B,256,0.5,0,234,x,235,0.0021338214,266727.66,0.99981326,0.99981326,True
9B,256,0.5,0,235,x,236,0.0021292956,266161.94,0.9997901,0.9997901,True
9B,256,0.5,0,236,x,237,0.0021247987,265599.84,0.9997877,0.9997877,True
9B,256,0.5,0,237,x,238,0.0021203302,265041.28,0.9997906,0.9997906,True
9B,256,0.5,0,238,x,239,0.0021158897,264486.22,0.55819374,0.002446331,False
9B,256,0.5,0,239,x,240,0.002111477,263934.62,0.991051,0.991051,True
9B,256,0.5,0,240,x,241,0.002107092,263386.5,0.9997724,0.9997724,True
9B,256,0.5,0,241,x,242,0.0021027338,262841.72,0.9998045,0.9998045,True
9B,256,0.5,0,242,x,243,0.0020984027,262300.34,0.9942982,0.9942982,True
9B,256,0.5,0,243,x,244,0.0020940984,261762.3,0.69311106,0.02174105,False
9B,256,0.5,0,244,x,245,0.0020898203,261227.55,0.6983336,0.060162347,False
9B,256,0.5,0,245,x,246,0.0020855684,260696.05,0.99076736,0.99076736,True
9B,256,0.5,0,246,x,247,0.0020813423,260167.78,0.9998112,0.9998112,True
9B,256,0.5,0,247,x,248,0.0020771418,259642.72,0.99977183,0.99977183,True
9B,256,0.5,0,248,x,249,0.0020729667,259120.83,0.99274385,0.99274385,True
9B,256,0.5,0,249,x,250,0.0020688165,258602.06,0.69148827,0.023025695,False
9B,256,0.5,0,250,x,251,0.0020646914,258086.42,0.99977076,0.99977076,True
9B,256,0.5,0,251,x,252,0.0020605905,257573.81,0.99978054,0.99978054,True
9B,256,0.5,0,252,x,253,0.0020565141,257064.27,0.6872164,0.0008228328,False
9B,256,0.5,0,253,x,254,0.0020524622,256557.78,0.9929744,0.9929744,True
9B,256,0.5,0,254,x,255,0.0020484335,256054.19,0.64766514,0.037150647,False
9B,256,0.5,0,255,x,256,0.0020444288,255553.61,0.99085605,0.99085605,True
9B,256,0.5,0,256,y,1,0.03271086,4088857.8,0.9998181,0.9998181,True
9B,256,0.5,0,257,y,2,0.02313007,2891258.8,0.99981356,0.99980664,True
9B,256,0.5,0,258,y,3,0.018885626,2360703.2,0.99981797,0.99981797,True
9B,256,0.5,0,259,y,4,0.01635543,2044428.9,0.9998193,0.9998193,True
9B,256,0.5,0,260,y,5,0.014628741,1828592.6,0.99981856,0.99981856,True
9B,256,0.5,0,261,y,6,0.013354153,1669269.1,0.9997862,0.9997862,True
9B,256,0.5,0,262,y,7,0.012363544,1545443.0,0.99979115,0.99979115,True
9B,256,0.5,0,263,y,8,0.011565035,1445629.4,0.99978375,0.99978375,True
9B,256,0.5,0,264,y,9,0.01090362,1362952.5,0.99979556,0.99979556,True
9B,256,0.5,0,265,y,10,0.0103440825,1293010.2,0.99979866,0.99979866,True
9B,256,0.5,0,266,y,11,0.009862696,1232837.0,0.9095189,0.9095189,True
9B,256,0.5,0,267,y,12,0.009442813,1180351.6,0.99516785,0.99516785,True
9B,256,0.5,0,268,y,13,0.009072361,1134045.1,0.999786,0.999786,True
9B,256,0.5,0,269,y,14,0.0087423455,1092793.1,0.99976724,0.99976724,True
9B,256,0.5,0,270,y,15,0.008445908,1055738.5,0.99980325,0.99980325,True
9B,256,0.5,0,271,y,16,0.008177715,1022214.44,0.99981284,0.99981284,True
9B,256,0.5,0,272,y,17,0.00793355,991693.7,0.99976754,0.99976754,True
9B,256,0.5,0,273,y,18,0.0077100242,963753.0,0.9997629,0.9997629,True
9B,256,0.5,0,274,y,19,0.007504386,938048.25,0.99980825,0.99980825,True
9B,256,0.5,0,275,y,20,0.0073143705,914296.3,0.99977875,0.99977875,True
9B,256,0.5,0,276,y,21,0.007138095,892261.9,0.99980295,0.99980295,True
9B,256,0.5,0,277,y,22,0.006973979,871747.4,0.9998094,0.9998094,True
9B,256,0.5,0,278,y,23,0.006820686,852585.75,0.99978495,0.99978495,True
9B,256,0.5,0,279,y,24,0.0066770767,834634.56,0.99980664,0.99980664,True
9B,256,0.5,0,280,y,25,0.0065421727,817771.56,0.99981475,0.99981475,True
9B,256,0.5,0,281,y,26,0.006415128,801891.0,0.99982154,0.99982154,True
9B,256,0.5,0,282,y,27,0.0062952084,786901.06,0.9997953,0.9997953,True
9B,256,0.5,0,283,y,28,0.006181772,772721.5,0.9998202,0.9998202,True
9B,256,0.5,0,284,y,29,0.0060742544,759281.8,0.99981135,0.99981135,True
9B,256,0.5,0,285,y,30,0.005972159,746519.9,0.99974465,0.99974465,True
9B,256,0.5,0,286,y,31,0.0058750445,734380.56,0.99981844,0.99981844,True
9B,256,0.5,0,287,y,32,0.0057825176,722814.7,0.99980545,0.99980545,True
9B,256,0.5,0,288,y,33,0.00569423,711778.75,0.9998057,0.9998057,True
9B,256,0.5,0,289,y,34,0.005609866,701233.25,0.9996655,0.9996655,True
9B,256,0.5,0,290,y,35,0.005529145,691143.1,0.99978,0.99978,True
9B,256,0.5,0,291,y,36,0.00545181,681476.25,0.9997881,0.9997881,True
9B,256,0.5,0,292,y,37,0.0053776326,672204.06,0.9997655,0.9997655,True
9B,256,0.5,0,293,y,38,0.005306402,663300.25,0.9998119,0.9998119,True
9B,256,0.5,0,294,y,39,0.0052379295,654741.2,0.9997913,0.9997913,True
9B,256,0.5,0,295,y,40,0.0051720412,646505.1,0.9998001,0.9998001,True
9B,256,0.5,0,296,y,41,0.0051085786,638572.3,0.9997741,0.9997741,True
9B,256,0.5,0,297,y,42,0.0050473954,630924.44,0.9997841,0.9997841,True
9B,256,0.5,0,298,y,43,0.0049883598,623545.0,0.99979675,0.99979675,True
9B,256,0.5,0,299,y,44,0.004931348,616418.5,0.9997849,0.9997849,True
9B,256,0.5,0,300,y,45,0.004876247,609530.9,0.9997045,0.9997045,True
9B,256,0.5,0,301,y,46,0.0048229536,602869.2,0.99970317,0.99970317,True
9B,256,0.5,0,302,y,47,0.0047713695,596421.2,0.99979985,0.99979985,True
9B,256,0.5,0,303,y,48,0.0047214064,590175.8,0.9997854,0.9997854,True
9B,256,0.5,0,304,y,49,0.0046729804,584122.56,0.9997313,0.9997313,True
9B,256,0.5,0,305,y,50,0.0046260143,578251.8,0.99980974,0.99980974,True
9B,256,0.5,0,306,y,51,0.0045804367,572554.56,0.9998051,0.9998051,True
9B,256,0.5,0,307,y,52,0.0045361803,567022.56,0.99975264,0.99975264,True
9B,256,0.5,0,308,y,53,0.0044931825,561647.8,0.9997948,0.9997948,True
9B,256,0.5,0,309,y,54,0.0044513843,556423.06,0.99980116,0.99980116,True
9B,256,0.5,0,310,y,55,0.004410732,551341.5,0.7957448,0.7957448,False
9B,256,0.5,0,311,y,56,0.0043711727,546396.56,0.9948163,0.9948163,True
9B,256,0.5,0,312,y,57,0.0043326593,541582.44,0.9998023,0.9998023,True
9B,256,0.5,0,313,y,58,0.0042951466,536893.3,0.9998028,0.9998028,True
9B,256,0.5,0,314,y,59,0.004258591,532323.9,0.9997854,0.9997854,True
9B,256,0.5,0,315,y,60,0.004222954,527869.25,0.9997862,0.9997862,True
9B,256,0.5,0,316,y,61,0.0041881967,523524.6,0.9998162,0.9998162,True
9B,256,0.5,0,317,y,62,0.0041542836,519285.44,0.9997827,0.9997827,True
9B,256,0.5,0,318,y,63,0.004121181,515147.62,0.999812,0.999812,True
9B,256,0.5,0,319,y,64,0.0040888577,511107.22,0.999822,0.999822,True
9B,256,0.5,0,320,y,65,0.0040572826,507160.3,0.99976194,0.99976194,True
9B,256,0.5,0,321,y,66,0.004026429,503303.6,0.9997684,0.9997684,True
9B,256,0.5,0,322,y,67,0.003996268,499533.5,0.9998011,0.9998011,True
9B,256,0.5,0,323,y,68,0.003966775,495846.84,0.9997689,0.9997689,True
9B,256,0.5,0,324,y,69,0.0039379247,492240.6,0.99403024,0.99403024,True
9B,256,0.5,0,325,y,70,0.0039096954,488711.94,0.79417264,0.79417264,False
9B,256,0.5,0,326,y,71,0.003882065,485258.12,0.99980587,0.99980587,True
9B,256,0.5,0,327,y,72,0.0038550121,481876.5,0.9997063,0.9997063,True
9B,256,0.5,0,328,y,73,0.0038285167,478564.6,0.99978316,0.99978316,True
9B,256,0.5,0,329,y,74,0.0038025603,475320.03,0.99980104,0.99980104,True
9B,256,0.5,0,330,y,75,0.003777125,472140.62,0.99976516,0.99976516,True
9B,256,0.5,0,331,y,76,0.003752193,469024.12,0.99978065,0.99978065,True
9B,256,0.5,0,332,y,77,0.0037277485,465968.56,0.9996895,0.9996895,True
9B,256,0.5,0,333,y,78,0.0037037758,462971.97,0.9997953,0.9997953,True
9B,256,0.5,0,334,y,79,0.0036802595,460032.44,0.9998063,0.9998063,True
9B,256,0.5,0,335,y,80,0.0036571852,457148.16,0.99978274,0.99978274,True
9B,256,0.5,0,336,y,81,0.0036345404,454317.53,0.9997903,0.9997903,True
9B,256,0.5,0,337,y,82,0.0036123104,451538.8,0.999807,0.999807,True
9B,256,0.5,0,338,y,83,0.0035904835,448810.44,0.9998044,0.9998044,True
9B,256,0.5,0,339,y,84,0.0035690474,446130.94,0.9997864,0.9997864,True
9B,256,0.5,0,340,y,85,0.003547991,443498.88,0.9997881,0.9997881,True
9B,256,0.5,0,341,y,86,0.0035273028,440912.84,0.9997377,0.9997377,True
9B,256,0.5,0,342,y,87,0.0035069725,438371.56,0.99979866,0.99979866,True
9B,256,0.5,0,343,y,88,0.0034869895,435873.7,0.99978423,0.99978423,True
9B,256,0.5,0,344,y,89,0.0034673444,433418.06,0.9997883,0.9997883,True
9B,256,0.5,0,345,y,90,0.0034480277,431003.47,0.99978614,0.99978614,True
9B,256,0.5,0,346,y,91,0.00342903,428628.75,0.9998003,0.9998003,True
9B,256,0.5,0,347,y,92,0.003410343,426292.88,0.9997805,0.9997805,True
9B,256,0.5,0,348,y,93,0.0033919583,423994.78,0.99975014,0.99975014,True
9B,256,0.5,0,349,y,94,0.0033738676,421733.44,0.9998021,0.9998021,True
9B,256,0.5,0,350,y,95,0.0033560635,419507.94,0.9997966,0.9997966,True
9B,256,0.5,0,351,y,96,0.0033385383,417317.28,0.9997724,0.9997724,True
9B,256,0.5,0,352,y,97,0.003321285,415160.62,0.99979866,0.99979866,True
9B,256,0.5,0,353,y,98,0.003304296,413037.0,0.9998063,0.9998063,True
9B,256,0.5,0,354,y,99,0.0032875652,410945.66,0.9997966,0.9997966,True
9B,256,0.5,0,355,y,100,0.0032710864,408885.78,0.99981344,0.99981344,True
9B,256,0.5,0,356,y,101,0.0032548525,406856.56,0.9942219,0.9942219,True
9B,256,0.5,0,357,y,102,0.003238858,404857.25,0.751362,0.751362,False
9B,256,0.5,0,358,y,103,0.003223097,402887.12,0.9997872,0.9997872,True
9B,256,0.5,0,359,y,104,0.003207564,400945.5,0.999784,0.999784,True
9B,256,0.5,0,360,y,105,0.003192253,399031.62,0.9997088,0.9997088,True
9B,256,0.5,0,361,y,106,0.0031771597,397144.97,0.99979115,0.99979115,True
9B,256,0.5,0,362,y,107,0.0031622783,395284.78,0.9997647,0.9997647,True
9B,256,0.5,0,363,y,108,0.0031476042,393450.53,0.999771,0.999771,True
9B,256,0.5,0,364,y,109,0.0031331321,391641.5,0.9937477,0.9937477,True
9B,256,0.5,0,365,y,110,0.0031188582,389857.28,0.706874,0.11156968,False
9B,256,0.5,0,366,y,111,0.0031047775,388097.2,0.9997284,0.9997284,True
9B,256,0.5,0,367,y,112,0.003090886,386360.75,0.9997681,0.9997681,True
9B,256,0.5,0,368,y,113,0.0030771792,384647.4,0.9998052,0.9998052,True
9B,256,0.5,0,369,y,114,0.003063653,382956.62,0.99977636,0.99977636,True
9B,256,0.5,0,370,y,115,0.0030503036,381287.94,0.75119233,0.75119233,False
9B,256,0.5,0,371,y,116,0.0030371272,379640.9,0.99382496,0.99382496,True
9B,256,0.5,0,372,y,117,0.0030241201,378015.0,0.9998113,0.9998113,True
9B,256,0.5,0,373,y,118,0.0030112788,376409.84,0.9997483,0.9997483,True
9B,256,0.5,0,374,y,119,0.0029985995,374824.94,0.9942136,0.9942136,True
9B,256,0.5,0,375,y,120,0.0029860795,373259.94,0.70731175,0.70731175,False
9B,256,0.5,0,376,y,121,0.0029737148,371714.34,0.99980867,0.99980867,True
9B,256,0.5,0,377,y,122,0.0029615022,370187.78,0.99976456,0.99976456,True
9B,256,0.5,0,378,y,123,0.0029494392,368679.9,0.99977124,0.99977124,True
9B,256,0.5,0,379,y,124,0.0029375223,367190.28,0.99979496,0.99979496,True
9B,256,0.5,0,380,y,125,0.0029257482,365718.53,0.9997834,0.9997834,True
9B,256,0.5,0,381,y,126,0.002914115,364264.38,0.9997974,0.9997974,True
9B,256,0.5,0,382,y,127,0.0029026195,362827.44,0.99979806,0.99979806,True
9B,256,0.5,0,383,y,128,0.0028912588,361407.34,0.9998218,0.9998218,True
9B,256,0.5,0,384,y,129,0.0028800308,360003.84,0.75633454,0.75633454,False
9B,256,0.5,0,385,y,130,0.002868932,358616.5,0.99451876,0.99451876,True
9B,256,0.5,0,386,y,131,0.0028579612,357245.16,0.99520123,0.99520123,True
9B,256,0.5,0,387,y,132,0.002847115,355889.38,0.74948776,0.74948776,False
9B,256,0.5,0,388,y,133,0.0028363916,354548.94,0.99977535,0.99977535,True
9B,256,0.5,0,389,y,134,0.002825788,353223.5,0.99976695,0.99976695,True
9B,256,0.5,0,390,y,135,0.002815303,351912.88,0.9997834,0.9997834,True
9B,256,0.5,0,391,y,136,0.002804933,350616.62,0.99980116,0.99979234,True
9B,256,0.5,0,392,y,137,0.0027946774,349334.7,0.9997834,0.9997834,True
9B,256,0.5,0,393,y,138,0.0027845334,348066.7,0.99977154,0.99977154,True
9B,256,0.5,0,394,y,139,0.0027744991,346812.38,0.95341635,0.95341635,True
9B,256,0.5,0,395,y,140,0.0027645724,345571.56,0.95809734,0.95809734,True
9B,256,0.5,0,396,y,141,0.0027547516,344343.94,0.7273471,0.08085422,False
9B,256,0.5,0,397,y,142,0.0027450344,343129.3,0.9933578,0.9933578,True
9B,256,0.5,0,398,y,143,0.0027354197,341927.47,0.99979126,0.99979126,True
9B,256,0.5,0,399,y,144,0.002725905,340738.12,0.99978447,0.99978447,True
9B,256,0.5,0,400,y,145,0.0027164891,339561.16,0.9997838,0.9997838,True
9B,256,0.5,0,401,y,146,0.00270717,338396.25,0.9997906,0.9997906,True
9B,256,0.5,0,402,y,147,0.0026979465,337243.3,0.9997773,0.9997773,True
9B,256,0.5,0,403,y,148,0.0026888163,336102.03,0.9998028,0.9998028,True
9B,256,0.5,0,404,y,149,0.0026797783,334972.28,0.9998025,0.9998025,True
9B,256,0.5,0,405,y,150,0.0026708306,333853.8,0.9997751,0.9997751,True
9B,256,0.5,0,406,y,151,0.0026619723,332746.53,0.9998096,0.9998096,True
9B,256,0.5,0,407,y,152,0.002653201,331650.12,0.99976313,0.99976313,True
9B,256,0.5,0,408,y,153,0.0026445165,330564.56,0.65985274,0.0018782364,False
9B,256,0.5,0,409,y,154,0.0026359162,329489.53,0.99179053,0.99179053,True
9B,256,0.5,0,410,y,155,0.0026273995,328424.94,0.99974734,0.99974734,True
9B,256,0.5,0,411,y,156,0.0026189648,327370.6,0.9998138,0.9998138,True
9B,256,0.5,0,412,y,157,0.002610611,326326.38,0.9998159,0.9998159,True
9B,256,0.5,0,413,y,158,0.0026023365,325292.06,0.999807,0.999807,True
9B,256,0.5,0,414,y,159,0.0025941401,324267.53,0.68427926,0.10630662,False
9B,256,0.5,0,415,y,160,0.0025860206,323252.56,0.99314594,0.99314594,True
9B,256,0.5,0,416,y,161,0.0025779773,322247.16,0.99086916,0.99086916,True
9B,256,0.5,0,417,y,162,0.002570008,321251.0,0.7320949,0.7320949,False
9B,256,0.5,0,418,y,163,0.0025621124,320264.06,0.99978757,0.99978757,True
9B,256,0.5,0,419,y,164,0.0025542893,319286.16,0.9998152,0.9998152,True
9B,256,0.5,0,420,y,165,0.0025465372,318317.16,0.9996645,0.9996645,True
9B,256,0.5,0,421,y,166,0.0025388552,317356.9,0.99979097,0.99979097,True
9B,256,0.5,0,422,y,167,0.0025312426,316405.3,0.9998044,0.9998044,True
9B,256,0.5,0,423,y,168,0.0025236977,315462.22,0.9996748,0.9996748,True
9B,256,0.5,0,424,y,169,0.0025162203,314527.53,0.9997653,0.9997653,True
9B,256,0.5,0,425,y,170,0.0025088086,313601.1,0.99978185,0.99978185,True
9B,256,0.5,0,426,y,171,0.0025014621,312682.75,0.9998161,0.9998161,True
9B,256,0.5,0,427,y,172,0.0024941799,311772.5,0.9997932,0.9997932,True
9B,256,0.5,0,428,y,173,0.0024869607,310870.1,0.9998026,0.9998026,True
9B,256,0.5,0,429,y,174,0.0024798042,309975.53,0.9997598,0.9997598,True
9B,256,0.5,0,430,y,175,0.002472709,309088.62,0.9997385,0.9997385,True
9B,256,0.5,0,431,y,176,0.002465674,308209.25,0.9998094,0.9998094,True
9B,256,0.5,0,432,y,177,0.0024586988,307337.34,0.9997851,0.9997851,True
9B,256,0.5,0,433,y,178,0.0024517826,306472.8,0.99979603,0.99979603,True
9B,256,0.5,0,434,y,179,0.0024449246,305615.56,0.9997827,0.9997827,True
9B,256,0.5,0,435,y,180,0.0024381236,304765.44,0.99978757,0.99978757,True
9B,256,0.5,0,436,y,181,0.0024313792,303922.4,0.9997965,0.9997965,True
9B,256,0.5,0,437,y,182,0.0024246904,303086.3,0.9997722,0.9997722,True
9B,256,0.5,0,438,y,183,0.0024180566,302257.06,0.9997597,0.9997597,True
9B,256,0.5,0,439,y,184,0.0024114768,301434.6,0.30146435,0.0055592502,False
9B,256,0.5,0,440,y,185,0.0024049503,300618.78,0.99976814,0.99976814,True
9B,256,0.5,0,441,y,186,0.0023984767,299809.6,0.99978715,0.99978715,True
9B,256,0.5,0,442,y,187,0.002392055,299006.88,0.98960185,0.98960185,True
9B,256,0.5,0,443,y,188,0.0023856848,298210.6,0.6055987,0.065893196,False
9B,256,0.5,0,444,y,189,0.002379365,297420.62,0.9997982,0.9997982,True
9B,256,0.5,0,445,y,190,0.0023730956,296636.94,0.99979436,0.99979436,True
9B,256,0.5,0,446,y,191,0.0023668748,295859.34,0.9928578,0.9928578,True
9B,256,0.5,0,447,y,192,0.0023607032,295087.9,0.72237253,0.72237253,False
9B,256,0.5,0,448,y,193,0.0023545793,294322.4,0.9931655,0.9931655,True
9B,256,0.5,0,449,y,194,0.0023485029,293562.84,0.6619643,0.0014408715,False
9B,256,0.5,0,450,y,195,0.0023424735,292809.2,0.99978983,0.99978983,True
9B,256,0.5,0,451,y,196,0.0023364902,292061.28,0.9997949,0.9997949,True
9B,256,0.5,0,452,y,197,0.0023305523,291319.03,0.9997474,0.9997474,True
9B,256,0.5,0,453,y,198,0.0023246596,290582.44,0.99979186,0.99979186,True
9B,256,0.5,0,454,y,199,0.0023188114,289851.4,0.99979603,0.99978644,True
9B,256,0.5,0,455,y,200,0.0023130071,289125.9,0.99981785,0.99981785,True
9B,256,0.5,0,456,y,201,0.0023072462,288405.78,0.99980456,0.99980456,True
9B,256,0.5,0,457,y,202,0.0023015281,287691.0,0.9998061,0.9998061,True
9B,256,0.5,0,458,y,203,0.0022958524,286981.56,0.9998044,0.9998044,True
9B,256,0.5,0,459,y,204,0.0022902184,286277.28,0.999681,0.999681,True
9B,256,0.5,0,460,y,205,0.0022846258,285578.22,0.9891715,0.9891715,True
9B,256,0.5,0,461,y,206,0.0022790737,284884.22,0.6600343,-0.0003528142,False
9B,256,0.5,0,462,y,207,0.0022735621,284195.28,0.9919231,0.9919231,True
9B,256,0.5,0,463,y,208,0.0022680901,283511.28,0.6076465,0.0016126744,False
9B,256,0.5,0,464,y,209,0.0022626575,282832.2,0.99981105,0.99981105,True
9B,256,0.5,0,465,y,210,0.002257264,282158.0,0.99972725,0.99972725,True
9B,256,0.5,0,466,y,211,0.0022519086,281488.6,0.9997891,0.9997891,True
9B,256,0.5,0,467,y,212,0.0022465913,280823.9,0.9997968,0.9997968,True
9B,256,0.5,0,468,y,213,0.0022413114,280163.9,0.99323034,0.99323034,True
9B,256,0.5,0,469,y,214,0.0022360685,279508.56,0.70335966,0.70335966,False
9B,256,0.5,0,470,y,215,0.0022308624,278857.8,0.9928726,0.9928726,True
9B,256,0.5,0,471,y,216,0.0022256922,278211.53,0.7157607,0.7157607,False
9B,256,0.5,0,472,y,217,0.002220558,277569.75,0.9998461,0.9998461,True
9B,256,0.5,0,473,y,218,0.002215459,276932.38,0.2537725,0.09070313,False
9B,256,0.5,0,474,y,219,0.0022103952,276299.4,0.99979866,0.99979866,True
9B,256,0.5,0,475,y,220,0.002205366,275670.75,0.9997617,0.9997617,True
9B,256,0.5,0,476,y,221,0.002200371,275046.38,0.99234605,0.99234605,True
9B,256,0.5,0,477,y,222,0.0021954093,274426.16,0.702216,0.0006602709,False
9B,256,0.5,0,478,y,223,0.0021904814,273810.2,0.9997891,0.9997891,True
9B,256,0.5,0,479,y,224,0.0021855864,273198.28,0.9998072,0.9998072,True
9B,256,0.5,0,480,y,225,0.002180724,272590.5,0.99977916,0.99977916,True
9B,256,0.5,0,481,y,226,0.002175894,271986.75,0.9997973,0.9997973,True
9B,256,0.5,0,482,y,227,0.0021710962,271387.03,0.9997144,0.9997144,True
9B,256,0.5,0,483,y,228,0.0021663297,270791.22,0.99978137,0.99978137,True
9B,256,0.5,0,484,y,229,0.0021615946,270199.3,0.99980384,0.99980384,True
9B,256,0.5,0,485,y,230,0.0021568905,269611.3,0.99982136,0.99982136,True
9B,256,0.5,0,486,y,231,0.0021522166,269027.06,0.7119201,0.7119201,False
9B,256,0.5,0,487,y,232,0.0021475733,268446.66,0.99408126,0.99408126,True
9B,256,0.5,0,488,y,233,0.0021429597,267869.97,0.99981546,0.99981546,True
9B,256,0.5,0,489,y,234,0.0021383762,267297.03,0.9998093,0.9998093,True
9B,256,0.5,0,490,y,235,0.0021338214,266727.66,0.9998022,0.9998022,True
9B,256,0.5,0,491,y,236,0.0021292956,266161.94,0.99978447,0.99978447,True
9B,256,0.5,0,492,y,237,0.0021247987,265599.84,0.9997276,0.9997276,True
9B,256,0.5,0,493,y,238,0.0021203302,265041.28,0.99977994,0.99977994,True
9B,256,0.5,0,494,y,239,0.0021158897,264486.22,0.99978864,0.99978864,True
9B,256,0.5,0,495,y,240,0.002111477,263934.62,0.99979115,0.99979115,True
9B,256,0.5,0,496,y,241,0.002107092,263386.5,0.99113065,0.99113065,True
9B,256,0.5,0,497,y,242,0.0021027338,262841.72,0.6541506,0.029822493,False
9B,256,0.5,0,498,y,243,0.0020984027,262300.34,0.9997394,0.9997394,True
9B,256,0.5,0,499,y,244,0.0020940984,261762.3,0.99976945,0.99976945,True
9B,256,0.5,0,500,y,245,0.0020898203,261227.55,0.99979115,0.99979115,True
9B,256,0.5,0,501,y,246,0.0020855684,260696.05,0.99977195,0.99977195,True
9B,256,0.5,0,502,y,247,0.0020813423,260167.78,0.9997771,0.9997771,True
9B,256,0.5,0,503,y,248,0.0020771418,259642.72,0.9996134,0.9996134,True
9B,256,0.5,0,504,y,249,0.0020729667,259120.83,0.9996208,0.9996208,True
9B,256,0.5,0,505,y,250,0.0020688165,258602.06,0.9997728,0.9997728,True
9B,256,0.5,0,506,y,251,0.0020646914,258086.42,0.99978995,0.99978995,True
9B,256,0.5,0,507,y,252,0.0020605905,257573.81,0.9997902,0.9997902,True
9B,256,0.5,0,508,y,253,0.0020565141,257064.27,0.99978864,0.99978864,True
9B,256,0.5,0,509,y,254,0.0020524622,256557.78,0.99979824,0.99979824,True
9B,256,0.5,0,510,y,255,0.0020484335,256054.19,0.99976504,0.99976504,True
9B,256,0.5,0,511,y,256,0.0020444288,255553.61,0.9997918,0.9997918,True
9B,256,0.5,1,0,x,1,0.03271086,4088857.8,0.9998865,0.9998865,True
9B,256,0.5,1,1,x,2,0.02313007,2891258.8,0.99987775,0.99987775,True
9B,256,0.5,1,2,x,3,0.018885626,2360703.2,0.99986756,0.99986756,True
9B,256,0.5,1,3,x,4,0.01635543,2044428.9,0.9998695,0.9998695,True
9B,256,0.5,1,4,x,5,0.014628741,1828592.6,0.9998645,0.9998645,True
9B,256,0.5,1,5,x,6,0.013354153,1669269.1,0.9998779,0.9998779,True
9B,256,0.5,1,6,x,7,0.012363544,1545443.0,0.9998677,0.9998677,True
9B,256,0.5,1,7,x,8,0.011565035,1445629.4,0.9998553,0.9998553,True
9B,256,0.5,1,8,x,9,0.01090362,1362952.5,0.999843,0.999843,True
9B,256,0.5,1,9,x,10,0.0103440825,1293010.2,0.99987084,0.9998677,True
9B,256,0.5,1,10,x,11,0.009862696,1232837.0,0.9998551,0.9998551,True
9B,256,0.5,1,11,x,12,0.009442813,1180351.6,0.99985397,0.99985397,True
9B,256,0.5,1,12,x,13,0.009072361,1134045.1,0.9998653,0.9998653,True
9B,256,0.5,1,13,x,14,0.0087423455,1092793.1,0.99986875,0.99986875,True
9B,256,0.5,1,14,x,15,0.008445908,1055738.5,0.9998492,0.9998492,True
9B,256,0.5,1,15,x,16,0.008177715,1022214.44,0.9998307,0.9998307,True
9B,256,0.5,1,16,x,17,0.00793355,991693.7,0.9998682,0.9998682,True
9B,256,0.5,1,17,x,18,0.0077100242,963753.0,0.99985427,0.99985427,True
9B,256,0.5,1,18,x,19,0.007504386,938048.25,0.99987155,0.99987155,True
9B,256,0.5,1,19,x,20,0.0073143705,914296.3,0.9998269,0.9998269,True
9B,256,0.5,1,20,x,21,0.007138095,892261.9,0.9998682,0.9998682,True
9B,256,0.5,1,21,x,22,0.006973979,871747.4,0.99983424,0.99983424,True
9B,256,0.5,1,22,x,23,0.006820686,852585.75,0.9998354,0.9998354,True
9B,256,0.5,1,23,x,24,0.0066770767,834634.56,0.9998574,0.9998574,True
9B,256,0.5,1,24,x,25,0.0065421727,817771.56,0.9998519,0.9998519,True
9B,256,0.5,1,25,x,26,0.006415128,801891.0,0.9998487,0.9998487,True
9B,256,0.5,1,26,x,27,0.0062952084,786901.06,0.99987435,0.99987435,True
9B,256,0.5,1,27,x,28,0.006181772,772721.5,0.9998593,0.9998593,True
9B,256,0.5,1,28,x,29,0.0060742544,759281.8,0.9998374,0.9998374,True
9B,256,0.5,1,29,x,30,0.005972159,746519.9,0.9998727,0.9998727,True
9B,256,0.5,1,30,x,31,0.0058750445,734380.56,0.99984574,0.99984574,True
9B,256,0.5,1,31,x,32,0.0057825176,722814.7,0.99986625,0.99986625,True
9B,256,0.5,1,32,x,33,0.00569423,711778.75,0.83376,0.83376,False
9B,256,0.5,1,33,x,34,0.005609866,701233.25,0.9945822,0.9945822,True
9B,256,0.5,1,34,x,35,0.005529145,691143.1,0.9998635,0.9998635,True
9B,256,0.5,1,35,x,36,0.00545181,681476.25,0.99982125,0.99982125,True
9B,256,0.5,1,36,x,37,0.0053776326,672204.06,0.9998441,0.9998441,True
9B,256,0.5,1,37,x,38,0.005306402,663300.25,0.99986625,0.99986625,True
9B,256,0.5,1,38,x,39,0.0052379295,654741.2,0.99985397,0.99985397,True
9B,256,0.5,1,39,x,40,0.0051720412,646505.1,0.9998466,0.9998466,True
9B,256,0.5,1,40,x,41,0.0051085786,638572.3,0.9998293,0.9998293,True
9B,256,0.5,1,41,x,42,0.0050473954,630924.44,0.9998244,0.9998244,True
9B,256,0.5,1,42,x,43,0.0049883598,623545.0,0.99986076,0.99986076,True
9B,256,0.5,1,43,x,44,0.004931348,616418.5,0.99985087,0.99985087,True
9B,256,0.5,1,44,x,45,0.004876247,609530.9,0.99985754,0.99985754,True
9B,256,0.5,1,45,x,46,0.0048229536,602869.2,0.99983084,0.99983084,True
9B,256,0.5,1,46,x,47,0.0047713695,596421.2,0.9998541,0.9998541,True
9B,256,0.5,1,47,x,48,0.0047214064,590175.8,0.9998205,0.9998205,True
9B,256,0.5,1,48,x,49,0.0046729804,584122.56,0.9998455,0.9998455,True
9B,256,0.5,1,49,x,50,0.0046260143,578251.8,0.9998564,0.9998564,True
9B,256,0.5,1,50,x,51,0.0045804367,572554.56,0.9998627,0.9998627,True
9B,256,0.5,1,51,x,52,0.0045361803,567022.56,0.9998704,0.9998704,True
9B,256,0.5,1,52,x,53,0.0044931825,561647.8,0.9998666,0.9998666,True
9B,256,0.5,1,53,x,54,0.0044513843,556423.06,0.9998462,0.9998462,True
9B,256,0.5,1,54,x,55,0.004410732,551341.5,0.99986756,0.99986756,True
9B,256,0.5,1,55,x,56,0.0043711727,546396.56,0.9998592,0.9998592,True
9B,256,0.5,1,56,x,57,0.0043326593,541582.44,0.99987185,0.99987185,True
9B,256,0.5,1,57,x,58,0.0042951466,536893.3,0.9998565,0.9998565,True
9B,256,0.5,1,58,x,59,0.004258591,532323.9,0.99985373,0.99985373,True
9B,256,0.5,1,59,x,60,0.004222954,527869.25,0.9998262,0.9998262,True
9B,256,0.5,1,60,x,61,0.0041881967,523524.6,0.9998529,0.9998529,True
9B,256,0.5,1,61,x,62,0.0041542836,519285.44,0.9998587,0.9998568,True
9B,256,0.5,1,62,x,63,0.004121181,515147.62,0.99986094,0.99986094,True
9B,256,0.5,1,63,x,64,0.0040888577,511107.22,0.9998561,0.9998561,True
9B,256,0.5,1,64,x,65,0.0040572826,507160.3,0.99982846,0.99982846,True
9B,256,0.5,1,65,x,66,0.004026429,503303.6,0.9998648,0.9998648,True
9B,256,0.5,1,66,x,67,0.003996268,499533.5,0.7846851,0.7846851,False
9B,256,0.5,1,67,x,68,0.003966775,495846.84,0.9926971,0.9926971,True
9B,256,0.5,1,68,x,69,0.0039379247,492240.6,0.9998466,0.9998466,True
9B,256,0.5,1,69,x,70,0.0039096954,488711.94,0.99985826,0.9998313,True
9B,256,0.5,1,70,x,71,0.003882065,485258.12,0.9998641,0.9998641,True
9B,256,0.5,1,71,x,72,0.0038550121,481876.5,0.99986714,0.99986714,True
9B,256,0.5,1,72,x,73,0.0038285167,478564.6,0.99984837,0.99984837,True
9B,256,0.5,1,73,x,74,0.0038025603,475320.03,0.9998521,0.9998521,True
9B,256,0.5,1,74,x,75,0.003777125,472140.62,0.9998395,0.9998395,True
9B,256,0.5,1,75,x,76,0.003752193,469024.12,0.999873,0.999873,True
9B,256,0.5,1,76,x,77,0.0037277485,465968.56,0.7567316,0.7567316,False
9B,256,0.5,1,77,x,78,0.0037037758,462971.97,0.9929179,0.9929179,True
9B,256,0.5,1,78,x,79,0.0036802595,460032.44,0.9998556,0.9998556,True
9B,256,0.5,1,79,x,80,0.0036571852,457148.16,0.9998636,0.9998636,True
9B,256,0.5,1,80,x,81,0.0036345404,454317.53,0.9998606,0.9998606,True
9B,256,0.5,1,81,x,82,0.0036123104,451538.8,0.9998604,0.9998604,True
9B,256,0.5,1,82,x,83,0.0035904835,448810.44,0.99984807,0.99984807,True
9B,256,0.5,1,83,x,84,0.0035690474,446130.94,0.9998703,0.9998703,True
9B,256,0.5,1,84,x,85,0.003547991,443498.88,0.9998743,0.9998743,True
9B,256,0.5,1,85,x,86,0.0035273028,440912.84,0.9998767,0.9998767,True
9B,256,0.5,1,86,x,87,0.0035069725,438371.56,0.99402094,0.99402094,True
9B,256,0.5,1,87,x,88,0.0034869895,435873.7,0.7554041,0.7554041,False
9B,256,0.5,1,88,x,89,0.0034673444,433418.06,0.9998574,0.9998574,True
9B,256,0.5,1,89,x,90,0.0034480277,431003.47,0.99983263,0.99983263,True
9B,256,0.5,1,90,x,91,0.00342903,428628.75,0.99984497,0.99984497,True
9B,256,0.5,1,91,x,92,0.003410343,426292.88,0.9998663,0.9998663,True
9B,256,0.5,1,92,x,93,0.0033919583,423994.78,0.9998195,0.9998195,True
9B,256,0.5,1,93,x,94,0.0033738676,421733.44,0.99984705,0.99984705,True
9B,256,0.5,1,94,x,95,0.0033560635,419507.94,0.9998585,0.9998585,True
9B,256,0.5,1,95,x,96,0.0033385383,417317.28,0.9998382,0.9998382,True
9B,256,0.5,1,96,x,97,0.003321285,415160.62,0.99304724,0.99304724,True
9B,256,0.5,1,97,x,98,0.003304296,413037.0,0.77865493,0.77865493,False
9B,256,0.5,1,98,x,99,0.0032875652,410945.66,0.9998486,0.9998486,True
9B,256,0.5,1,99,x,100,0.0032710864,408885.78,0.99984777,0.99984777,True
9B,256,0.5,1,100,x,101,0.0032548525,406856.56,0.9998708,0.9998708,True
9B,256,0.5,1,101,x,102,0.003238858,404857.25,0.99985665,0.9998387,True
9B,256,0.5,1,102,x,103,0.003223097,402887.12,0.9948027,0.9948027,True
9B,256,0.5,1,103,x,104,0.003207564,400945.5,0.74902034,0.74902034,False
9B,256,0.5,1,104,x,105,0.003192253,399031.62,0.99985963,0.99985963,True
9B,256,0.5,1,105,x,106,0.0031771597,397144.97,0.99986446,0.99986446,True
9B,256,0.5,1,106,x,107,0.0031622783,395284.78,0.99985045,0.99985045,True
9B,256,0.5,1,107,x,108,0.0031476042,393450.53,0.999874,0.999874,True
9B,256,0.5,1,108,x,109,0.0031331321,391641.5,0.99987966,0.99987966,True
9B,256,0.5,1,109,x,110,0.0031188582,389857.28,0.9998456,0.9998456,True
9B,256,0.5,1,110,x,111,0.0031047775,388097.2,0.99986005,0.99986005,True
9B,256,0.5,1,111,x,112,0.003090886,386360.75,0.9998672,0.9998672,True
9B,256,0.5,1,112,x,113,0.0030771792,384647.4,0.99987257,0.99987257,True
9B,256,0.5,1,113,x,114,0.003063653,382956.62,0.9998614,0.9998614,True
9B,256,0.5,1,114,x,115,0.0030503036,381287.94,0.99987173,0.99987173,True
9B,256,0.5,1,115,x,116,0.0030371272,379640.9,0.99985534,0.99985534,True
9B,256,0.5,1,116,x,117,0.0030241201,378015.0,0.9998566,0.9998566,True
9B,256,0.5,1,117,x,118,0.0030112788,376409.84,0.9998708,0.9998708,True
9B,256,0.5,1,118,x,119,0.0029985995,374824.94,0.6612214,0.004680272,False
9B,256,0.5,1,119,x,120,0.0029860795,373259.94,0.98956364,0.98956364,True
9B,256,0.5,1,120,x,121,0.0029737148,371714.34,0.9998402,0.9998402,True
9B,256,0.5,1,121,x,122,0.0029615022,370187.78,0.99982977,0.99982977,True
9B,256,0.5,1,122,x,123,0.0029494392,368679.9,0.9998562,0.9998562,True
9B,256,0.5,1,123,x,124,0.0029375223,367190.28,0.99984705,0.99984705,True
9B,256,0.5,1,124,x,125,0.0029257482,365718.53,0.72658765,0.72658765,False
9B,256,0.5,1,125,x,126,0.002914115,364264.38,0.9930974,0.9930974,True
9B,256,0.5,1,126,x,127,0.0029026195,362827.44,0.999862,0.999862,True
9B,256,0.5,1,127,x,128,0.0028912588,361407.34,0.9998549,0.9998549,True
9B,256,0.5,1,128,x,129,0.0028800308,360003.84,0.99358773,0.99358773,True
9B,256,0.5,1,129,x,130,0.002868932,358616.5,0.73740757,0.73740757,False
9B,256,0.5,1,130,x,131,0.0028579612,357245.16,0.999846,0.999846,True
9B,256,0.5,1,131,x,132,0.002847115,355889.38,0.9998648,0.9998648,True
9B,256,0.5,1,132,x,133,0.0028363916,354548.94,0.9998629,0.9998629,True
9B,256,0.5,1,133,x,134,0.002825788,353223.5,0.99985075,0.99985075,True
9B,256,0.5,1,134,x,135,0.002815303,351912.88,0.9998715,0.9998715,True
9B,256,0.5,1,135,x,136,0.002804933,350616.62,0.99987113,0.99987113,True
9B,256,0.5,1,136,x,137,0.0027946774,349334.7,0.99984837,0.99984837,True
9B,256,0.5,1,137,x,138,0.0027845334,348066.7,0.99983215,0.99983215,True
9B,256,0.5,1,138,x,139,0.0027744991,346812.38,0.99983567,0.99983567,True
9B,256,0.5,1,139,x,140,0.0027645724,345571.56,0.99986184,0.99986184,True
9B,256,0.5,1,140,x,141,0.0027547516,344343.94,0.9998102,0.9998102,True
9B,256,0.5,1,141,x,142,0.0027450344,343129.3,0.99985033,0.99985033,True
9B,256,0.5,1,142,x,143,0.0027354197,341927.47,0.99168146,0.99168146,True
9B,256,0.5,1,143,x,144,0.002725905,340738.12,0.6378728,0.0046541654,False
9B,256,0.5,1,144,x,145,0.0027164891,339561.16,0.99397975,0.99397975,True
9B,256,0.5,1,145,x,146,0.00270717,338396.25,0.7113683,0.7113683,False
9B,256,0.5,1,146,x,147,0.0026979465,337243.3,0.999838,0.999838,True
9B,256,0.5,1,147,x,148,0.0026888163,336102.03,0.99985886,0.99985886,True
9B,256,0.5,1,148,x,149,0.0026797783,334972.28,0.999866,0.999866,True
9B,256,0.5,1,149,x,150,0.0026708306,333853.8,0.9998808,0.9998808,True
9B,256,0.5,1,150,x,151,0.0026619723,332746.53,0.9998597,0.9998597,True
9B,256,0.5,1,151,x,152,0.002653201,331650.12,0.9998621,0.9998621,True
9B,256,0.5,1,152,x,153,0.0026445165,330564.56,0.999827,0.999827,True
9B,256,0.5,1,153,x,154,0.0026359162,329489.53,0.99986124,0.99986124,True
9B,256,0.5,1,154,x,155,0.0026273995,328424.94,0.9998733,0.9998733,True
9B,256,0.5,1,155,x,156,0.0026189648,327370.6,0.99983966,0.99983966,True
9B,256,0.5,1,156,x,157,0.002610611,326326.38,0.99984014,0.99984014,True
9B,256,0.5,1,157,x,158,0.0026023365,325292.06,0.99984604,0.99984604,True
9B,256,0.5,1,158,x,159,0.0025941401,324267.53,0.7027763,0.0010560164,False
9B,256,0.5,1,159,x,160,0.0025860206,323252.56,0.9928771,0.9928771,True
9B,256,0.5,1,160,x,161,0.0025779773,322247.16,0.99982905,0.99982905,True
9B,256,0.5,1,161,x,162,0.002570008,321251.0,0.99984646,0.99984646,True
9B,256,0.5,1,162,x,163,0.0025621124,320264.06,0.9998568,0.9998568,True
9B,256,0.5,1,163,x,164,0.0025542893,319286.16,0.9998738,0.9998738,True
9B,256,0.5,1,164,x,165,0.0025465372,318317.16,0.99985456,0.99985456,True
9B,256,0.5,1,165,x,166,0.0025388552,317356.9,0.9998522,0.9998522,True
9B,256,0.5,1,166,x,167,0.0025312426,316405.3,0.99984443,0.99984443,True
9B,256,0.5,1,167,x,168,0.0025236977,315462.22,0.9998436,0.9998436,True
9B,256,0.5,1,168,x,169,0.0025162203,314527.53,0.99984884,0.99984884,True
9B,256,0.5,1,169,x,170,0.0025088086,313601.1,0.99986553,0.99986553,True
9B,256,0.5,1,170,x,171,0.0025014621,312682.75,0.99218166,0.99218166,True
9B,256,0.5,1,171,x,172,0.0024941799,311772.5,0.66251236,0.00138136,False
9B,256,0.5,1,172,x,173,0.0024869607,310870.1,0.7335278,0.7335278,False
9B,256,0.5,1,173,x,174,0.0024798042,309975.53,0.9936957,0.9936957,True
9B,256,0.5,1,174,x,175,0.002472709,309088.62,0.9998212,0.9998212,True
9B,256,0.5,1,175,x,176,0.002465674,308209.25,0.99982166,0.99982166,True
9B,256,0.5,1,176,x,177,0.0024586988,307337.34,0.99182004,0.99182004,True
9B,256,0.5,1,177,x,178,0.0024517826,306472.8,0.65522695,0.0012834221,False
9B,256,0.5,1,178,x,179,0.0024449246,305615.56,0.99983466,0.99983466,True
9B,256,0.5,1,179,x,180,0.0024381236,304765.44,0.9998127,0.9998127,True
9B,256,0.5,1,180,x,181,0.0024313792,303922.4,0.67542046,0.03256102,False
9B,256,0.5,1,181,x,182,0.0024246904,303086.3,0.9920319,0.9920319,True
9B,256,0.5,1,182,x,183,0.0024180566,302257.06,0.9997808,0.9997808,True
9B,256,0.5,1,183,x,184,0.0024114768,301434.6,0.9998653,0.9998653,True
9B,256,0.5,1,184,x,185,0.0024049503,300618.78,0.99986726,0.99986726,True
9B,256,0.5,1,185,x,186,0.0023984767,299809.6,0.9998622,0.9998622,True
9B,256,0.5,1,186,x,187,0.002392055,299006.88,0.9908155,0.9908155,True
9B,256,0.5,1,187,x,188,0.0023856848,298210.6,0.5520897,0.002337481,False
9B,256,0.5,1,188,x,189,0.002379365,297420.62,0.99986553,0.99986553,True
9B,256,0.5,1,189,x,190,0.0023730956,296636.94,0.9998568,0.9998568,True
9B,256,0.5,1,190,x,191,0.0023668748,295859.34,0.99985445,0.99985445,True
9B,256,0.5,1,191,x,192,0.0023607032,295087.9,0.99985623,0.99985623,True
9B,256,0.5,1,192,x,193,0.0023545793,294322.4,0.9923014,0.9923014,True
9B,256,0.5,1,193,x,194,0.0023485029,293562.84,0.72118556,0.72118556,False
9B,256,0.5,1,194,x,195,0.0023424735,292809.2,0.99983954,0.99983954,True
9B,256,0.5,1,195,x,196,0.0023364902,292061.28,0.99983627,0.99983627,True
9B,256,0.5,1,196,x,197,0.0023305523,291319.03,0.999835,0.999835,True
9B,256,0.5,1,197,x,198,0.0023246596,290582.44,0.9998518,0.9998518,True
9B,256,0.5,1,198,x,199,0.0023188114,289851.4,0.99986315,0.99986315,True
9B,256,0.5,1,199,x,200,0.0023130071,289125.9,0.99981,0.99981,True
9B,256,0.5,1,200,x,201,0.0023072462,288405.78,0.9998523,0.9998523,True
9B,256,0.5,1,201,x,202,0.0023015281,287691.0,0.99980867,0.99980867,True
9B,256,0.5,1,202,x,203,0.0022958524,286981.56,0.9998432,0.9998432,True
9B,256,0.5,1,203,x,204,0.0022902184,286277.28,0.9998637,0.9998637,True
9B,256,0.5,1,204,x,205,0.0022846258,285578.22,0.7180772,0.7180772,False
9B,256,0.5,1,205,x,206,0.0022790737,284884.22,0.9908047,0.9908047,True
9B,256,0.5,1,206,x,207,0.0022735621,284195.28,0.999856,0.999856,True
9B,256,0.5,1,207,x,208,0.0022680901,283511.28,0.99984586,0.99984586,True
9B,256,0.5,1,208,x,209,0.0022626575,282832.2,0.7053418,0.01494382,False
9B,256,0.5,1,209,x,210,0.002257264,282158.0,0.99340296,0.99340296,True
9B,256,0.5,1,210,x,211,0.0022519086,281488.6,0.9998419,0.9998419,True
9B,256,0.5,1,211,x,212,0.0022465913,280823.9,0.99983466,0.99983466,True
9B,256,0.5,1,212,x,213,0.0022413114,280163.9,0.99987435,0.99987435,True
9B,256,0.5,1,213,x,214,0.0022360685,279508.56,0.99987113,0.99987113,True
9B,256,0.5,1,214,x,215,0.0022308624,278857.8,0.99985325,0.99985325,True
9B,256,0.5,1,215,x,216,0.0022256922,278211.53,0.99986386,0.99986386,True
9B,256,0.5,1,216,x,217,0.002220558,277569.75,0.9998631,0.9998631,True
9B,256,0.5,1,217,x,218,0.002215459,276932.38,0.9998237,0.9998237,True
9B,256,0.5,1,218,x,219,0.0022103952,276299.4,0.9998503,0.9998503,True
9B,256,0.5,1,219,x,220,0.002205366,275670.75,0.9998523,0.9998523,True
9B,256,0.5,1,220,x,221,0.002200371,275046.38,0.9894134,0.9894134,True
9B,256,0.5,1,221,x,222,0.0021954093,274426.16,0.59479165,0.004347425,False
9B,256,0.5,1,222,x,223,0.0021904814,273810.2,0.9928572,0.9928572,True
9B,256,0.5,1,223,x,224,0.0021855864,273198.28,0.69969314,0.01707165,False
9B,256,0.5,1,224,x,225,0.002180724,272590.5,0.9998516,0.9998516,True
9B,256,0.5,1,225,x,226,0.002175894,271986.75,0.9998443,0.9998443,True
9B,256,0.5,1,226,x,227,0.0021710962,271387.03,0.99985695,0.99985695,True
9B,256,0.5,1,227,x,228,0.0021663297,270791.22,0.9998585,0.9998585,True
9B,256,0.5,1,228,x,229,0.0021615946,270199.3,0.7144003,0.7144003,False
9B,256,0.5,1,229,x,230,0.0021568905,269611.3,0.99360967,0.99360967,True
9B,256,0.5,1,230,x,231,0.0021522166,269027.06,0.99985397,0.99985397,True
9B,256,0.5,1,231,x,232,0.0021475733,268446.66,0.9998356,0.9998356,True
9B,256,0.5,1,232,x,233,0.0021429597,267869.97,0.9998576,0.99985695,True
9B,256,0.5,1,233,x,234,0.0021383762,267297.03,0.99984515,0.99984515,True
9B,256,0.5,1,234,x,235,0.0021338214,266727.66,0.99985695,0.99985695,True
9B,256,0.5,1,235,x,236,0.0021292956,266161.94,0.9998539,0.9998539,True
9B,256,0.5,1,236,x,237,0.0021247987,265599.84,0.99986047,0.99986047,True
9B,256,0.5,1,237,x,238,0.0021203302,265041.28,0.99986655,0.99986655,True
9B,256,0.5,1,238,x,239,0.0021158897,264486.22,0.993217,0.993217,True
9B,256,0.5,1,239,x,240,0.002111477,263934.62,0.69986916,0.05992066,False
9B,256,0.5,1,240,x,241,0.002107092,263386.5,0.9998371,0.9998371,True
9B,256,0.5,1,241,x,242,0.0021027338,262841.72,0.99986476,0.99986476,True
9B,256,0.5,1,242,x,243,0.0020984027,262300.34,0.999866,0.999866,True
9B,256,0.5,1,243,x,244,0.0020940984,261762.3,0.99982184,0.99982184,True
9B,256,0.5,1,244,x,245,0.0020898203,261227.55,0.9998667,0.9998667,True
9B,256,0.5,1,245,x,246,0.0020855684,260696.05,0.9998414,0.9998414,True
9B,256,0.5,1,246,x,247,0.0020813423,260167.78,0.9998652,0.9998652,True
9B,256,0.5,1,247,x,248,0.0020771418,259642.72,0.9998275,0.9998275,True
9B,256,0.5,1,248,x,249,0.0020729667,259120.83,0.99985474,0.99985474,True
9B,256,0.5,1,249,x,250,0.0020688165,258602.06,0.9998629,0.9998629,True
9B,256,0.5,1,250,x,251,0.0020646914,258086.42,0.999848,0.999848,True
9B,256,0.5,1,251,x,252,0.0020605905,257573.81,0.99984616,0.99984616,True
9B,256,0.5,1,252,x,253,0.0020565141,257064.27,0.6796222,0.0009551663,False
9B,256,0.5,1,253,x,254,0.0020524622,256557.78,0.9933404,0.9933404,True
9B,256,0.5,1,254,x,255,0.0020484335,256054.19,0.99269426,0.99269426,True
9B,256,0.5,1,255,x,256,0.0020444288,255553.61,0.6749633,0.002361143,False
9B,256,0.5,1,256,y,1,0.03271086,4088857.8,0.99986815,0.99986815,True
9B,256,0.5,1,257,y,2,0.02313007,2891258.8,0.9998778,0.9998778,True
9B,256,0.5,1,258,y,3,0.018885626,2360703.2,0.99986887,0.9998515,True
9B,256,0.5,1,259,y,4,0.01635543,2044428.9,0.9998801,0.9998801,True
9B,256,0.5,1,260,y,5,0.014628741,1828592.6,0.9998847,0.9998847,True
9B,256,0.5,1,261,y,6,0.013354153,1669269.1,0.9998709,0.9998709,True
9B,256,0.5,1,262,y,7,0.012363544,1545443.0,0.9998737,0.9998737,True
9B,256,0.5,1,263,y,8,0.011565035,1445629.4,0.99986297,0.99986297,True
9B,256,0.5,1,264,y,9,0.01090362,1362952.5,0.9998752,0.9998752,True
9B,256,0.5,1,265,y,10,0.0103440825,1293010.2,0.9998735,0.9998735,True
9B,256,0.5,1,266,y,11,0.009862696,1232837.0,0.9998621,0.9998621,True
9B,256,0.5,1,267,y,12,0.009442813,1180351.6,0.99988055,0.99988055,True
9B,256,0.5,1,268,y,13,0.009072361,1134045.1,0.99985623,0.99985623,True
9B,256,0.5,1,269,y,14,0.0087423455,1092793.1,0.9998723,0.9998723,True
9B,256,0.5,1,270,y,15,0.008445908,1055738.5,0.9998572,0.9998572,True
9B,256,0.5,1,271,y,16,0.008177715,1022214.44,0.99987453,0.99987453,True
9B,256,0.5,1,272,y,17,0.00793355,991693.7,0.99984974,0.99984974,True
9B,256,0.5,1,273,y,18,0.0077100242,963753.0,0.9998627,0.9998627,True
9B,256,0.5,1,274,y,19,0.007504386,938048.25,0.9998578,0.9998578,True
9B,256,0.5,1,275,y,20,0.0073143705,914296.3,0.9998383,0.9998383,True
9B,256,0.5,1,276,y,21,0.007138095,892261.9,0.9998605,0.9998605,True
9B,256,0.5,1,277,y,22,0.006973979,871747.4,0.9998732,0.9998732,True
9B,256,0.5,1,278,y,23,0.006820686,852585.75,0.99986285,0.99986285,True
9B,256,0.5,1,279,y,24,0.0066770767,834634.56,0.9998577,0.9998577,True
9B,256,0.5,1,280,y,25,0.0065421727,817771.56,0.9998747,0.9998747,True
9B,256,0.5,1,281,y,26,0.006415128,801891.0,0.9998789,0.9998789,True
9B,256,0.5,1,282,y,27,0.0062952084,786901.06,0.99987257,0.99987257,True
9B,256,0.5,1,283,y,28,0.006181772,772721.5,0.9998754,0.9998754,True
9B,256,0.5,1,284,y,29,0.0060742544,759281.8,0.86364037,0.86364037,False
9B,256,0.5,1,285,y,30,0.005972159,746519.9,0.99596816,0.99596816,True
9B,256,0.5,1,286,y,31,0.0058750445,734380.56,0.9998616,0.9998616,True
9B,256,0.5,1,287,y,32,0.0057825176,722814.7,0.9998497,0.9998497,True
9B,256,0.5,1,288,y,33,0.00569423,711778.75,0.99986327,0.99986327,True
9B,256,0.5,1,289,y,34,0.005609866,701233.25,0.999874,0.999874,True
9B,256,0.5,1,290,y,35,0.005529145,691143.1,0.99985886,0.99985886,True
9B,256,0.5,1,291,y,36,0.00545181,681476.25,0.9998678,0.9998678,True
9B,256,0.5,1,292,y,37,0.0053776326,672204.06,0.99987733,0.99987733,True
9B,256,0.5,1,293,y,38,0.005306402,663300.25,0.99987113,0.99987113,True
9B,256,0.5,1,294,y,39,0.0052379295,654741.2,0.99987346,0.99987346,True
9B,256,0.5,1,295,y,40,0.0051720412,646505.1,0.9998597,0.9998597,True
9B,256,0.5,1,296,y,41,0.0051085786,638572.3,0.999863,0.999863,True
9B,256,0.5,1,297,y,42,0.0050473954,630924.44,0.99986607,0.99986607,True
9B,256,0.5,1,298,y,43,0.0049883598,623545.0,0.9998419,0.9998419,True
9B,256,0.5,1,299,y,44,0.004931348,616418.5,0.99986935,0.99986935,True
9B,256,0.5,1,300,y,45,0.004876247,609530.9,0.99986887,0.99986887,True
9B,256,0.5,1,301,y,46,0.0048229536,602869.2,0.9998679,0.9998679,True
9B,256,0.5,1,302,y,47,0.0047713695,596421.2,0.83277357,0.83277357,False
9B,256,0.5,1,303,y,48,0.0047214064,590175.8,0.99533665,0.99533665,True
9B,256,0.5,1,304,y,49,0.0046729804,584122.56,0.99986434,0.99986434,True
9B,256,0.5,1,305,y,50,0.0046260143,578251.8,0.99987286,0.99987286,True
9B,256,0.5,1,306,y,51,0.0045804367,572554.56,0.9998739,0.9998739,True
9B,256,0.5,1,307,y,52,0.0045361803,567022.56,0.9998652,0.9998652,True
9B,256,0.5,1,308,y,53,0.0044931825,561647.8,0.99986875,0.99986875,True
9B,256,0.5,1,309,y,54,0.0044513843,556423.06,0.99985,0.99985,True
9B,256,0.5,1,310,y,55,0.004410732,551341.5,0.9998721,0.9998721,True
9B,256,0.5,1,311,y,56,0.0043711727,546396.56,0.9998349,0.9998349,True
9B,256,0.5,1,312,y,57,0.0043326593,541582.44,0.9998629,0.9998629,True
9B,256,0.5,1,313,y,58,0.0042951466,536893.3,0.9998734,0.9998734,True
9B,256,0.5,1,314,y,59,0.004258591,532323.9,0.9998455,0.9998455,True
9B,256,0.5,1,315,y,60,0.004222954,527869.25,0.9998423,0.9998423,True
9B,256,0.5,1,316,y,61,0.0041881967,523524.6,0.99440706,0.99440706,True
9B,256,0.5,1,317,y,62,0.0041542836,519285.44,0.803868,0.803868,False
9B,256,0.5,1,318,y,63,0.004121181,515147.62,0.99394494,0.99394494,True
9B,256,0.5,1,319,y,64,0.0040888577,511107.22,0.77012736,0.77012736,False
9B,256,0.5,1,320,y,65,0.0040572826,507160.3,0.99986553,0.99986553,True
9B,256,0.5,1,321,y,66,0.004026429,503303.6,0.9998461,0.9998461,True
9B,256,0.5,1,322,y,67,0.003996268,499533.5,0.9936547,0.9936547,True
9B,256,0.5,1,323,y,68,0.003966775,495846.84,0.7501782,0.7501782,False
9B,256,0.5,1,324,y,69,0.0039379247,492240.6,0.99985933,0.99985933,True
9B,256,0.5,1,325,y,70,0.0039096954,488711.94,0.99985623,0.99985623,True
9B,256,0.5,1,326,y,71,0.003882065,485258.12,0.9998659,0.9998659,True
9B,256,0.5,1,327,y,72,0.0038550121,481876.5,0.9998609,0.9998609,True
9B,256,0.5,1,328,y,73,0.0038285167,478564.6,0.9938092,0.9938092,True
9B,256,0.5,1,329,y,74,0.0038025603,475320.03,0.78002083,0.78002083,False
9B,256,0.5,1,330,y,75,0.003777125,472140.62,0.9998135,0.9998135,True
9B,256,0.5,1,331,y,76,0.003752193,469024.12,0.9998319,0.9998319,True
9B,256,0.5,1,332,y,77,0.0037277485,465968.56,0.999871,0.999871,True
9B,256,0.5,1,333,y,78,0.0037037758,462971.97,0.9998771,0.9998771,True
9B,256,0.5,1,334,y,79,0.0036802595,460032.44,0.9998716,0.9998716,True
9B,256,0.5,1,335,y,80,0.0036571852,457148.16,0.9998373,0.9998373,True
9B,256,0.5,1,336,y,81,0.0036345404,454317.53,0.99984556,0.99984556,True
9B,256,0.5,1,337,y,82,0.0036123104,451538.8,0.9998581,0.9998581,True
9B,256,0.5,1,338,y,83,0.0035904835,448810.44,0.9998673,0.9998673,True
9B,256,0.5,1,339,y,84,0.0035690474,446130.94,0.9998517,0.9998517,True
9B,256,0.5,1,340,y,85,0.003547991,443498.88,0.9998697,0.9998697,True
9B,256,0.5,1,341,y,86,0.0035273028,440912.84,0.99986887,0.99986887,True
9B,256,0.5,1,342,y,87,0.0035069725,438371.56,0.9998758,0.9998758,True
9B,256,0.5,1,343,y,88,0.0034869895,435873.7,0.9998593,0.9998593,True
9B,256,0.5,1,344,y,89,0.0034673444,433418.06,0.99980146,0.99980146,True
9B,256,0.5,1,345,y,90,0.0034480277,431003.47,0.99987006,0.99987006,True
9B,256,0.5,1,346,y,91,0.00342903,428628.75,0.9998685,0.9998685,True
9B,256,0.5,1,347,y,92,0.003410343,426292.88,0.99984914,0.99984914,True
9B,256,0.5,1,348,y,93,0.0033919583,423994.78,0.9998622,0.9998622,True
9B,256,0.5,1,349,y,94,0.0033738676,421733.44,0.99986595,0.99986595,True
9B,256,0.5,1,350,y,95,0.0033560635,419507.94,0.9998619,0.9998619,True
9B,256,0.5,1,351,y,96,0.0033385383,417317.28,0.99985385,0.99985385,True
9B,256,0.5,1,352,y,97,0.003321285,415160.62,0.9998534,0.9998534,True
9B,256,0.5,1,353,y,98,0.003304296,413037.0,0.99986196,0.99986196,True
9B,256,0.5,1,354,y,99,0.0032875652,410945.66,0.9998591,0.9998591,True
9B,256,0.5,1,355,y,100,0.0032710864,408885.78,0.9998648,0.9998648,True
9B,256,0.5,1,356,y,101,0.0032548525,406856.56,0.9998469,0.9998469,True
9B,256,0.5,1,357,y,102,0.003238858,404857.25,0.9998423,0.9998423,True
9B,256,0.5,1,358,y,103,0.003223097,402887.12,0.9998673,0.9998673,True
9B,256,0.5,1,359,y,104,0.003207564,400945.5,0.9998557,0.9998557,True
9B,256,0.5,1,360,y,105,0.003192253,399031.62,0.9998578,0.9998578,True
9B,256,0.5,1,361,y,106,0.0031771597,397144.97,0.9998744,0.9998744,True
9B,256,0.5,1,362,y,107,0.0031622783,395284.78,0.99986756,0.99986756,True
9B,256,0.5,1,363,y,108,0.0031476042,393450.53,0.9998385,0.9998385,True
9B,256,0.5,1,364,y,109,0.0031331321,391641.5,0.9998648,0.9998648,True
9B,256,0.5,1,365,y,110,0.0031188582,389857.28,0.9998692,0.9998692,True
9B,256,0.5,1,366,y,111,0.0031047775,388097.2,0.9937526,0.9937526,True
9B,256,0.5,1,367,y,112,0.003090886,386360.75,0.7608534,0.7608534,False
9B,256,0.5,1,368,y,113,0.0030771792,384647.4,0.99987227,0.99987227,True
9B,256,0.5,1,369,y,114,0.003063653,382956.62,0.99985063,0.99985063,True
9B,256,0.5,1,370,y,115,0.0030503036,381287.94,0.9998489,0.9998489,True
9B,256,0.5,1,371,y,116,0.0030371272,379640.9,0.9998646,0.9998646,True
9B,256,0.5,1,372,y,117,0.0030241201,378015.0,0.9948199,0.9948199,True
9B,256,0.5,1,373,y,118,0.0030112788,376409.84,0.7486243,0.7486243,False
9B,256,0.5,1,374,y,119,0.0029985995,374824.94,0.9998658,0.9998658,True
9B,256,0.5,1,375,y,120,0.0029860795,373259.94,0.99984086,0.99984086,True
9B,256,0.5,1,376,y,121,0.0029737148,371714.34,0.9998673,0.9998673,True
9B,256,0.5,1,377,y,122,0.0029615022,370187.78,0.99983954,0.99983954,True
9B,256,0.5,1,378,y,123,0.0029494392,368679.9,0.99985933,0.99985933,True
9B,256,0.5,1,379,y,124,0.0029375223,367190.28,0.99986565,0.99986565,True
9B,256,0.5,1,380,y,125,0.0029257482,365718.53,0.9998496,0.9998496,True
9B,256,0.5,1,381,y,126,0.002914115,364264.38,0.9998214,0.9998214,True
9B,256,0.5,1,382,y,127,0.0029026195,362827.44,0.99987084,0.99987084,True
9B,256,0.5,1,383,y,128,0.0028912588,361407.34,0.9998722,0.9998722,True
9B,256,0.5,1,384,y,129,0.0028800308,360003.84,0.72856164,0.72856164,False
9B,256,0.5,1,385,y,130,0.002868932,358616.5,0.9936113,0.9936113,True
9B,256,0.5,1,386,y,131,0.0028579612,357245.16,0.9998531,0.9998531,True
9B,256,0.5,1,387,y,132,0.002847115,355889.38,0.99986494,0.99986494,True
9B,256,0.5,1,388,y,133,0.0028363916,354548.94,0.9998373,0.9998373,True
9B,256,0.5,1,389,y,134,0.002825788,353223.5,0.9998751,0.9998751,True
9B,256,0.5,1,390,y,135,0.002815303,351912.88,0.9998524,0.9998524,True
9B,256,0.5,1,391,y,136,0.002804933,350616.62,0.99987483,0.99987483,True
9B,256,0.5,1,392,y,137,0.0027946774,349334.7,0.99986035,0.99986035,True
9B,256,0.5,1,393,y,138,0.0027845334,348066.7,0.99984074,0.99984074,True
9B,256,0.5,1,394,y,139,0.0027744991,346812.38,0.99986386,0.99986386,True
9B,256,0.5,1,395,y,140,0.0027645724,345571.56,0.999842,0.999842,True
9B,256,0.5,1,396,y,141,0.0027547516,344343.94,0.99985707,0.99985707,True
9B,256,0.5,1,397,y,142,0.0027450344,343129.3,0.9998641,0.9998641,True
9B,256,0.5,1,398,y,143,0.0027354197,341927.47,0.99985623,0.99985623,True
9B,256,0.5,1,399,y,144,0.002725905,340738.12,0.99985904,0.99985904,True
9B,256,0.5,1,400,y,145,0.0027164891,339561.16,0.99984485,0.99984485,True
9B,256,0.5,1,401,y,146,0.00270717,338396.25,0.99985933,0.99985933,True
9B,256,0.5,1,402,y,147,0.0026979465,337243.3,0.9998572,0.9998572,True
9B,256,0.5,1,403,y,148,0.0026888163,336102.03,0.9998704,0.9998704,True
9B,256,0.5,1,404,y,149,0.0026797783,334972.28,0.99985063,0.99985063,True
9B,256,0.5,1,405,y,150,0.0026708306,333853.8,0.99985796,0.99985796,True
9B,256,0.5,1,406,y,151,0.0026619723,332746.53,0.9998592,0.9998592,True
9B,256,0.5,1,407,y,152,0.002653201,331650.12,0.9998351,0.9998351,True
9B,256,0.5,1,408,y,153,0.0026445165,330564.56,0.9998717,0.9998717,True
9B,256,0.5,1,409,y,154,0.0026359162,329489.53,0.9998605,0.9998605,True
9B,256,0.5,1,410,y,155,0.0026273995,328424.94,0.9998584,0.9998584,True
9B,256,0.5,1,411,y,156,0.0026189648,327370.6,0.99987495,0.99987495,True
9B,256,0.5,1,412,y,157,0.002610611,326326.38,0.9911289,0.9911289,True
9B,256,0.5,1,413,y,158,0.0026023365,325292.06,0.6537113,0.07088826,False
9B,256,0.5,1,414,y,159,0.0025941401,324267.53,0.9998357,0.9998357,True
9B,256,0.5,1,415,y,160,0.0025860206,323252.56,0.9998212,0.9998212,True
9B,256,0.5,1,416,y,161,0.0025779773,322247.16,0.99984205,0.99984205,True
9B,256,0.5,1,417,y,162,0.002570008,321251.0,0.9998575,0.9998575,True
9B,256,0.5,1,418,y,163,0.0025621124,320264.06,0.6870518,0.005821135,False
9B,256,0.5,1,419,y,164,0.0025542893,319286.16,0.9910002,0.9910002,True
9B,256,0.5,1,420,y,165,0.0025465372,318317.16,0.9998649,0.9998649,True
9B,256,0.5,1,421,y,166,0.0025388552,317356.9,0.9998027,0.9998027,True
9B,256,0.5,1,422,y,167,0.0025312426,316405.3,0.9998715,0.9998715,True
9B,256,0.5,1,423,y,168,0.0025236977,315462.22,0.9998516,0.9998516,True
9B,256,0.5,1,424,y,169,0.0025162203,314527.53,0.999863,0.999863,True
9B,256,0.5,1,425,y,170,0.0025088086,313601.1,0.9998423,0.9998423,True
9B,256,0.5,1,426,y,171,0.0025014621,312682.75,0.99987406,0.99987406,True
9B,256,0.5,1,427,y,172,0.0024941799,311772.5,0.999864,0.999864,True
9B,256,0.5,1,428,y,173,0.0024869607,310870.1,0.72380245,0.72380245,False
9B,256,0.5,1,429,y,174,0.0024798042,309975.53,0.9930728,0.9930728,True
9B,256,0.5,1,430,y,175,0.002472709,309088.62,0.9998399,0.9998399,True
9B,256,0.5,1,431,y,176,0.002465674,308209.25,0.99982893,0.99982893,True
9B,256,0.5,1,432,y,177,0.0024586988,307337.34,0.7378369,0.7378369,False
9B,256,0.5,1,433,y,178,0.0024517826,306472.8,0.99394476,0.99394476,True
9B,256,0.5,1,434,y,179,0.0024449246,305615.56,0.9998579,0.9998579,True
9B,256,0.5,1,435,y,180,0.0024381236,304765.44,0.9998768,0.9998768,True
9B,256,0.5,1,436,y,181,0.0024313792,303922.4,0.99134755,0.99134755,True
9B,256,0.5,1,437,y,182,0.0024246904,303086.3,0.6257249,0.0014543738,False
9B,256,0.5,1,438,y,183,0.0024180566,302257.06,0.6198744,0.004442569,False
9B,256,0.5,1,439,y,184,0.0024114768,301434.6,0.9907969,0.9907969,True
9B,256,0.5,1,440,y,185,0.0024049503,300618.78,0.9998752,0.9998752,True
9B,256,0.5,1,441,y,186,0.0023984767,299809.6,0.999837,0.999837,True
9B,256,0.5,1,442,y,187,0.002392055,299006.88,0.99123,0.99123,True
9B,256,0.5,1,443,y,188,0.0023856848,298210.6,0.6849496,0.019441308,False
9B,256,0.5,1,444,y,189,0.002379365,297420.62,0.9998567,0.9998567,True
9B,256,0.5,1,445,y,190,0.0023730956,296636.94,0.9998534,0.9998534,True
9B,256,0.5,1,446,y,191,0.0023668748,295859.34,0.9921266,0.9921266,True
9B,256,0.5,1,447,y,192,0.0023607032,295087.9,0.662951,0.0049523097,False
9B,256,0.5,1,448,y,193,0.0023545793,294322.4,0.99983776,0.99983776,True
9B,256,0.5,1,449,y,194,0.0023485029,293562.84,0.9998511,0.9998511,True
9B,256,0.5,1,450,y,195,0.0023424735,292809.2,0.9998643,0.9998643,True
9B,256,0.5,1,451,y,196,0.0023364902,292061.28,0.9998627,0.9998627,True
9B,256,0.5,1,452,y,197,0.0023305523,291319.03,0.99985284,0.99985284,True
9B,256,0.5,1,453,y,198,0.0023246596,290582.44,0.99984455,0.99984455,True
9B,256,0.5,1,454,y,199,0.0023188114,289851.4,0.99985486,0.99985486,True
9B,256,0.5,1,455,y,200,0.0023130071,289125.9,0.999851,0.999851,True
9B,256,0.5,1,456,y,201,0.0023072462,288405.78,0.99987835,0.99987835,True
9B,256,0.5,1,457,y,202,0.0023015281,287691.0,0.9998623,0.9998623,True
9B,256,0.5,1,458,y,203,0.0022958524,286981.56,0.99985695,0.99985695,True
9B,256,0.5,1,459,y,204,0.0022902184,286277.28,0.9998553,0.9998553,True
9B,256,0.5,1,460,y,205,0.0022846258,285578.22,0.99987286,0.99987286,True
9B,256,0.5,1,461,y,206,0.0022790737,284884.22,0.9998696,0.9998696,True
9B,256,0.5,1,462,y,207,0.0022735621,284195.28,0.9924108,0.9924108,True
9B,256,0.5,1,463,y,208,0.0022680901,283511.28,0.6488958,0.020628994,False
9B,256,0.5,1,464,y,209,0.0022626575,282832.2,0.99985737,0.99985284,True
9B,256,0.5,1,465,y,210,0.002257264,282158.0,0.99987036,0.99987036,True
9B,256,0.5,1,466,y,211,0.0022519086,281488.6,0.9930693,0.9930693,True
9B,256,0.5,1,467,y,212,0.0022465913,280823.9,0.69594836,0.02113201,False
9B,256,0.5,1,468,y,213,0.0022413114,280163.9,0.71424496,0.71424496,False
9B,256,0.5,1,469,y,214,0.0022360685,279508.56,0.9902567,0.9902567,True
9B,256,0.5,1,470,y,215,0.0022308624,278857.8,0.993114,0.993114,True
9B,256,0.5,1,471,y,216,0.0022256922,278211.53,0.68997586,0.0007715225,False
9B,256,0.5,1,472,y,217,0.002220558,277569.75,0.9998125,0.9998125,True
9B,256,0.5,1,473,y,218,0.002215459,276932.38,0.99980783,0.99980783,True
9B,256,0.5,1,474,y,219,0.0022103952,276299.4,0.9998707,0.9998707,True
9B,256,0.5,1,475,y,220,0.002205366,275670.75,0.9998733,0.9998733,True
9B,256,0.5,1,476,y,221,0.002200371,275046.38,0.99986506,0.99986506,True
9B,256,0.5,1,477,y,222,0.0021954093,274426.16,0.9998468,0.9998468,True
9B,256,0.5,1,478,y,223,0.0021904814,273810.2,0.99984527,0.99984527,True
9B,256,0.5,1,479,y,224,0.0021855864,273198.28,0.99987423,0.99987423,True
9B,256,0.5,1,480,y,225,0.002180724,272590.5,0.9998591,0.9998591,True
9B,256,0.5,1,481,y,226,0.002175894,271986.75,0.99984086,0.99984086,True
9B,256,0.5,1,482,y,227,0.0021710962,271387.03,0.99982405,0.99982405,True
9B,256,0.5,1,483,y,228,0.0021663297,270791.22,0.9998689,0.9998689,True
9B,256,0.5,1,484,y,229,0.0021615946,270199.3,0.7088494,0.7088494,False
9B,256,0.5,1,485,y,230,0.0021568905,269611.3,0.9921543,0.9921543,True
9B,256,0.5,1,486,y,231,0.0021522166,269027.06,0.99174905,0.99174905,True
9B,256,0.5,1,487,y,232,0.0021475733,268446.66,0.6274322,0.09127079,False
9B,256,0.5,1,488,y,233,0.0021429597,267869.97,0.9998533,0.9998533,True
9B,256,0.5,1,489,y,234,0.0021383762,267297.03,0.9998491,0.9998491,True
9B,256,0.5,1,490,y,235,0.0021338214,266727.66,0.9998429,0.9998429,True
9B,256,0.5,1,491,y,236,0.0021292956,266161.94,0.9998573,0.9998573,True
9B,256,0.5,1,492,y,237,0.0021247987,265599.84,0.9998572,0.9998572,True
9B,256,0.5,1,493,y,238,0.0021203302,265041.28,0.99986196,0.99986196,True
9B,256,0.5,1,494,y,239,0.0021158897,264486.22,0.9998652,0.9998652,True
9B,256,0.5,1,495,y,240,0.002111477,263934.62,0.9998589,0.9998589,True
9B,256,0.5,1,496,y,241,0.002107092,263386.5,0.9894136,0.9894136,True
9B,256,0.5,1,497,y,242,0.0021027338,262841.72,0.55355555,0.058844175,False
9B,256,0.5,1,498,y,243,0.0020984027,262300.34,0.9930135,0.9930135,True
9B,256,0.5,1,499,y,244,0.0020940984,261762.3,0.6927263,0.0026451065,False
9B,256,0.5,1,500,y,245,0.0020898203,261227.55,0.99986446,0.99986446,True
9B,256,0.5,1,501,y,246,0.0020855684,260696.05,0.99986494,0.99986494,True
9B,256,0.5,1,502,y,247,0.0020813423,260167.78,0.999851,0.999851,True
9B,256,0.5,1,503,y,248,0.0020771418,259642.72,0.9998276,0.9998276,True
9B,256,0.5,1,504,y,249,0.0020729667,259120.83,0.9998488,0.9998488,True
9B,256,0.5,1,505,y,250,0.0020688165,258602.06,0.9998605,0.9998605,True
9B,256,0.5,1,506,y,251,0.0020646914,258086.42,0.9890473,0.9890473,True
9B,256,0.5,1,507,y,252,0.0020605905,257573.81,0.504068,0.028711103,False
9B,256,0.5,1,508,y,253,0.0020565141,257064.27,0.9998622,0.9998622,True
9B,256,0.5,1,509,y,254,0.0020524622,256557.78,0.99986184,0.99986184,True
9B,256,0.5,1,510,y,255,0.0020484335,256054.19,0.99986863,0.99986863,True
9B,256,0.5,1,511,y,256,0.0020444288,255553.61,0.99984336,0.99984336,True
9B,256,0.5,2,0,x,1,0.03271086,4088857.8,0.99983686,0.99983686,True
9B,256,0.5,2,1,x,2,0.02313007,2891258.8,0.9998437,0.9998437,True
9B,256,0.5,2,2,x,3,0.018885626,2360703.2,0.9998421,0.9998421,True
9B,256,0.5,2,3,x,4,0.01635543,2044428.9,0.9998095,0.9998095,True
9B,256,0.5,2,4,x,5,0.014628741,1828592.6,0.99983037,0.99983037,True
9B,256,0.5,2,5,x,6,0.013354153,1669269.1,0.9998276,0.9998276,True
9B,256,0.5,2,6,x,7,0.012363544,1545443.0,0.9998424,0.9998424,True
9B,256,0.5,2,7,x,8,0.011565035,1445629.4,0.999812,0.999812,True
9B,256,0.5,2,8,x,9,0.01090362,1362952.5,0.9997933,0.9997933,True
9B,256,0.5,2,9,x,10,0.0103440825,1293010.2,0.99982965,0.9998098,True
9B,256,0.5,2,10,x,11,0.009862696,1232837.0,0.99983656,0.99983656,True
9B,256,0.5,2,11,x,12,0.009442813,1180351.6,0.99983996,0.99983996,True
9B,256,0.5,2,12,x,13,0.009072361,1134045.1,0.99981517,0.99981517,True
9B,256,0.5,2,13,x,14,0.0087423455,1092793.1,0.99982864,0.99982864,True
9B,256,0.5,2,14,x,15,0.008445908,1055738.5,0.99983644,0.99983644,True
9B,256,0.5,2,15,x,16,0.008177715,1022214.44,0.99982274,0.99982274,True
9B,256,0.5,2,16,x,17,0.00793355,991693.7,0.99982834,0.99982834,True
9B,256,0.5,2,17,x,18,0.0077100242,963753.0,0.9998256,0.9998256,True
9B,256,0.5,2,18,x,19,0.007504386,938048.25,0.9997974,0.9997974,True
9B,256,0.5,2,19,x,20,0.0073143705,914296.3,0.99982655,0.99982655,True
9B,256,0.5,2,20,x,21,0.007138095,892261.9,0.9998181,0.9998181,True
9B,256,0.5,2,21,x,22,0.006973979,871747.4,0.9998176,0.9998176,True
9B,256,0.5,2,22,x,23,0.006820686,852585.75,0.99982476,0.99982476,True
9B,256,0.5,2,23,x,24,0.0066770767,834634.56,0.99983215,0.99983215,True
9B,256,0.5,2,24,x,25,0.0065421727,817771.56,0.9998305,0.9998305,True
9B,256,0.5,2,25,x,26,0.006415128,801891.0,0.99981624,0.99981624,True
9B,256,0.5,2,26,x,27,0.0062952084,786901.06,0.99978817,0.99978817,True
9B,256,0.5,2,27,x,28,0.006181772,772721.5,0.99980074,0.99980074,True
9B,256,0.5,2,28,x,29,0.0060742544,759281.8,0.9998281,0.9998281,True
9B,256,0.5,2,29,x,30,0.005972159,746519.9,0.9998171,0.9998171,True
9B,256,0.5,2,30,x,31,0.0058750445,734380.56,0.9998167,0.9998167,True
9B,256,0.5,2,31,x,32,0.0057825176,722814.7,0.99981314,0.99981314,True
9B,256,0.5,2,32,x,33,0.00569423,711778.75,0.9998387,0.9998387,True
9B,256,0.5,2,33,x,34,0.005609866,701233.25,0.99984014,0.99984014,True
9B,256,0.5,2,34,x,35,0.005529145,691143.1,0.9998225,0.9998225,True
9B,256,0.5,2,35,x,36,0.00545181,681476.25,0.9997819,0.9997819,True
9B,256,0.5,2,36,x,37,0.0053776326,672204.06,0.999779,0.999779,True
9B,256,0.5,2,37,x,38,0.005306402,663300.25,0.99982893,0.99982893,True
9B,256,0.5,2,38,x,39,0.0052379295,654741.2,0.99982524,0.99982524,True
9B,256,0.5,2,39,x,40,0.0051720412,646505.1,0.9997143,0.9997143,True
9B,256,0.5,2,40,x,41,0.0051085786,638572.3,0.9998281,0.9998281,True
9B,256,0.5,2,41,x,42,0.0050473954,630924.44,0.9998297,0.9998297,True
9B,256,0.5,2,42,x,43,0.0049883598,623545.0,0.99979633,0.99979633,True
9B,256,0.5,2,43,x,44,0.004931348,616418.5,0.9998231,0.9998231,True
9B,256,0.5,2,44,x,45,0.004876247,609530.9,0.99980235,0.99980235,True
9B,256,0.5,2,45,x,46,0.0048229536,602869.2,0.9997981,0.9997981,True
9B,256,0.5,2,46,x,47,0.0047713695,596421.2,0.99981546,0.99981546,True
9B,256,0.5,2,47,x,48,0.0047214064,590175.8,0.9997898,0.9997898,True
9B,256,0.5,2,48,x,49,0.0046729804,584122.56,0.9998356,0.9998356,True
9B,256,0.5,2,49,x,50,0.0046260143,578251.8,0.9997558,0.9997558,True
9B,256,0.5,2,50,x,51,0.0045804367,572554.56,0.9998292,0.9998292,True
9B,256,0.5,2,51,x,52,0.0045361803,567022.56,0.9996778,0.9996778,True
9B,256,0.5,2,52,x,53,0.0044931825,561647.8,0.99979955,0.99979955,True
9B,256,0.5,2,53,x,54,0.0044513843,556423.06,0.9998228,0.9998228,True
9B,256,0.5,2,54,x,55,0.004410732,551341.5,0.9998189,0.9998189,True
9B,256,0.5,2,55,x,56,0.0043711727,546396.56,0.9998138,0.9998138,True
9B,256,0.5,2,56,x,57,0.0043326593,541582.44,0.9940225,0.9940225,True
9B,256,0.5,2,57,x,58,0.0042951466,536893.3,0.8177,0.8177,False
9B,256,0.5,2,58,x,59,0.004258591,532323.9,0.9998319,0.9998319,True
9B,256,0.5,2,59,x,60,0.004222954,527869.25,0.99981916,0.99981916,True
9B,256,0.5,2,60,x,61,0.0041881967,523524.6,0.9997975,0.9997975,True
9B,256,0.5,2,61,x,62,0.0041542836,519285.44,0.9998103,0.9998103,True
9B,256,0.5,2,62,x,63,0.004121181,515147.62,0.9998282,0.9998282,True
9B,256,0.5,2,63,x,64,0.0040888577,511107.22,0.99983895,0.99983895,True
9B,256,0.5,2,64,x,65,0.0040572826,507160.3,0.99979854,0.99979854,True
9B,256,0.5,2,65,x,66,0.004026429,503303.6,0.99982756,0.99982756,True
9B,256,0.5,2,66,x,67,0.003996268,499533.5,0.7084191,0.7084191,False
9B,256,0.5,2,67,x,68,0.003966775,495846.84,0.9923191,0.9923191,True
9B,256,0.5,2,68,x,69,0.0039379247,492240.6,0.71660507,0.71660507,False
9B,256,0.5,2,69,x,70,0.0039096954,488711.94,0.99204326,0.99204326,True
9B,256,0.5,2,70,x,71,0.003882065,485258.12,0.99978316,0.99978316,True
9B,256,0.5,2,71,x,72,0.0038550121,481876.5,0.99975586,0.99975586,True
9B,256,0.5,2,72,x,73,0.0038285167,478564.6,0.99981713,0.99981713,True
9B,256,0.5,2,73,x,74,0.0038025603,475320.03,0.99981093,0.99981093,True
9B,256,0.5,2,74,x,75,0.003777125,472140.62,0.9998238,0.9998238,True
9B,256,0.5,2,75,x,76,0.003752193,469024.12,0.99984133,0.99984133,True
9B,256,0.5,2,76,x,77,0.0037277485,465968.56,0.99984527,0.99984527,True
9B,256,0.5,2,77,x,78,0.0037037758,462971.97,0.9998127,0.9998127,True
9B,256,0.5,2,78,x,79,0.0036802595,460032.44,0.99982274,0.99982274,True
9B,256,0.5,2,79,x,80,0.0036571852,457148.16,0.9998268,0.9998268,True
9B,256,0.5,2,80,x,81,0.0036345404,454317.53,0.9998264,0.9998264,True
9B,256,0.5,2,81,x,82,0.0036123104,451538.8,0.99982303,0.99982303,True
9B,256,0.5,2,82,x,83,0.0035904835,448810.44,0.99978703,0.99978703,True
9B,256,0.5,2,83,x,84,0.0035690474,446130.94,0.9998034,0.9998034,True
9B,256,0.5,2,84,x,85,0.003547991,443498.88,0.9998375,0.99983704,True
9B,256,0.5,2,85,x,86,0.0035273028,440912.84,0.99983937,0.99983937,True
9B,256,0.5,2,86,x,87,0.0035069725,438371.56,0.9998453,0.9998453,True
9B,256,0.5,2,87,x,88,0.0034869895,435873.7,0.9997934,0.9997934,True
9B,256,0.5,2,88,x,89,0.0034673444,433418.06,0.9998082,0.9998082,True
9B,256,0.5,2,89,x,90,0.0034480277,431003.47,0.9998175,0.9998175,True
9B,256,0.5,2,90,x,91,0.00342903,428628.75,0.99978626,0.99978626,True
9B,256,0.5,2,91,x,92,0.003410343,426292.88,0.9998369,0.9998369,True
9B,256,0.5,2,92,x,93,0.0033919583,423994.78,0.9998273,0.9998273,True
9B,256,0.5,2,93,x,94,0.0033738676,421733.44,0.9998235,0.9998235,True
9B,256,0.5,2,94,x,95,0.0033560635,419507.94,0.9998219,0.9998219,True
9B,256,0.5,2,95,x,96,0.0033385383,417317.28,0.9998281,0.9998281,True
9B,256,0.5,2,96,x,97,0.003321285,415160.62,0.9915238,0.9915238,True
9B,256,0.5,2,97,x,98,0.003304296,413037.0,0.694783,0.017722052,False
9B,256,0.5,2,98,x,99,0.0032875652,410945.66,0.99979824,0.99979824,True
9B,256,0.5,2,99,x,100,0.0032710864,408885.78,0.99980986,0.99980986,True
9B,256,0.5,2,100,x,101,0.0032548525,406856.56,0.99977607,0.99977607,True
9B,256,0.5,2,101,x,102,0.003238858,404857.25,0.9998086,0.9998086,True
9B,256,0.5,2,102,x,103,0.003223097,402887.12,0.9998045,0.9998045,True
9B,256,0.5,2,103,x,104,0.003207564,400945.5,0.99981296,0.99981296,True
9B,256,0.5,2,104,x,105,0.003192253,399031.62,0.9998303,0.9998303,True
9B,256,0.5,2,105,x,106,0.0031771597,397144.97,0.9998323,0.9998323,True
9B,256,0.5,2,106,x,107,0.0031622783,395284.78,0.9997765,0.9997765,True
9B,256,0.5,2,107,x,108,0.0031476042,393450.53,0.9998437,0.9998437,True
9B,256,0.5,2,108,x,109,0.0031331321,391641.5,0.999832,0.999832,True
9B,256,0.5,2,109,x,110,0.0031188582,389857.28,0.9998198,0.9998198,True
9B,256,0.5,2,110,x,111,0.0031047775,388097.2,0.999847,0.999847,True
9B,256,0.5,2,111,x,112,0.003090886,386360.75,0.99982923,0.99982923,True
9B,256,0.5,2,112,x,113,0.0030771792,384647.4,0.99469596,0.99469596,True
9B,256,0.5,2,113,x,114,0.003063653,382956.62,0.72157097,0.72157097,False
9B,256,0.5,2,114,x,115,0.0030503036,381287.94,0.99983716,0.99983716,True
9B,256,0.5,2,115,x,116,0.0030371272,379640.9,0.9997045,0.9997045,True
9B,256,0.5,2,116,x,117,0.0030241201,378015.0,0.9997923,0.9997923,True
9B,256,0.5,2,117,x,118,0.0030112788,376409.84,0.99980944,0.99980944,True
9B,256,0.5,2,118,x,119,0.0029985995,374824.94,0.99984545,0.99984545,True
9B,256,0.5,2,119,x,120,0.0029860795,373259.94,0.9998164,0.9998164,True
9B,256,0.5,2,120,x,121,0.0029737148,371714.34,0.9998168,0.9998168,True
9B,256,0.5,2,121,x,122,0.0029615022,370187.78,0.9998305,0.9998305,True
9B,256,0.5,2,122,x,123,0.0029494392,368679.9,0.999829,0.999829,True
9B,256,0.5,2,123,x,124,0.0029375223,367190.28,0.9998319,0.9998319,True
9B,256,0.5,2,124,x,125,0.0029257482,365718.53,0.9998249,0.9998249,True
9B,256,0.5,2,125,x,126,0.002914115,364264.38,0.99979544,0.99979544,True
9B,256,0.5,2,126,x,127,0.0029026195,362827.44,0.9522995,0.9522995,True
9B,256,0.5,2,127,x,128,0.0028912588,361407.34,0.9512284,0.9512284,True
9B,256,0.5,2,128,x,129,0.0028800308,360003.84,0.99981856,0.99981856,True
9B,256,0.5,2,129,x,130,0.002868932,358616.5,0.99982345,0.99982345,True
9B,256,0.5,2,130,x,131,0.0028579612,357245.16,0.99979377,0.99979377,True
9B,256,0.5,2,131,x,132,0.002847115,355889.38,0.99984205,0.99984205,True
9B,256,0.5,2,132,x,133,0.0028363916,354548.94,0.9998156,0.9998156,True
9B,256,0.5,2,133,x,134,0.002825788,353223.5,0.99980944,0.99980944,True
9B,256,0.5,2,134,x,135,0.002815303,351912.88,0.7164451,0.7164451,False
9B,256,0.5,2,135,x,136,0.002804933,350616.62,0.9929242,0.9929242,True
9B,256,0.5,2,136,x,137,0.0027946774,349334.7,0.9998328,0.9998328,True
9B,256,0.5,2,137,x,138,0.0027845334,348066.7,0.99982476,0.99982476,True
9B,256,0.5,2,138,x,139,0.0027744991,346812.38,0.99984384,0.99984384,True
9B,256,0.5,2,139,x,140,0.0027645724,345571.56,0.9998323,0.9998323,True
9B,256,0.5,2,140,x,141,0.0027547516,344343.94,0.999799,0.999799,True
9B,256,0.5,2,141,x,142,0.0027450344,343129.3,0.9998163,0.9998163,True
9B,256,0.5,2,142,x,143,0.0027354197,341927.47,0.99981713,0.99981713,True
9B,256,0.5,2,143,x,144,0.002725905,340738.12,0.9997803,0.9997803,True
9B,256,0.5,2,144,x,145,0.0027164891,339561.16,0.99982476,0.99982476,True
9B,256,0.5,2,145,x,146,0.00270717,338396.25,0.99981487,0.99981487,True
9B,256,0.5,2,146,x,147,0.0026979465,337243.3,0.6542909,0.023450298,False
9B,256,0.5,2,147,x,148,0.0026888163,336102.03,0.9910815,0.9910815,True
9B,256,0.5,2,148,x,149,0.0026797783,334972.28,0.99279535,0.99279535,True
9B,256,0.5,2,149,x,150,0.0026708306,333853.8,0.69230783,0.14153785,False
9B,256,0.5,2,150,x,151,0.0026619723,332746.53,0.69761384,0.0010917485,False
9B,256,0.5,2,151,x,152,0.002653201,331650.12,0.9922191,0.9922191,True
9B,256,0.5,2,152,x,153,0.0026445165,330564.56,0.99983805,0.99983805,True
9B,256,0.5,2,153,x,154,0.0026359162,329489.53,0.9998354,0.9998354,True
9B,256,0.5,2,154,x,155,0.0026273995,328424.94,0.9998287,0.9998287,True
9B,256,0.5,2,155,x,156,0.0026189648,327370.6,0.9997494,0.9997494,True
9B,256,0.5,2,156,x,157,0.002610611,326326.38,0.9998344,0.9998344,True
9B,256,0.5,2,157,x,158,0.0026023365,325292.06,0.9997815,0.9997815,True
9B,256,0.5,2,158,x,159,0.0025941401,324267.53,0.9998287,0.9998287,True
9B,256,0.5,2,159,x,160,0.0025860206,323252.56,0.9997927,0.9997927,True
9B,256,0.5,2,160,x,161,0.0025779773,322247.16,0.9997988,0.9997988,True
9B,256,0.5,2,161,x,162,0.002570008,321251.0,0.9998334,0.9998334,True
9B,256,0.5,2,162,x,163,0.0025621124,320264.06,0.999828,0.999828,True
9B,256,0.5,2,163,x,164,0.0025542893,319286.16,0.99982786,0.99982786,True
9B,256,0.5,2,164,x,165,0.0025465372,318317.16,0.7243339,0.7243339,False
9B,256,0.5,2,165,x,166,0.0025388552,317356.9,0.9923382,0.9923382,True
9B,256,0.5,2,166,x,167,0.0025312426,316405.3,0.9998137,0.9998137,True
9B,256,0.5,2,167,x,168,0.0025236977,315462.22,0.9998316,0.9998316,True
9B,256,0.5,2,168,x,169,0.0025162203,314527.53,0.99981713,0.99981713,True
9B,256,0.5,2,169,x,170,0.0025088086,313601.1,0.9998335,0.9998335,True
9B,256,0.5,2,170,x,171,0.0025014621,312682.75,0.99980223,0.99980223,True
9B,256,0.5,2,171,x,172,0.0024941799,311772.5,0.9996917,0.9996917,True
9B,256,0.5,2,172,x,173,0.0024869607,310870.1,0.9998105,0.9998105,True
9B,256,0.5,2,173,x,174,0.0024798042,309975.53,0.9998215,0.9998215,True
9B,256,0.5,2,174,x,175,0.002472709,309088.62,0.99979484,0.99979484,True
9B,256,0.5,2,175,x,176,0.002465674,308209.25,0.9998169,0.9998169,True
9B,256,0.5,2,176,x,177,0.0024586988,307337.34,0.99981993,0.99981993,True
9B,256,0.5,2,177,x,178,0.0024517826,306472.8,0.9998101,0.9998101,True
9B,256,0.5,2,178,x,179,0.0024449246,305615.56,0.9520117,0.9520117,True
9B,256,0.5,2,179,x,180,0.0024381236,304765.44,0.9539924,0.9539924,True
9B,256,0.5,2,180,x,181,0.0024313792,303922.4,0.99983895,0.99983895,True
9B,256,0.5,2,181,x,182,0.0024246904,303086.3,0.9998176,0.9998176,True
9B,256,0.5,2,182,x,183,0.0024180566,302257.06,0.99980307,0.99980307,True
9B,256,0.5,2,183,x,184,0.0024114768,301434.6,0.99983084,0.99983084,True
9B,256,0.5,2,184,x,185,0.0024049503,300618.78,0.9998412,0.9998412,True
9B,256,0.5,2,185,x,186,0.0023984767,299809.6,0.99982953,0.99982953,True
9B,256,0.5,2,186,x,187,0.002392055,299006.88,0.99982536,0.99982536,True
9B,256,0.5,2,187,x,188,0.0023856848,298210.6,0.9998063,0.9998063,True
9B,256,0.5,2,188,x,189,0.002379365,297420.62,0.9998201,0.9998201,True
9B,256,0.5,2,189,x,190,0.0023730956,296636.94,0.9997743,0.9997743,True
9B,256,0.5,2,190,x,191,0.0023668748,295859.34,0.99982417,0.99982417,True
9B,256,0.5,2,191,x,192,0.0023607032,295087.9,0.99983215,0.99983215,True
9B,256,0.5,2,192,x,193,0.0023545793,294322.4,0.9998254,0.9998254,True
9B,256,0.5,2,193,x,194,0.0023485029,293562.84,0.30583665,0.113119274,False
9B,256,0.5,2,194,x,195,0.0023424735,292809.2,0.99285907,0.99285907,True
9B,256,0.5,2,195,x,196,0.0023364902,292061.28,0.6775993,0.0027858764,False
9B,256,0.5,2,196,x,197,0.0023305523,291319.03,0.9998164,0.9998164,True
9B,256,0.5,2,197,x,198,0.0023246596,290582.44,0.99981534,0.99981534,True
9B,256,0.5,2,198,x,199,0.0023188114,289851.4,0.99982035,0.99982035,True
9B,256,0.5,2,199,x,200,0.0023130071,289125.9,0.9997972,0.9997972,True
9B,256,0.5,2,200,x,201,0.0023072462,288405.78,0.9932742,0.9932742,True
9B,256,0.5,2,201,x,202,0.0023015281,287691.0,0.72153735,0.72153735,False
9B,256,0.5,2,202,x,203,0.0022958524,286981.56,0.6267665,0.023740074,False
9B,256,0.5,2,203,x,204,0.0022902184,286277.28,0.99161685,0.99161685,True
9B,256,0.5,2,204,x,205,0.0022846258,285578.22,0.9923523,0.9923523,True
9B,256,0.5,2,205,x,206,0.0022790737,284884.22,0.6180649,0.004872837,False
9B,256,0.5,2,206,x,207,0.0022735621,284195.28,0.99980783,0.99980783,True
9B,256,0.5,2,207,x,208,0.0022680901,283511.28,0.9998283,0.9998283,True
9B,256,0.5,2,208,x,209,0.0022626575,282832.2,0.999825,0.999825,True
9B,256,0.5,2,209,x,210,0.002257264,282158.0,0.9997972,0.9997972,True
9B,256,0.5,2,210,x,211,0.0022519086,281488.6,0.9997907,0.9997907,True
9B,256,0.5,2,211,x,212,0.0022465913,280823.9,0.9998163,0.9998163,True
9B,256,0.5,2,212,x,213,0.0022413114,280163.9,0.99982154,0.99982154,True
9B,256,0.5,2,213,x,214,0.0022360685,279508.56,0.9998224,0.9998224,True
9B,256,0.5,2,214,x,215,0.0022308624,278857.8,0.9997971,0.9997971,True
9B,256,0.5,2,215,x,216,0.0022256922,278211.53,0.99984396,0.99984396,True
9B,256,0.5,2,216,x,217,0.002220558,277569.75,0.99353075,0.99353075,True
9B,256,0.5,2,217,x,218,0.002215459,276932.38,0.7285425,0.7285425,False
9B,256,0.5,2,218,x,219,0.0022103952,276299.4,0.9998305,0.9998305,True
9B,256,0.5,2,219,x,220,0.002205366,275670.75,0.99979854,0.99979854,True
9B,256,0.5,2,220,x,221,0.002200371,275046.38,0.999777,0.999777,True
9B,256,0.5,2,221,x,222,0.0021954093,274426.16,0.99980396,0.99980396,True
9B,256,0.5,2,222,x,223,0.0021904814,273810.2,0.988586,0.988586,True
9B,256,0.5,2,223,x,224,0.0021855864,273198.28,0.45263755,0.0055722855,False
9B,256,0.5,2,224,x,225,0.002180724,272590.5,0.9998287,0.9998287,True
9B,256,0.5,2,225,x,226,0.002175894,271986.75,0.999812,0.999812,True
9B,256,0.5,2,226,x,227,0.0021710962,271387.03,0.34115553,0.011876574,False
9B,256,0.5,2,227,x,228,0.0021663297,270791.22,0.30170614,0.016022049,False
9B,256,0.5,2,228,x,229,0.0021615946,270199.3,0.99981403,0.99981403,True
9B,256,0.5,2,229,x,230,0.0021568905,269611.3,0.99981135,0.99981135,True
9B,256,0.5,2,230,x,231,0.0021522166,269027.06,0.9928731,0.9928731,True
9B,256,0.5,2,231,x,232,0.0021475733,268446.66,0.6923369,0.0008252878,False
9B,256,0.5,2,232,x,233,0.0021429597,267869.97,0.99984294,0.99984294,True
9B,256,0.5,2,233,x,234,0.0021383762,267297.03,0.9997964,0.9997964,True
9B,256,0.5,2,234,x,235,0.0021338214,266727.66,0.99975204,0.99975204,True
9B,256,0.5,2,235,x,236,0.0021292956,266161.94,0.99976206,0.99976206,True
9B,256,0.5,2,236,x,237,0.0021247987,265599.84,0.9998429,0.9998429,True
9B,256,0.5,2,237,x,238,0.0021203302,265041.28,0.99982804,0.99982804,True
9B,256,0.5,2,238,x,239,0.0021158897,264486.22,0.9923342,0.9923342,True
9B,256,0.5,2,239,x,240,0.002111477,263934.62,0.7132367,0.7132367,False
9B,256,0.5,2,240,x,241,0.002107092,263386.5,0.99982166,0.99982166,True
9B,256,0.5,2,241,x,242,0.0021027338,262841.72,0.9998138,0.9998138,True
9B,256,0.5,2,242,x,243,0.0020984027,262300.34,0.6968085,0.1658538,False
9B,256,0.5,2,243,x,244,0.0020940984,261762.3,0.9927291,0.9927291,True
9B,256,0.5,2,244,x,245,0.0020898203,261227.55,0.9998324,0.9998324,True
9B,256,0.5,2,245,x,246,0.0020855684,260696.05,0.99980557,0.99980557,True
9B,256,0.5,2,246,x,247,0.0020813423,260167.78,0.6764883,0.04609445,False
9B,256,0.5,2,247,x,248,0.0020771418,259642.72,0.99126923,0.99126923,True
9B,256,0.5,2,248,x,249,0.0020729667,259120.83,0.99980474,0.99980474,True
9B,256,0.5,2,249,x,250,0.0020688165,258602.06,0.99983,0.99983,True
9B,256,0.5,2,250,x,251,0.0020646914,258086.42,0.99981815,0.99981815,True
9B,256,0.5,2,251,x,252,0.0020605905,257573.81,0.999791,0.999791,True
9B,256,0.5,2,252,x,253,0.0020565141,257064.27,0.99977314,0.99977314,True
9B,256,0.5,2,253,x,254,0.0020524622,256557.78,0.9997858,0.9997858,True
9B,256,0.5,2,254,x,255,0.0020484335,256054.19,0.9997519,0.9997519,True
9B,256,0.5,2,255,x,256,0.0020444288,255553.61,0.99982667,0.99982667,True
9B,256,0.5,2,256,y,1,0.03271086,4088857.8,0.9998431,0.9998431,True
9B,256,0.5,2,257,y,2,0.02313007,2891258.8,0.9998491,0.9998491,True
9B,256,0.5,2,258,y,3,0.018885626,2360703.2,0.9998441,0.9998441,True
9B,256,0.5,2,259,y,4,0.01635543,2044428.9,0.9998473,0.9998473,True
9B,256,0.5,2,260,y,5,0.014628741,1828592.6,0.9998431,0.9998431,True
9B,256,0.5,2,261,y,6,0.013354153,1669269.1,0.99980485,0.99980485,True
9B,256,0.5,2,262,y,7,0.012363544,1545443.0,0.9998271,0.9998271,True
9B,256,0.5,2,263,y,8,0.011565035,1445629.4,0.9997957,0.9997957,True
9B,256,0.5,2,264,y,9,0.01090362,1362952.5,0.99979335,0.99979335,True
9B,256,0.5,2,265,y,10,0.0103440825,1293010.2,0.99980414,0.99980414,True
9B,256,0.5,2,266,y,11,0.009862696,1232837.0,0.9998505,0.9998505,True
9B,256,0.5,2,267,y,12,0.009442813,1180351.6,0.9998127,0.9998127,True
9B,256,0.5,2,268,y,13,0.009072361,1134045.1,0.9998379,0.9998379,True
9B,256,0.5,2,269,y,14,0.0087423455,1092793.1,0.99981284,0.99981284,True
9B,256,0.5,2,270,y,15,0.008445908,1055738.5,0.9998143,0.9998143,True
9B,256,0.5,2,271,y,16,0.008177715,1022214.44,0.9998361,0.9998361,True
9B,256,0.5,2,272,y,17,0.00793355,991693.7,0.9998073,0.9998073,True
9B,256,0.5,2,273,y,18,0.0077100242,963753.0,0.9997797,0.9997797,True
9B,256,0.5,2,274,y,19,0.007504386,938048.25,0.89167786,0.89167786,False
9B,256,0.5,2,275,y,20,0.0073143705,914296.3,0.995489,0.995489,True
9B,256,0.5,2,276,y,21,0.007138095,892261.9,0.9998338,0.9998338,True
9B,256,0.5,2,277,y,22,0.006973979,871747.4,0.9998322,0.9998322,True
9B,256,0.5,2,278,y,23,0.006820686,852585.75,0.9998398,0.9998398,True
9B,256,0.5,2,279,y,24,0.0066770767,834634.56,0.9997935,0.9997935,True
9B,256,0.5,2,280,y,25,0.0065421727,817771.56,0.9998481,0.9998481,True
9B,256,0.5,2,281,y,26,0.006415128,801891.0,0.99969435,0.99969435,True
9B,256,0.5,2,282,y,27,0.0062952084,786901.06,0.9998069,0.9998069,True
9B,256,0.5,2,283,y,28,0.006181772,772721.5,0.99984175,0.99984175,True
9B,256,0.5,2,284,y,29,0.0060742544,759281.8,0.999831,0.999831,True
9B,256,0.5,2,285,y,30,0.005972159,746519.9,0.9998106,0.9998106,True
9B,256,0.5,2,286,y,31,0.0058750445,734380.56,0.99981606,0.99981606,True
9B,256,0.5,2,287,y,32,0.0057825176,722814.7,0.999828,0.999828,True
9B,256,0.5,2,288,y,33,0.00569423,711778.75,0.99971545,0.99971545,True
9B,256,0.5,2,289,y,34,0.005609866,701233.25,0.9997817,0.9997817,True
9B,256,0.5,2,290,y,35,0.005529145,691143.1,0.9997227,0.9997227,True
9B,256,0.5,2,291,y,36,0.00545181,681476.25,0.999816,0.999816,True
9B,256,0.5,2,292,y,37,0.0053776326,672204.06,0.99979424,0.99979424,True
9B,256,0.5,2,293,y,38,0.005306402,663300.25,0.99984753,0.99984753,True
9B,256,0.5,2,294,y,39,0.0052379295,654741.2,0.9998411,0.9998411,True
9B,256,0.5,2,295,y,40,0.0051720412,646505.1,0.99983424,0.99983424,True
9B,256,0.5,2,296,y,41,0.0051085786,638572.3,0.9998195,0.9998195,True
9B,256,0.5,2,297,y,42,0.0050473954,630924.44,0.9998126,0.9998126,True
9B,256,0.5,2,298,y,43,0.0049883598,623545.0,0.9998394,0.9998394,True
9B,256,0.5,2,299,y,44,0.004931348,616418.5,0.9998174,0.9998174,True
9B,256,0.5,2,300,y,45,0.004876247,609530.9,0.9997783,0.9997783,True
9B,256,0.5,2,301,y,46,0.0048229536,602869.2,0.99983805,0.99983805,True
9B,256,0.5,2,302,y,47,0.0047713695,596421.2,0.9998238,0.9998238,True
9B,256,0.5,2,303,y,48,0.0047214064,590175.8,0.99979836,0.99979836,True
9B,256,0.5,2,304,y,49,0.0046729804,584122.56,0.99982923,0.99982923,True
9B,256,0.5,2,305,y,50,0.0046260143,578251.8,0.9998099,0.9998099,True
9B,256,0.5,2,306,y,51,0.0045804367,572554.56,0.9998393,0.9998393,True
9B,256,0.5,2,307,y,52,0.0045361803,567022.56,0.99982023,0.99982023,True
9B,256,0.5,2,308,y,53,0.0044931825,561647.8,0.9998292,0.9998292,True
9B,256,0.5,2,309,y,54,0.0044513843,556423.06,0.99981076,0.99981076,True
9B,256,0.5,2,310,y,55,0.004410732,551341.5,0.99984735,0.99984735,True
9B,256,0.5,2,311,y,56,0.0043711727,546396.56,0.9998368,0.9998368,True
9B,256,0.5,2,312,y,57,0.0043326593,541582.44,0.9998119,0.9998119,True
9B,256,0.5,2,313,y,58,0.0042951466,536893.3,0.99981415,0.99981415,True
9B,256,0.5,2,314,y,59,0.004258591,532323.9,0.99980855,0.99980855,True
9B,256,0.5,2,315,y,60,0.004222954,527869.25,0.9998113,0.9998113,True
9B,256,0.5,2,316,y,61,0.0041881967,523524.6,0.99979925,0.99979925,True
9B,256,0.5,2,317,y,62,0.0041542836,519285.44,0.9997698,0.9997698,True
9B,256,0.5,2,318,y,63,0.004121181,515147.62,0.9998349,0.9998349,True
9B,256,0.5,2,319,y,64,0.0040888577,511107.22,0.99980485,0.99980485,True
9B,256,0.5,2,320,y,65,0.0040572826,507160.3,0.9998249,0.9998249,True
9B,256,0.5,2,321,y,66,0.004026429,503303.6,0.99982727,0.99982727,True
9B,256,0.5,2,322,y,67,0.003996268,499533.5,0.99131787,0.99131787,True
9B,256,0.5,2,323,y,68,0.003966775,495846.84,0.70578134,0.0049418053,False
9B,256,0.5,2,324,y,69,0.0039379247,492240.6,0.9998311,0.9998311,True
9B,256,0.5,2,325,y,70,0.0039096954,488711.94,0.9998361,0.9998361,True
9B,256,0.5,2,326,y,71,0.003882065,485258.12,0.9998473,0.9998473,True
9B,256,0.5,2,327,y,72,0.0038550121,481876.5,0.99983037,0.99983037,True
9B,256,0.5,2,328,y,73,0.0038285167,478564.6,0.9998448,0.9998448,True
9B,256,0.5,2,329,y,74,0.0038025603,475320.03,0.99978614,0.99978614,True
9B,256,0.5,2,330,y,75,0.003777125,472140.62,0.99978864,0.99978864,True
9B,256,0.5,2,331,y,76,0.003752193,469024.12,0.9997985,0.9997985,True
9B,256,0.5,2,332,y,77,0.0037277485,465968.56,0.7562299,0.7562299,False
9B,256,0.5,2,333,y,78,0.0037037758,462971.97,0.9930359,0.9930359,True
9B,256,0.5,2,334,y,79,0.0036802595,460032.44,0.9997493,0.9997493,True
9B,256,0.5,2,335,y,80,0.0036571852,457148.16,0.9998255,0.9998255,True
9B,256,0.5,2,336,y,81,0.0036345404,454317.53,0.99982196,0.99982196,True
9B,256,0.5,2,337,y,82,0.0036123104,451538.8,0.9998307,0.9998307,True
9B,256,0.5,2,338,y,83,0.0035904835,448810.44,0.7791923,0.7791923,False
9B,256,0.5,2,339,y,84,0.0035690474,446130.94,0.99508435,0.99508435,True
9B,256,0.5,2,340,y,85,0.003547991,443498.88,0.71920925,0.71920925,False
9B,256,0.5,2,341,y,86,0.0035273028,440912.84,0.99241716,0.99241716,True
9B,256,0.5,2,342,y,87,0.0035069725,438371.56,0.9998343,0.9998343,True
9B,256,0.5,2,343,y,88,0.0034869895,435873.7,0.99980444,0.99980444,True
9B,256,0.5,2,344,y,89,0.0034673444,433418.06,0.99527264,0.99527264,True
9B,256,0.5,2,345,y,90,0.0034480277,431003.47,0.7861055,0.7861055,False
9B,256,0.5,2,346,y,91,0.00342903,428628.75,0.99216205,0.99216205,True
9B,256,0.5,2,347,y,92,0.003410343,426292.88,0.69744945,0.045603283,False
9B,256,0.5,2,348,y,93,0.0033919583,423994.78,0.9997642,0.9997642,True
9B,256,0.5,2,349,y,94,0.0033738676,421733.44,0.9997932,0.9997932,True
9B,256,0.5,2,350,y,95,0.0033560635,419507.94,0.9998479,0.9998479,True
9B,256,0.5,2,351,y,96,0.0033385383,417317.28,0.9998268,0.9998268,True
9B,256,0.5,2,352,y,97,0.003321285,415160.62,0.99983066,0.99983066,True
9B,256,0.5,2,353,y,98,0.003304296,413037.0,0.9998064,0.9998064,True
9B,256,0.5,2,354,y,99,0.0032875652,410945.66,0.99980927,0.99980927,True
9B,256,0.5,2,355,y,100,0.0032710864,408885.78,0.999817,0.999817,True
9B,256,0.5,2,356,y,101,0.0032548525,406856.56,0.9998118,0.9998118,True
9B,256,0.5,2,357,y,102,0.003238858,404857.25,0.99982524,0.99982524,True
9B,256,0.5,2,358,y,103,0.003223097,402887.12,0.9997907,0.9997907,True
9B,256,0.5,2,359,y,104,0.003207564,400945.5,0.999823,0.999823,True
9B,256,0.5,2,360,y,105,0.003192253,399031.62,0.99982256,0.99982256,True
9B,256,0.5,2,361,y,106,0.0031771597,397144.97,0.9998257,0.9998257,True
9B,256,0.5,2,362,y,107,0.0031622783,395284.78,0.7514752,0.7514752,False
9B,256,0.5,2,363,y,108,0.0031476042,393450.53,0.99402565,0.99402565,True
9B,256,0.5,2,364,y,109,0.0031331321,391641.5,0.9998225,0.9998225,True
9B,256,0.5,2,365,y,110,0.0031188582,389857.28,0.99984443,0.99984443,True
9B,256,0.5,2,366,y,111,0.0031047775,388097.2,0.9998118,0.9998118,True
9B,256,0.5,2,367,y,112,0.003090886,386360.75,0.9998224,0.9998224,True
9B,256,0.5,2,368,y,113,0.0030771792,384647.4,0.9656069,0.9656069,True
9B,256,0.5,2,369,y,114,0.003063653,382956.62,0.93947226,0.93947226,True
9B,256,0.5,2,370,y,115,0.0030503036,381287.94,0.9998331,0.9998331,True
9B,256,0.5,2,371,y,116,0.0030371272,379640.9,0.99984264,0.99984264,True
9B,256,0.5,2,372,y,117,0.0030241201,378015.0,0.9998255,0.9998255,True
9B,256,0.5,2,373,y,118,0.0030112788,376409.84,0.99979895,0.99979895,True
9B,256,0.5,2,374,y,119,0.0029985995,374824.94,0.99979174,0.99979174,True
9B,256,0.5,2,375,y,120,0.0029860795,373259.94,0.99983406,0.99983406,True
9B,256,0.5,2,376,y,121,0.0029737148,371714.34,0.9998172,0.9998172,True
9B,256,0.5,2,377,y,122,0.0029615022,370187.78,0.99979156,0.99979156,True
9B,256,0.5,2,378,y,123,0.0029494392,368679.9,0.99980664,0.99980664,True
9B,256,0.5,2,379,y,124,0.0029375223,367190.28,0.9998099,0.9998099,True
9B,256,0.5,2,380,y,125,0.0029257482,365718.53,0.99979687,0.99979687,True
9B,256,0.5,2,381,y,126,0.002914115,364264.38,0.9998679,0.9998679,True
9B,256,0.5,2,382,y,127,0.0029026195,362827.44,0.99979585,0.99979585,True
9B,256,0.5,2,383,y,128,0.0028912588,361407.34,0.9998251,0.9998251,True
9B,256,0.5,2,384,y,129,0.0028800308,360003.84,0.9998244,0.9998244,True
9B,256,0.5,2,385,y,130,0.002868932,358616.5,0.9998208,0.9998208,True
9B,256,0.5,2,386,y,131,0.0028579612,357245.16,0.99982035,0.99982035,True
9B,256,0.5,2,387,y,132,0.002847115,355889.38,0.99972975,0.99972975,True
9B,256,0.5,2,388,y,133,0.0028363916,354548.94,0.99976504,0.99976504,True
9B,256,0.5,2,389,y,134,0.002825788,353223.5,0.99983895,0.99983895,True
9B,256,0.5,2,390,y,135,0.002815303,351912.88,0.99979115,0.99979115,True
9B,256,0.5,2,391,y,136,0.002804933,350616.62,0.99979883,0.99979883,True
9B,256,0.5,2,392,y,137,0.0027946774,349334.7,0.999838,0.999838,True
9B,256,0.5,2,393,y,138,0.0027845334,348066.7,0.99979585,0.99979585,True
9B,256,0.5,2,394,y,139,0.0027744991,346812.38,0.99983895,0.99983895,True
9B,256,0.5,2,395,y,140,0.0027645724,345571.56,0.9997442,0.9997442,True
9B,256,0.5,2,396,y,141,0.0027547516,344343.94,0.9998218,0.9998218,True
9B,256,0.5,2,397,y,142,0.0027450344,343129.3,0.9998216,0.9998216,True
9B,256,0.5,2,398,y,143,0.0027354197,341927.47,0.9998288,0.9998288,True
9B,256,0.5,2,399,y,144,0.002725905,340738.12,0.9998318,0.9998318,True
9B,256,0.5,2,400,y,145,0.0027164891,339561.16,0.99982405,0.99982405,True
9B,256,0.5,2,401,y,146,0.00270717,338396.25,0.99980927,0.99980927,True
9B,256,0.5,2,402,y,147,0.0026979465,337243.3,0.99968374,0.99968374,True
9B,256,0.5,2,403,y,148,0.0026888163,336102.03,0.99978924,0.99978924,True
9B,256,0.5,2,404,y,149,0.0026797783,334972.28,0.9998292,0.9998292,True
9B,256,0.5,2,405,y,150,0.0026708306,333853.8,0.99984014,0.99984014,True
9B,256,0.5,2,406,y,151,0.0026619723,332746.53,0.99983144,0.99983144,True
9B,256,0.5,2,407,y,152,0.002653201,331650.12,0.9997734,0.9997734,True
9B,256,0.5,2,408,y,153,0.0026445165,330564.56,0.99983823,0.99983823,True
9B,256,0.5,2,409,y,154,0.0026359162,329489.53,0.9997904,0.9997904,True
9B,256,0.5,2,410,y,155,0.0026273995,328424.94,0.9998294,0.9998294,True
9B,256,0.5,2,411,y,156,0.0026189648,327370.6,0.99978817,0.99978817,True
9B,256,0.5,2,412,y,157,0.002610611,326326.38,0.9927951,0.9927951,True
9B,256,0.5,2,413,y,158,0.0026023365,325292.06,0.73541677,0.73541677,False
9B,256,0.5,2,414,y,159,0.0025941401,324267.53,0.9998272,0.9998272,True
9B,256,0.5,2,415,y,160,0.0025860206,323252.56,0.9998239,0.9998239,True
9B,256,0.5,2,416,y,161,0.0025779773,322247.16,0.9998326,0.9998326,True
9B,256,0.5,2,417,y,162,0.002570008,321251.0,0.9998224,0.9998224,True
9B,256,0.5,2,418,y,163,0.0025621124,320264.06,0.9998205,0.9998205,True
9B,256,0.5,2,419,y,164,0.0025542893,319286.16,0.9998244,0.9998244,True
9B,256,0.5,2,420,y,165,0.0025465372,318317.16,0.99984384,0.99984384,True
9B,256,0.5,2,421,y,166,0.0025388552,317356.9,0.9998028,0.9998028,True
9B,256,0.5,2,422,y,167,0.0025312426,316405.3,0.9997974,0.9997974,True
9B,256,0.5,2,423,y,168,0.0025236977,315462.22,0.999831,0.999831,True
9B,256,0.5,2,424,y,169,0.0025162203,314527.53,0.9998241,0.9998241,True
9B,256,0.5,2,425,y,170,0.0025088086,313601.1,0.9998355,0.9998355,True
9B,256,0.5,2,426,y,171,0.0025014621,312682.75,0.99983895,0.99983895,True
9B,256,0.5,2,427,y,172,0.0024941799,311772.5,0.99979925,0.99979925,True
9B,256,0.5,2,428,y,173,0.0024869607,310870.1,0.9998035,0.9998035,True
9B,256,0.5,2,429,y,174,0.0024798042,309975.53,0.9998286,0.9998286,True
9B,256,0.5,2,430,y,175,0.002472709,309088.62,0.9998097,0.9998097,True
9B,256,0.5,2,431,y,176,0.002465674,308209.25,0.9998088,0.9998088,True
9B,256,0.5,2,432,y,177,0.0024586988,307337.34,0.65972006,0.023785356,False
9B,256,0.5,2,433,y,178,0.0024517826,306472.8,0.99117863,0.99117863,True
9B,256,0.5,2,434,y,179,0.0024449246,305615.56,0.9998107,0.9998107,True
9B,256,0.5,2,435,y,180,0.0024381236,304765.44,0.99971503,0.99971503,True
9B,256,0.5,2,436,y,181,0.0024313792,303922.4,0.99982685,0.99982685,True
9B,256,0.5,2,437,y,182,0.0024246904,303086.3,0.9997798,0.9997798,True
9B,256,0.5,2,438,y,183,0.0024180566,302257.06,0.9997866,0.9997866,True
9B,256,0.5,2,439,y,184,0.0024114768,301434.6,0.99981976,0.99981976,True
9B,256,0.5,2,440,y,185,0.0024049503,300618.78,0.99978787,0.99978787,True
9B,256,0.5,2,441,y,186,0.0023984767,299809.6,0.99982953,0.99982953,True
9B,256,0.5,2,442,y,187,0.002392055,299006.88,0.9931778,0.9931778,True
9B,256,0.5,2,443,y,188,0.0023856848,298210.6,0.7364212,0.7364212,False
9B,256,0.5,2,444,y,189,0.002379365,297420.62,0.99981576,0.99981576,True
9B,256,0.5,2,445,y,190,0.0023730956,296636.94,0.99983513,0.99983513,True
9B,256,0.5,2,446,y,191,0.0023668748,295859.34,0.9998214,0.9998214,True
9B,256,0.5,2,447,y,192,0.0023607032,295087.9,0.9997927,0.9997927,True
9B,256,0.5,2,448,y,193,0.0023545793,294322.4,0.999792,0.999792,True
9B,256,0.5,2,449,y,194,0.0023485029,293562.84,0.99980086,0.99980086,True
9B,256,0.5,2,450,y,195,0.0023424735,292809.2,0.9937215,0.9937215,True
9B,256,0.5,2,451,y,196,0.0023364902,292061.28,0.7172407,0.7172407,False
9B,256,0.5,2,452,y,197,0.0023305523,291319.03,0.9998188,0.9998188,True
9B,256,0.5,2,453,y,198,0.0023246596,290582.44,0.9997853,0.9997853,True
9B,256,0.5,2,454,y,199,0.0023188114,289851.4,0.99983394,0.99983394,True
9B,256,0.5,2,455,y,200,0.0023130071,289125.9,0.9997777,0.9997777,True
9B,256,0.5,2,456,y,201,0.0023072462,288405.78,0.9998319,0.9998319,True
9B,256,0.5,2,457,y,202,0.0023015281,287691.0,0.99979043,0.99979043,True
9B,256,0.5,2,458,y,203,0.0022958524,286981.56,0.99981993,0.99981993,True
9B,256,0.5,2,459,y,204,0.0022902184,286277.28,0.99980694,0.99980694,True
9B,256,0.5,2,460,y,205,0.0022846258,285578.22,0.9998213,0.9998213,True
9B,256,0.5,2,461,y,206,0.0022790737,284884.22,0.9998216,0.9998216,True
9B,256,0.5,2,462,y,207,0.0022735621,284195.28,0.9998255,0.9998255,True
9B,256,0.5,2,463,y,208,0.0022680901,283511.28,0.9998094,0.9998094,True
9B,256,0.5,2,464,y,209,0.0022626575,282832.2,0.9998313,0.9998313,True
9B,256,0.5,2,465,y,210,0.002257264,282158.0,0.99981594,0.99981594,True
9B,256,0.5,2,466,y,211,0.0022519086,281488.6,0.99982107,0.99982107,True
9B,256,0.5,2,467,y,212,0.0022465913,280823.9,0.99981767,0.99981767,True
9B,256,0.5,2,468,y,213,0.0022413114,280163.9,0.99981785,0.99981785,True
9B,256,0.5,2,469,y,214,0.0022360685,279508.56,0.99983346,0.99983346,True
9B,256,0.5,2,470,y,215,0.0022308624,278857.8,0.99982697,0.99982697,True
9B,256,0.5,2,471,y,216,0.0022256922,278211.53,0.9997995,0.9997995,True
9B,256,0.5,2,472,y,217,0.002220558,277569.75,0.99978745,0.99978745,True
9B,256,0.5,2,473,y,218,0.002215459,276932.38,0.99973613,0.99973613,True
9B,256,0.5,2,474,y,219,0.0022103952,276299.4,0.9998379,0.9998379,True
9B,256,0.5,2,475,y,220,0.002205366,275670.75,0.99983144,0.99983144,True
9B,256,0.5,2,476,y,221,0.002200371,275046.38,0.99980867,0.99980867,True
9B,256,0.5,2,477,y,222,0.0021954093,274426.16,0.9998203,0.9998203,True
9B,256,0.5,2,478,y,223,0.0021904814,273810.2,0.99158645,0.99158645,True
9B,256,0.5,2,479,y,224,0.0021855864,273198.28,0.7009082,0.00827074,False
9B,256,0.5,2,480,y,225,0.002180724,272590.5,0.99252295,0.99252295,True
9B,256,0.5,2,481,y,226,0.002175894,271986.75,0.6894214,0.0024802126,False
9B,256,0.5,2,482,y,227,0.0021710962,271387.03,0.99980485,0.99980485,True
9B,256,0.5,2,483,y,228,0.0021663297,270791.22,0.9998094,0.9998094,True
9B,256,0.5,2,484,y,229,0.0021615946,270199.3,0.99981797,0.99981797,True
9B,256,0.5,2,485,y,230,0.0021568905,269611.3,0.99976087,0.99976087,True
9B,256,0.5,2,486,y,231,0.0021522166,269027.06,0.9998344,0.9998344,True
9B,256,0.5,2,487,y,232,0.0021475733,268446.66,0.99970675,0.99970675,True
9B,256,0.5,2,488,y,233,0.0021429597,267869.97,0.99981666,0.99981666,True
9B,256,0.5,2,489,y,234,0.0021383762,267297.03,0.99979365,0.99979365,True
9B,256,0.5,2,490,y,235,0.0021338214,266727.66,0.9998058,0.9998058,True
9B,256,0.5,2,491,y,236,0.0021292956,266161.94,0.9997371,0.9997371,True
9B,256,0.5,2,492,y,237,0.0021247987,265599.84,0.9998211,0.9998211,True
9B,256,0.5,2,493,y,238,0.0021203302,265041.28,0.999815,0.999815,True
9B,256,0.5,2,494,y,239,0.0021158897,264486.22,0.9998355,0.9998355,True
9B,256,0.5,2,495,y,240,0.002111477,263934.62,0.9998,0.9998,True
9B,256,0.5,2,496,y,241,0.002107092,263386.5,0.9932903,0.9932903,True
9B,256,0.5,2,497,y,242,0.0021027338,262841.72,0.71535844,0.12939957,False
9B,256,0.5,2,498,y,243,0.0020984027,262300.34,0.9998008,0.9998008,True
9B,256,0.5,2,499,y,244,0.0020940984,261762.3,0.9998348,0.9998348,True
9B,256,0.5,2,500,y,245,0.0020898203,261227.55,0.5756281,0.030719034,False
9B,256,0.5,2,501,y,246,0.0020855684,260696.05,0.98996174,0.98996174,True
9B,256,0.5,2,502,y,247,0.0020813423,260167.78,0.9997658,0.9997658,True
9B,256,0.5,2,503,y,248,0.0020771418,259642.72,0.9998026,0.9998026,True
9B,256,0.5,2,504,y,249,0.0020729667,259120.83,0.99982786,0.99982786,True
9B,256,0.5,2,505,y,250,0.0020688165,258602.06,0.999768,0.999768,True
9B,256,0.5,2,506,y,251,0.0020646914,258086.42,0.99978745,0.99978745,True
9B,256,0.5,2,507,y,252,0.0020605905,257573.81,0.99985945,0.99985945,True
9B,256,0.5,2,508,y,253,0.0020565141,257064.27,0.99318564,0.99318564,True
9B,256,0.5,2,509,y,254,0.0020524622,256557.78,0.6987235,0.6987235,False
9B,256,0.5,2,510,y,255,0.0020484335,256054.19,0.68498135,0.048069876,False
9B,256,0.5,2,511,y,256,0.0020444288,255553.61,0.9916204,0.9916204,True
9B,256,0.5,3,0,x,1,0.03271086,4088857.8,0.9998268,0.9998268,True
9B,256,0.5,3,1,x,2,0.02313007,2891258.8,0.9998513,0.9998513,True
9B,256,0.5,3,2,x,3,0.018885626,2360703.2,0.9998245,0.9998245,True
9B,256,0.5,3,3,x,4,0.01635543,2044428.9,0.99982166,0.99982166,True
9B,256,0.5,3,4,x,5,0.014628741,1828592.6,0.99983376,0.99983376,True
9B,256,0.5,3,5,x,6,0.013354153,1669269.1,0.9998188,0.9998188,True
9B,256,0.5,3,6,x,7,0.012363544,1545443.0,0.9998292,0.9998292,True
9B,256,0.5,3,7,x,8,0.011565035,1445629.4,0.9998106,0.9998106,True
9B,256,0.5,3,8,x,9,0.01090362,1362952.5,0.9997842,0.9997842,True
9B,256,0.5,3,9,x,10,0.0103440825,1293010.2,0.9998454,0.9998454,True
9B,256,0.5,3,10,x,11,0.009862696,1232837.0,0.99984694,0.99984694,True
9B,256,0.5,3,11,x,12,0.009442813,1180351.6,0.9998153,0.9998153,True
9B,256,0.5,3,12,x,13,0.009072361,1134045.1,0.9997865,0.9997865,True
9B,256,0.5,3,13,x,14,0.0087423455,1092793.1,0.9998338,0.9998338,True
9B,256,0.5,3,14,x,15,0.008445908,1055738.5,0.9998324,0.9998324,True
9B,256,0.5,3,15,x,16,0.008177715,1022214.44,0.9998354,0.9998354,True
9B,256,0.5,3,16,x,17,0.00793355,991693.7,0.99626017,0.99626017,True
9B,256,0.5,3,17,x,18,0.0077100242,963753.0,0.88709337,0.88709337,False
9B,256,0.5,3,18,x,19,0.007504386,938048.25,0.9998301,0.9998301,True
9B,256,0.5,3,19,x,20,0.0073143705,914296.3,0.9998187,0.9998187,True
9B,256,0.5,3,20,x,21,0.007138095,892261.9,0.9998152,0.9998152,True
9B,256,0.5,3,21,x,22,0.006973979,871747.4,0.9997928,0.9997928,True
9B,256,0.5,3,22,x,23,0.006820686,852585.75,0.9998405,0.9998405,True
9B,256,0.5,3,23,x,24,0.0066770767,834634.56,0.999833,0.999833,True
9B,256,0.5,3,24,x,25,0.0065421727,817771.56,0.99983346,0.99983346,True
9B,256,0.5,3,25,x,26,0.006415128,801891.0,0.99979305,0.99979305,True
9B,256,0.5,3,26,x,27,0.0062952084,786901.06,0.99984276,0.99984276,True
9B,256,0.5,3,27,x,28,0.006181772,772721.5,0.99980396,0.99980396,True
9B,256,0.5,3,28,x,29,0.0060742544,759281.8,0.9998119,0.9998119,True
9B,256,0.5,3,29,x,30,0.005972159,746519.9,0.99982333,0.99982333,True
9B,256,0.5,3,30,x,31,0.0058750445,734380.56,0.9998175,0.9998175,True
9B,256,0.5,3,31,x,32,0.0057825176,722814.7,0.99984014,0.99984014,True
9B,256,0.5,3,32,x,33,0.00569423,711778.75,0.9997995,0.9997995,True
9B,256,0.5,3,33,x,34,0.005609866,701233.25,0.99977875,0.99977875,True
9B,256,0.5,3,34,x,35,0.005529145,691143.1,0.9998336,0.9998336,True
9B,256,0.5,3,35,x,36,0.00545181,681476.25,0.99979377,0.99979377,True
9B,256,0.5,3,36,x,37,0.0053776326,672204.06,0.9997914,0.9997914,True
9B,256,0.5,3,37,x,38,0.005306402,663300.25,0.9998287,0.9998287,True
9B,256,0.5,3,38,x,39,0.0052379295,654741.2,0.7740203,0.7740203,False
9B,256,0.5,3,39,x,40,0.0051720412,646505.1,0.78809595,0.78809595,False
9B,256,0.5,3,40,x,41,0.0051085786,638572.3,0.99980855,0.99980855,True
9B,256,0.5,3,41,x,42,0.0050473954,630924.44,0.99977756,0.99977756,True
9B,256,0.5,3,42,x,43,0.0049883598,623545.0,0.9998153,0.9998153,True
9B,256,0.5,3,43,x,44,0.004931348,616418.5,0.9998237,0.9998237,True
9B,256,0.5,3,44,x,45,0.004876247,609530.9,0.99980503,0.99980503,True
9B,256,0.5,3,45,x,46,0.0048229536,602869.2,0.9998096,0.9998096,True
9B,256,0.5,3,46,x,47,0.0047713695,596421.2,0.9998167,0.9998167,True
9B,256,0.5,3,47,x,48,0.0047214064,590175.8,0.99977076,0.99977076,True
9B,256,0.5,3,48,x,49,0.0046729804,584122.56,0.999784,0.999784,True
9B,256,0.5,3,49,x,50,0.0046260143,578251.8,0.99982476,0.99982476,True
9B,256,0.5,3,50,x,51,0.0045804367,572554.56,0.9998322,0.9998322,True
9B,256,0.5,3,51,x,52,0.0045361803,567022.56,0.9997346,0.9997346,True
9B,256,0.5,3,52,x,53,0.0044931825,561647.8,0.99979335,0.99979335,True
9B,256,0.5,3,53,x,54,0.0044513843,556423.06,0.99983025,0.99983025,True
9B,256,0.5,3,54,x,55,0.004410732,551341.5,0.99984527,0.99984527,True
9B,256,0.5,3,55,x,56,0.0043711727,546396.56,0.99982995,0.99982995,True
9B,256,0.5,3,56,x,57,0.0043326593,541582.44,0.9997481,0.9997481,True
9B,256,0.5,3,57,x,58,0.0042951466,536893.3,0.99976087,0.99976087,True
9B,256,0.5,3,58,x,59,0.004258591,532323.9,0.99974567,0.99974567,True
9B,256,0.5,3,59,x,60,0.004222954,527869.25,0.9998238,0.9998238,True
9B,256,0.5,3,60,x,61,0.0041881967,523524.6,0.99980783,0.99980783,True
9B,256,0.5,3,61,x,62,0.0041542836,519285.44,0.9998268,0.9998268,True
9B,256,0.5,3,62,x,63,0.004121181,515147.62,0.99981755,0.99981755,True
9B,256,0.5,3,63,x,64,0.0040888577,511107.22,0.9997252,0.9997252,True
9B,256,0.5,3,64,x,65,0.0040572826,507160.3,0.99980646,0.99980646,True
9B,256,0.5,3,65,x,66,0.004026429,503303.6,0.9998291,0.9998291,True
9B,256,0.5,3,66,x,67,0.003996268,499533.5,0.99976087,0.99976087,True
9B,256,0.5,3,67,x,68,0.003966775,495846.84,0.99980044,0.9997955,True
9B,256,0.5,3,68,x,69,0.0039379247,492240.6,0.9998303,0.9998303,True
9B,256,0.5,3,69,x,70,0.0039096954,488711.94,0.9997848,0.9997848,True
9B,256,0.5,3,70,x,71,0.003882065,485258.12,0.999807,0.999807,True
9B,256,0.5,3,71,x,72,0.0038550121,481876.5,0.9998177,0.9998177,True
9B,256,0.5,3,72,x,73,0.0038285167,478564.6,0.99981177,0.99981177,True
9B,256,0.5,3,73,x,74,0.0038025603,475320.03,0.99982476,0.99982476,True
9B,256,0.5,3,74,x,75,0.003777125,472140.62,0.9998158,0.9998158,True
9B,256,0.5,3,75,x,76,0.003752193,469024.12,0.9998327,0.9998327,True
9B,256,0.5,3,76,x,77,0.0037277485,465968.56,0.99976116,0.99976116,True
9B,256,0.5,3,77,x,78,0.0037037758,462971.97,0.9998427,0.9998427,True
9B,256,0.5,3,78,x,79,0.0036802595,460032.44,0.99982905,0.99982905,True
9B,256,0.5,3,79,x,80,0.0036571852,457148.16,0.9997772,0.9997772,True
9B,256,0.5,3,80,x,81,0.0036345404,454317.53,0.9997645,0.9997645,True
9B,256,0.5,3,81,x,82,0.0036123104,451538.8,0.999804,0.999804,True
9B,256,0.5,3,82,x,83,0.0035904835,448810.44,0.9998225,0.9998225,True
9B,256,0.5,3,83,x,84,0.0035690474,446130.94,0.999842,0.999842,True
9B,256,0.5,3,84,x,85,0.003547991,443498.88,0.99979246,0.99979246,True
9B,256,0.5,3,85,x,86,0.0035273028,440912.84,0.99980676,0.99980676,True
9B,256,0.5,3,86,x,87,0.0035069725,438371.56,0.7624769,0.7624769,False
9B,256,0.5,3,87,x,88,0.0034869895,435873.7,0.99282074,0.99282074,True
9B,256,0.5,3,88,x,89,0.0034673444,433418.06,0.99980694,0.99980694,True
9B,256,0.5,3,89,x,90,0.0034480277,431003.47,0.9998065,0.9998065,True
9B,256,0.5,3,90,x,91,0.00342903,428628.75,0.99979335,0.99979335,True
9B,256,0.5,3,91,x,92,0.003410343,426292.88,0.99982536,0.99982536,True
9B,256,0.5,3,92,x,93,0.0033919583,423994.78,0.99979985,0.99979985,True
9B,256,0.5,3,93,x,94,0.0033738676,421733.44,0.9998232,0.9998232,True
9B,256,0.5,3,94,x,95,0.0033560635,419507.94,0.99427724,0.99427724,True
9B,256,0.5,3,95,x,96,0.0033385383,417317.28,0.7586801,0.7586801,False
9B,256,0.5,3,96,x,97,0.003321285,415160.62,0.99980444,0.99980444,True
9B,256,0.5,3,97,x,98,0.003304296,413037.0,0.99980736,0.99980736,True
9B,256,0.5,3,98,x,99,0.0032875652,410945.66,0.9997327,0.9997327,True
9B,256,0.5,3,99,x,100,0.0032710864,408885.78,0.99980015,0.99980015,True
9B,256,0.5,3,100,x,101,0.0032548525,406856.56,0.99982387,0.99982387,True
9B,256,0.5,3,101,x,102,0.003238858,404857.25,0.9997772,0.9997772,True
9B,256,0.5,3,102,x,103,0.003223097,402887.12,0.9998118,0.9998118,True
9B,256,0.5,3,103,x,104,0.003207564,400945.5,0.9998199,0.9998199,True
9B,256,0.5,3,104,x,105,0.003192253,399031.62,0.99983084,0.99983084,True
9B,256,0.5,3,105,x,106,0.0031771597,397144.97,0.9997958,0.9997958,True
9B,256,0.5,3,106,x,107,0.0031622783,395284.78,0.9998233,0.9998233,True
9B,256,0.5,3,107,x,108,0.0031476042,393450.53,0.99978495,0.99978495,True
9B,256,0.5,3,108,x,109,0.0031331321,391641.5,0.9938344,0.9938344,True
9B,256,0.5,3,109,x,110,0.0031188582,389857.28,0.7735426,0.7735426,False
9B,256,0.5,3,110,x,111,0.0031047775,388097.2,0.9997264,0.9997264,True
9B,256,0.5,3,111,x,112,0.003090886,386360.75,0.99983287,0.99983287,True
9B,256,0.5,3,112,x,113,0.0030771792,384647.4,0.99982995,0.99982995,True
9B,256,0.5,3,113,x,114,0.003063653,382956.62,0.9998205,0.9998205,True
9B,256,0.5,3,114,x,115,0.0030503036,381287.94,0.99983,0.99983,True
9B,256,0.5,3,115,x,116,0.0030371272,379640.9,0.9998011,0.9998011,True
9B,256,0.5,3,116,x,117,0.0030241201,378015.0,0.99983287,0.99983287,True
9B,256,0.5,3,117,x,118,0.0030112788,376409.84,0.9997694,0.9997694,True
9B,256,0.5,3,118,x,119,0.0029985995,374824.94,0.99982834,0.99982834,True
9B,256,0.5,3,119,x,120,0.0029860795,373259.94,0.9998185,0.9998185,True
9B,256,0.5,3,120,x,121,0.0029737148,371714.34,0.9998324,0.9998324,True
9B,256,0.5,3,121,x,122,0.0029615022,370187.78,0.99981785,0.99981785,True
9B,256,0.5,3,122,x,123,0.0029494392,368679.9,0.6579598,0.0079603195,False
9B,256,0.5,3,123,x,124,0.0029375223,367190.28,0.9906339,0.9906339,True
9B,256,0.5,3,124,x,125,0.0029257482,365718.53,0.9998301,0.9998301,True
9B,256,0.5,3,125,x,126,0.002914115,364264.38,0.999827,0.999827,True
9B,256,0.5,3,126,x,127,0.0029026195,362827.44,0.9998248,0.9998248,True
9B,256,0.5,3,127,x,128,0.0028912588,361407.34,0.9998208,0.9998208,True
9B,256,0.5,3,128,x,129,0.0028800308,360003.84,0.99983037,0.99983037,True
9B,256,0.5,3,129,x,130,0.002868932,358616.5,0.99981177,0.99981177,True
9B,256,0.5,3,130,x,131,0.0028579612,357245.16,0.99983406,0.99983406,True
9B,256,0.5,3,131,x,132,0.002847115,355889.38,0.99981713,0.99981713,True
9B,256,0.5,3,132,x,133,0.0028363916,354548.94,0.9998049,0.9998049,True
9B,256,0.5,3,133,x,134,0.002825788,353223.5,0.99980056,0.99980056,True
9B,256,0.5,3,134,x,135,0.002815303,351912.88,0.9998268,0.9998268,True
9B,256,0.5,3,135,x,136,0.002804933,350616.62,0.9998145,0.9998145,True
9B,256,0.5,3,136,x,137,0.0027946774,349334.7,0.99981654,0.99981654,True
9B,256,0.5,3,137,x,138,0.0027845334,348066.7,0.99982476,0.99982476,True
9B,256,0.5,3,138,x,139,0.0027744991,346812.38,0.9997896,0.9997896,True
9B,256,0.5,3,139,x,140,0.0027645724,345571.56,0.9998361,0.9998361,True
9B,256,0.5,3,140,x,141,0.0027547516,344343.94,0.99978393,0.99978393,True
9B,256,0.5,3,141,x,142,0.0027450344,343129.3,0.9997838,0.9997838,True
9B,256,0.5,3,142,x,143,0.0027354197,341927.47,0.99981904,0.99981904,True
9B,256,0.5,3,143,x,144,0.002725905,340738.12,0.99979424,0.99979424,True
9B,256,0.5,3,144,x,145,0.0027164891,339561.16,0.9998036,0.9998036,True
9B,256,0.5,3,145,x,146,0.00270717,338396.25,0.99982774,0.99982774,True
9B,256,0.5,3,146,x,147,0.0026979465,337243.3,0.94920546,0.94920546,True
9B,256,0.5,3,147,x,148,0.0026888163,336102.03,0.95096695,0.95096695,True
9B,256,0.5,3,148,x,149,0.0026797783,334972.28,0.99984396,0.99984396,True
9B,256,0.5,3,149,x,150,0.0026708306,333853.8,0.9998563,0.9998563,True
9B,256,0.5,3,150,x,151,0.0026619723,332746.53,0.99982,0.99982,True
9B,256,0.5,3,151,x,152,0.002653201,331650.12,0.9998254,0.9998254,True
9B,256,0.5,3,152,x,153,0.0026445165,330564.56,0.9998226,0.9998226,True
9B,256,0.5,3,153,x,154,0.0026359162,329489.53,0.9998369,0.9998369,True
9B,256,0.5,3,154,x,155,0.0026273995,328424.94,0.9998019,0.9998019,True
9B,256,0.5,3,155,x,156,0.0026189648,327370.6,0.99971247,0.99971247,True
9B,256,0.5,3,156,x,157,0.002610611,326326.38,0.9997883,0.9997883,True
9B,256,0.5,3,157,x,158,0.0026023365,325292.06,0.9997983,0.9997983,True
9B,256,0.5,3,158,x,159,0.0025941401,324267.53,0.9997697,0.9997697,True
9B,256,0.5,3,159,x,160,0.0025860206,323252.56,0.99979997,0.99979997,True
9B,256,0.5,3,160,x,161,0.0025779773,322247.16,0.99969196,0.99969196,True
9B,256,0.5,3,161,x,162,0.002570008,321251.0,0.9998213,0.9998213,True
9B,256,0.5,3,162,x,163,0.0025621124,320264.06,0.9998335,0.9998335,True
9B,256,0.5,3,163,x,164,0.0025542893,319286.16,0.99981695,0.99981695,True
9B,256,0.5,3,164,x,165,0.0025465372,318317.16,0.99983203,0.99983203,True
9B,256,0.5,3,165,x,166,0.0025388552,317356.9,0.9998194,0.9998194,True
9B,256,0.5,3,166,x,167,0.0025312426,316405.3,0.9996344,0.9996344,True
9B,256,0.5,3,167,x,168,0.0025236977,315462.22,0.99980634,0.99980634,True
9B,256,0.5,3,168,x,169,0.0025162203,314527.53,0.9998173,0.9998173,True
9B,256,0.5,3,169,x,170,0.0025088086,313601.1,0.99984634,0.99984634,True
9B,256,0.5,3,170,x,171,0.0025014621,312682.75,0.9998231,0.9998231,True
9B,256,0.5,3,171,x,172,0.0024941799,311772.5,0.99980974,0.99980974,True
9B,256,0.5,3,172,x,173,0.0024869607,310870.1,0.99979466,0.99979466,True
9B,256,0.5,3,173,x,174,0.0024798042,309975.53,0.9998313,0.9998288,True
9B,256,0.5,3,174,x,175,0.002472709,309088.62,0.9998143,0.9998143,True
9B,256,0.5,3,175,x,176,0.002465674,308209.25,0.9998181,0.9998181,True
9B,256,0.5,3,176,x,177,0.0024586988,307337.34,0.99982226,0.99982226,True
9B,256,0.5,3,177,x,178,0.0024517826,306472.8,0.99979246,0.99979246,True
9B,256,0.5,3,178,x,179,0.0024449246,305615.56,0.6954658,0.027021188,False
9B,256,0.5,3,179,x,180,0.0024381236,304765.44,0.9925576,0.9925576,True
9B,256,0.5,3,180,x,181,0.0024313792,303922.4,0.9998447,0.9998447,True
9B,256,0.5,3,181,x,182,0.0024246904,303086.3,0.9997868,0.9997868,True
9B,256,0.5,3,182,x,183,0.0024180566,302257.06,0.9997792,0.9997792,True
9B,256,0.5,3,183,x,184,0.0024114768,301434.6,0.9998373,0.9998373,True
9B,256,0.5,3,184,x,185,0.0024049503,300618.78,0.99048644,0.99048644,True
9B,256,0.5,3,185,x,186,0.0023984767,299809.6,0.6514243,0.0012531988,False
9B,256,0.5,3,186,x,187,0.002392055,299006.88,0.66463315,0.02462298,False
9B,256,0.5,3,187,x,188,0.0023856848,298210.6,0.9913324,0.9913324,True
9B,256,0.5,3,188,x,189,0.002379365,297420.62,0.9998057,0.9998057,True
9B,256,0.5,3,189,x,190,0.0023730956,296636.94,0.9998138,0.9998138,True
9B,256,0.5,3,190,x,191,0.0023668748,295859.34,0.99978054,0.99978054,True
9B,256,0.5,3,191,x,192,0.0023607032,295087.9,0.99983436,0.99983436,True
9B,256,0.5,3,192,x,193,0.0023545793,294322.4,0.99984246,0.99984246,True
9B,256,0.5,3,193,x,194,0.0023485029,293562.84,0.99981713,0.99981713,True
9B,256,0.5,3,194,x,195,0.0023424735,292809.2,0.99982285,0.99982285,True
9B,256,0.5,3,195,x,196,0.0023364902,292061.28,0.9998261,0.9998261,True
9B,256,0.5,3,196,x,197,0.0023305523,291319.03,0.9923383,0.9923383,True
9B,256,0.5,3,197,x,198,0.0023246596,290582.44,0.71488243,0.71488243,False
9B,256,0.5,3,198,x,199,0.0023188114,289851.4,0.9998521,0.9998521,True
9B,256,0.5,3,199,x,200,0.0023130071,289125.9,0.9998323,0.9998323,True
9B,256,0.5,3,200,x,201,0.0023072462,288405.78,0.9998065,0.9998065,True
9B,256,0.5,3,201,x,202,0.0023015281,287691.0,0.9997865,0.9997865,True
9B,256,0.5,3,202,x,203,0.0022958524,286981.56,0.9998082,0.9998082,True
9B,256,0.5,3,203,x,204,0.0022902184,286277.28,0.99972,0.99972,True
9B,256,0.5,3,204,x,205,0.0022846258,285578.22,0.9998182,0.9998182,True
9B,256,0.5,3,205,x,206,0.0022790737,284884.22,0.9998151,0.9998151,True
9B,256,0.5,3,206,x,207,0.0022735621,284195.28,0.99979883,0.99979883,True
9B,256,0.5,3,207,x,208,0.0022680901,283511.28,0.9998313,0.9998313,True
9B,256,0.5,3,208,x,209,0.0022626575,282832.2,0.999833,0.999833,True
9B,256,0.5,3,209,x,210,0.002257264,282158.0,0.9998008,0.9998008,True
9B,256,0.5,3,210,x,211,0.0022519086,281488.6,0.9932872,0.9932872,True
9B,256,0.5,3,211,x,212,0.0022465913,280823.9,0.72694325,0.72694325,False
9B,256,0.5,3,212,x,213,0.0022413114,280163.9,0.999771,0.999771,True
9B,256,0.5,3,213,x,214,0.0022360685,279508.56,0.99981475,0.99981475,True
9B,256,0.5,3,214,x,215,0.0022308624,278857.8,0.9998329,0.9998329,True
9B,256,0.5,3,215,x,216,0.0022256922,278211.53,0.9997661,0.9997661,True
9B,256,0.5,3,216,x,217,0.002220558,277569.75,0.99982464,0.99982464,True
9B,256,0.5,3,217,x,218,0.002215459,276932.38,0.9998138,0.9998138,True
9B,256,0.5,3,218,x,219,0.0022103952,276299.4,0.99982667,0.99982667,True
9B,256,0.5,3,219,x,220,0.002205366,275670.75,0.99981475,0.99981475,True
9B,256,0.5,3,220,x,221,0.002200371,275046.38,0.9998341,0.9998341,True
9B,256,0.5,3,221,x,222,0.0021954093,274426.16,0.9997486,0.9997486,True
9B,256,0.5,3,222,x,223,0.0021904814,273810.2,0.99982285,0.99982285,True
9B,256,0.5,3,223,x,224,0.0021855864,273198.28,0.999838,0.999838,True
9B,256,0.5,3,224,x,225,0.002180724,272590.5,0.9998504,0.9998504,True
9B,256,0.5,3,225,x,226,0.002175894,271986.75,0.9998216,0.9998216,True
9B,256,0.5,3,226,x,227,0.0021710962,271387.03,0.9998302,0.9998302,True
9B,256,0.5,3,227,x,228,0.0021663297,270791.22,0.9998172,0.9998172,True
9B,256,0.5,3,228,x,229,0.0021615946,270199.3,0.9998219,0.9998219,True
9B,256,0.5,3,229,x,230,0.0021568905,269611.3,0.30872464,0.017291695,False
9B,256,0.5,3,230,x,231,0.0021522166,269027.06,0.95356977,0.95356977,True
9B,256,0.5,3,231,x,232,0.0021475733,268446.66,0.9510951,0.9510951,True
9B,256,0.5,3,232,x,233,0.0021429597,267869.97,0.5733967,0.0036464296,False
9B,256,0.5,3,233,x,234,0.0021383762,267297.03,0.9908723,0.9908723,True
9B,256,0.5,3,234,x,235,0.0021338214,266727.66,0.9998142,0.9998142,True
9B,256,0.5,3,235,x,236,0.0021292956,266161.94,0.9998288,0.9998288,True
9B,256,0.5,3,236,x,237,0.0021247987,265599.84,0.46152544,0.081743866,False
9B,256,0.5,3,237,x,238,0.0021203302,265041.28,0.98929244,0.98929244,True
9B,256,0.5,3,238,x,239,0.0021158897,264486.22,0.9998243,0.9998243,True
9B,256,0.5,3,239,x,240,0.002111477,263934.62,0.99980545,0.99980545,True
9B,256,0.5,3,240,x,241,0.002107092,263386.5,0.99980843,0.99980843,True
9B,256,0.5,3,241,x,242,0.0021027338,262841.72,0.99981105,0.99981105,True
9B,256,0.5,3,242,x,243,0.0020984027,262300.34,0.999822,0.999822,True
9B,256,0.5,3,243,x,244,0.0020940984,261762.3,0.9996843,0.9996843,True
9B,256,0.5,3,244,x,245,0.0020898203,261227.55,0.9998628,0.9998628,True
9B,256,0.5,3,245,x,246,0.0020855684,260696.05,0.2652784,0.18056047,False
9B,256,0.5,3,246,x,247,0.0020813423,260167.78,0.99980843,0.99980843,True
9B,256,0.5,3,247,x,248,0.0020771418,259642.72,0.99981374,0.99981374,True
9B,256,0.5,3,248,x,249,0.0020729667,259120.83,0.9998132,0.9998132,True
9B,256,0.5,3,249,x,250,0.0020688165,258602.06,0.99981946,0.99981946,True
9B,256,0.5,3,250,x,251,0.0020646914,258086.42,0.9997781,0.9997781,True
9B,256,0.5,3,251,x,252,0.0020605905,257573.81,0.9998199,0.9998199,True
9B,256,0.5,3,252,x,253,0.0020565141,257064.27,0.9997537,0.9997537,True
9B,256,0.5,3,253,x,254,0.0020524622,256557.78,0.99980944,0.99980944,True
9B,256,0.5,3,254,x,255,0.0020484335,256054.19,0.9997908,0.9997908,True
9B,256,0.5,3,255,x,256,0.0020444288,255553.61,0.9998106,0.9998106,True
9B,256,0.5,3,256,y,1,0.03271086,4088857.8,0.9998346,0.9998346,True
9B,256,0.5,3,257,y,2,0.02313007,2891258.8,0.999845,0.999845,True
9B,256,0.5,3,258,y,3,0.018885626,2360703.2,0.99984384,0.99984384,True
9B,256,0.5,3,259,y,4,0.01635543,2044428.9,0.99984145,0.99984145,True
9B,256,0.5,3,260,y,5,0.014628741,1828592.6,0.99985147,0.99985147,True
9B,256,0.5,3,261,y,6,0.013354153,1669269.1,0.9998306,0.9998306,True
9B,256,0.5,3,262,y,7,0.012363544,1545443.0,0.99982625,0.99982625,True
9B,256,0.5,3,263,y,8,0.011565035,1445629.4,0.99984014,0.99984014,True
9B,256,0.5,3,264,y,9,0.01090362,1362952.5,0.9998387,0.9998387,True
9B,256,0.5,3,265,y,10,0.0103440825,1293010.2,0.9998416,0.9998416,True
9B,256,0.5,3,266,y,11,0.009862696,1232837.0,0.99984664,0.99984664,True
9B,256,0.5,3,267,y,12,0.009442813,1180351.6,0.9997276,0.9997276,True
9B,256,0.5,3,268,y,13,0.009072361,1134045.1,0.99985546,0.99985546,True
9B,256,0.5,3,269,y,14,0.0087423455,1092793.1,0.99983734,0.99983734,True
9B,256,0.5,3,270,y,15,0.008445908,1055738.5,0.999787,0.999787,True
9B,256,0.5,3,271,y,16,0.008177715,1022214.44,0.9998431,0.9998431,True
9B,256,0.5,3,272,y,17,0.00793355,991693.7,0.99983525,0.99983525,True
9B,256,0.5,3,273,y,18,0.0077100242,963753.0,0.9998423,0.9998423,True
9B,256,0.5,3,274,y,19,0.007504386,938048.25,0.99984396,0.99984396,True
9B,256,0.5,3,275,y,20,0.0073143705,914296.3,0.9997895,0.9997895,True
9B,256,0.5,3,276,y,21,0.007138095,892261.9,0.99979264,0.99979264,True
9B,256,0.5,3,277,y,22,0.006973979,871747.4,0.99980915,0.99980915,True
9B,256,0.5,3,278,y,23,0.006820686,852585.75,0.9998366,0.9998366,True
9B,256,0.5,3,279,y,24,0.0066770767,834634.56,0.9998319,0.9998319,True
9B,256,0.5,3,280,y,25,0.0065421727,817771.56,0.99984384,0.99984384,True
9B,256,0.5,3,281,y,26,0.006415128,801891.0,0.9998133,0.9998133,True
9B,256,0.5,3,282,y,27,0.0062952084,786901.06,0.9998284,0.9998284,True
9B,256,0.5,3,283,y,28,0.006181772,772721.5,0.99981666,0.99981666,True
9B,256,0.5,3,284,y,29,0.0060742544,759281.8,0.9998389,0.9998389,True
9B,256,0.5,3,285,y,30,0.005972159,746519.9,0.99984026,0.99984026,True
9B,256,0.5,3,286,y,31,0.0058750445,734380.56,0.9998244,0.9998244,True
9B,256,0.5,3,287,y,32,0.0057825176,722814.7,0.99984896,0.99984896,True
9B,256,0.5,3,288,y,33,0.00569423,711778.75,0.9998262,0.9998262,True
9B,256,0.5,3,289,y,34,0.005609866,701233.25,0.9998434,0.9998434,True
9B,256,0.5,3,290,y,35,0.005529145,691143.1,0.99983585,0.99983585,True
9B,256,0.5,3,291,y,36,0.00545181,681476.25,0.999763,0.999763,True
9B,256,0.5,3,292,y,37,0.0053776326,672204.06,0.9998393,0.9998393,True
9B,256,0.5,3,293,y,38,0.005306402,663300.25,0.9998263,0.9998263,True
9B,256,0.5,3,294,y,39,0.0052379295,654741.2,0.99982715,0.99982715,True
9B,256,0.5,3,295,y,40,0.0051720412,646505.1,0.99983525,0.99983525,True
9B,256,0.5,3,296,y,41,0.0051085786,638572.3,0.99983263,0.99983263,True
9B,256,0.5,3,297,y,42,0.0050473954,630924.44,0.99982774,0.99982774,True
9B,256,0.5,3,298,y,43,0.0049883598,623545.0,0.9998512,0.9998512,True
9B,256,0.5,3,299,y,44,0.004931348,616418.5,0.9998395,0.9998395,True
9B,256,0.5,3,300,y,45,0.004876247,609530.9,0.99983364,0.99983364,True
9B,256,0.5,3,301,y,46,0.0048229536,602869.2,0.9998408,0.9998408,True
9B,256,0.5,3,302,y,47,0.0047713695,596421.2,0.9998323,0.9998323,True
9B,256,0.5,3,303,y,48,0.0047214064,590175.8,0.9998367,0.9998367,True
9B,256,0.5,3,304,y,49,0.0046729804,584122.56,0.99981177,0.99981177,True
9B,256,0.5,3,305,y,50,0.0046260143,578251.8,0.9998057,0.9998057,True
9B,256,0.5,3,306,y,51,0.0045804367,572554.56,0.9998447,0.9998447,True
9B,256,0.5,3,307,y,52,0.0045361803,567022.56,0.99982524,0.99982524,True
9B,256,0.5,3,308,y,53,0.0044931825,561647.8,0.99984723,0.99984723,True
9B,256,0.5,3,309,y,54,0.0044513843,556423.06,0.9997413,0.9997413,True
9B,256,0.5,3,310,y,55,0.004410732,551341.5,0.8192684,0.8192684,False
9B,256,0.5,3,311,y,56,0.0043711727,546396.56,0.994725,0.994725,True
9B,256,0.5,3,312,y,57,0.0043326593,541582.44,0.99981105,0.99981105,True
9B,256,0.5,3,313,y,58,0.0042951466,536893.3,0.9998344,0.9998344,True
9B,256,0.5,3,314,y,59,0.004258591,532323.9,0.8119197,0.8119197,False
9B,256,0.5,3,315,y,60,0.004222954,527869.25,0.9950155,0.9950155,True
9B,256,0.5,3,316,y,61,0.0041881967,523524.6,0.99981683,0.99981683,True
9B,256,0.5,3,317,y,62,0.0041542836,519285.44,0.9998437,0.9998437,True
9B,256,0.5,3,318,y,63,0.004121181,515147.62,0.9997729,0.9997729,True
9B,256,0.5,3,319,y,64,0.0040888577,511107.22,0.99984074,0.99984074,True
9B,256,0.5,3,320,y,65,0.0040572826,507160.3,0.9998294,0.9998294,True
9B,256,0.5,3,321,y,66,0.004026429,503303.6,0.9998244,0.9998244,True
9B,256,0.5,3,322,y,67,0.003996268,499533.5,0.9998406,0.9998406,True
9B,256,0.5,3,323,y,68,0.003966775,495846.84,0.9998438,0.9998438,True
9B,256,0.5,3,324,y,69,0.0039379247,492240.6,0.75303257,0.75303257,False
9B,256,0.5,3,325,y,70,0.0039096954,488711.94,0.9941457,0.9941457,True
9B,256,0.5,3,326,y,71,0.003882065,485258.12,0.9938172,0.9938172,True
9B,256,0.5,3,327,y,72,0.0038550121,481876.5,0.76171505,0.76171505,False
9B,256,0.5,3,328,y,73,0.0038285167,478564.6,0.99984336,0.99984336,True
9B,256,0.5,3,329,y,74,0.0038025603,475320.03,0.9998397,0.9998397,True
9B,256,0.5,3,330,y,75,0.003777125,472140.62,0.9997722,0.9997722,True
9B,256,0.5,3,331,y,76,0.003752193,469024.12,0.99982035,0.99982035,True
9B,256,0.5,3,332,y,77,0.0037277485,465968.56,0.999856,0.999856,True
9B,256,0.5,3,333,y,78,0.0037037758,462971.97,0.99983704,0.99983704,True
9B,256,0.5,3,334,y,79,0.0036802595,460032.44,0.9998198,0.9998198,True
9B,256,0.5,3,335,y,80,0.0036571852,457148.16,0.9998467,0.9998467,True
9B,256,0.5,3,336,y,81,0.0036345404,454317.53,0.99981093,0.99981093,True
9B,256,0.5,3,337,y,82,0.0036123104,451538.8,0.9998306,0.9998306,True
9B,256,0.5,3,338,y,83,0.0035904835,448810.44,0.9998431,0.9998431,True
9B,256,0.5,3,339,y,84,0.0035690474,446130.94,0.9998266,0.9998266,True
9B,256,0.5,3,340,y,85,0.003547991,443498.88,0.9998003,0.9998003,True
9B,256,0.5,3,341,y,86,0.0035273028,440912.84,0.9997487,0.9997487,True
9B,256,0.5,3,342,y,87,0.0035069725,438371.56,0.99983656,0.99983656,True
9B,256,0.5,3,343,y,88,0.0034869895,435873.7,0.99982655,0.99982655,True
9B,256,0.5,3,344,y,89,0.0034673444,433418.06,0.9998249,0.9998249,True
9B,256,0.5,3,345,y,90,0.0034480277,431003.47,0.99982345,0.99982345,True
9B,256,0.5,3,346,y,91,0.00342903,428628.75,0.9942204,0.9942204,True
9B,256,0.5,3,347,y,92,0.003410343,426292.88,0.7951174,0.7951174,False
9B,256,0.5,3,348,y,93,0.0033919583,423994.78,0.99983644,0.99983644,True
9B,256,0.5,3,349,y,94,0.0033738676,421733.44,0.9998368,0.9998368,True
9B,256,0.5,3,350,y,95,0.0033560635,419507.94,0.999835,0.999835,True
9B,256,0.5,3,351,y,96,0.0033385383,417317.28,0.99983215,0.99983215,True
9B,256,0.5,3,352,y,97,0.003321285,415160.62,0.9998342,0.9998342,True
9B,256,0.5,3,353,y,98,0.003304296,413037.0,0.9998361,0.9998361,True
9B,256,0.5,3,354,y,99,0.0032875652,410945.66,0.99983907,0.99983907,True
9B,256,0.5,3,355,y,100,0.0032710864,408885.78,0.9998529,0.9998529,True
9B,256,0.5,3,356,y,101,0.0032548525,406856.56,0.7183955,0.7183955,False
9B,256,0.5,3,357,y,102,0.003238858,404857.25,0.9931636,0.9931636,True
9B,256,0.5,3,358,y,103,0.003223097,402887.12,0.99982774,0.99982774,True
9B,256,0.5,3,359,y,104,0.003207564,400945.5,0.99983305,0.99983305,True
9B,256,0.5,3,360,y,105,0.003192253,399031.62,0.96416146,0.96416146,True
9B,256,0.5,3,361,y,106,0.0031771597,397144.97,0.9643036,0.9643036,True
9B,256,0.5,3,362,y,107,0.0031622783,395284.78,0.9998121,0.9998121,True
9B,256,0.5,3,363,y,108,0.0031476042,393450.53,0.9998416,0.9998416,True
9B,256,0.5,3,364,y,109,0.0031331321,391641.5,0.9998176,0.9998176,True
9B,256,0.5,3,365,y,110,0.0031188582,389857.28,0.99984443,0.99984443,True
9B,256,0.5,3,366,y,111,0.0031047775,388097.2,0.9998276,0.9998276,True
9B,256,0.5,3,367,y,112,0.003090886,386360.75,0.99982035,0.99982035,True
9B,256,0.5,3,368,y,113,0.0030771792,384647.4,0.9930246,0.9930246,True
9B,256,0.5,3,369,y,114,0.003063653,382956.62,0.6956091,0.027611895,False
9B,256,0.5,3,370,y,115,0.0030503036,381287.94,0.99983776,0.99983776,True
9B,256,0.5,3,371,y,116,0.0030371272,379640.9,0.99983835,0.99983835,True
9B,256,0.5,3,372,y,117,0.0030241201,378015.0,0.74715436,0.74715436,False
9B,256,0.5,3,373,y,118,0.0030112788,376409.84,0.99318683,0.99318683,True
9B,256,0.5,3,374,y,119,0.0029985995,374824.94,0.9998138,0.9998138,True
9B,256,0.5,3,375,y,120,0.0029860795,373259.94,0.9998432,0.9998432,True
9B,256,0.5,3,376,y,121,0.0029737148,371714.34,0.99982727,0.99982727,True
9B,256,0.5,3,377,y,122,0.0029615022,370187.78,0.99982643,0.99982643,True
9B,256,0.5,3,378,y,123,0.0029494392,368679.9,0.9996743,0.9996743,True
9B,256,0.5,3,379,y,124,0.0029375223,367190.28,0.99983877,0.99983877,True
9B,256,0.5,3,380,y,125,0.0029257482,365718.53,0.99983287,0.99983287,True
9B,256,0.5,3,381,y,126,0.002914115,364264.38,0.9998159,0.9998159,True
9B,256,0.5,3,382,y,127,0.0029026195,362827.44,0.6478806,0.04200157,False
9B,256,0.5,3,383,y,128,0.0028912588,361407.34,0.9909326,0.9909326,True
9B,256,0.5,3,384,y,129,0.0028800308,360003.84,0.9998353,0.9998353,True
9B,256,0.5,3,385,y,130,0.002868932,358616.5,0.9997435,0.9997435,True
9B,256,0.5,3,386,y,131,0.0028579612,357245.16,0.9997297,0.9997297,True
9B,256,0.5,3,387,y,132,0.002847115,355889.38,0.999834,0.999834,True
9B,256,0.5,3,388,y,133,0.0028363916,354548.94,0.99982226,0.99982226,True
9B,256,0.5,3,389,y,134,0.002825788,353223.5,0.99983597,0.99983597,True
9B,256,0.5,3,390,y,135,0.002815303,351912.88,0.9998403,0.9998403,True
9B,256,0.5,3,391,y,136,0.002804933,350616.62,0.9998426,0.9998426,True
9B,256,0.5,3,392,y,137,0.0027946774,349334.7,0.9997902,0.9997902,True
9B,256,0.5,3,393,y,138,0.0027845334,348066.7,0.9997783,0.9997783,True
9B,256,0.5,3,394,y,139,0.0027744991,346812.38,0.99983656,0.99983656,True
9B,256,0.5,3,395,y,140,0.0027645724,345571.56,0.999817,0.999817,True
9B,256,0.5,3,396,y,141,0.0027547516,344343.94,0.99982345,0.99982345,True
9B,256,0.5,3,397,y,142,0.0027450344,343129.3,0.99983484,0.99983484,True
9B,256,0.5,3,398,y,143,0.0027354197,341927.47,0.99979144,0.99979144,True
9B,256,0.5,3,399,y,144,0.002725905,340738.12,0.9998456,0.9998456,True
9B,256,0.5,3,400,y,145,0.0027164891,339561.16,0.99982584,0.99982584,True
9B,256,0.5,3,401,y,146,0.00270717,338396.25,0.99983865,0.99983865,True
9B,256,0.5,3,402,y,147,0.0026979465,337243.3,0.9935854,0.9935854,True
9B,256,0.5,3,403,y,148,0.0026888163,336102.03,0.71854544,0.71854544,False
9B,256,0.5,3,404,y,149,0.0026797783,334972.28,0.99984026,0.99984026,True
9B,256,0.5,3,405,y,150,0.0026708306,333853.8,0.9997968,0.9997968,True
9B,256,0.5,3,406,y,151,0.0026619723,332746.53,0.9998317,0.9998242,True
9B,256,0.5,3,407,y,152,0.002653201,331650.12,0.9998392,0.9998392,True
9B,256,0.5,3,408,y,153,0.0026445165,330564.56,0.99983907,0.99983907,True
9B,256,0.5,3,409,y,154,0.0026359162,329489.53,0.9998051,0.9998051,True
9B,256,0.5,3,410,y,155,0.0026273995,328424.94,0.99983424,0.99983424,True
9B,256,0.5,3,411,y,156,0.0026189648,327370.6,0.99982405,0.99982405,True
9B,256,0.5,3,412,y,157,0.002610611,326326.38,0.9998449,0.9998449,True
9B,256,0.5,3,413,y,158,0.0026023365,325292.06,0.99982417,0.99982417,True
9B,256,0.5,3,414,y,159,0.0025941401,324267.53,0.9555901,0.9555901,True
9B,256,0.5,3,415,y,160,0.0025860206,323252.56,0.95991653,0.95991653,True
9B,256,0.5,3,416,y,161,0.0025779773,322247.16,0.9998367,0.9998367,True
9B,256,0.5,3,417,y,162,0.002570008,321251.0,0.9998245,0.9998245,True
9B,256,0.5,3,418,y,163,0.0025621124,320264.06,0.99981356,0.99981356,True
9B,256,0.5,3,419,y,164,0.0025542893,319286.16,0.9998396,0.9998396,True
9B,256,0.5,3,420,y,165,0.0025465372,318317.16,0.99984473,0.99984473,True
9B,256,0.5,3,421,y,166,0.0025388552,317356.9,0.9998148,0.9998148,True
9B,256,0.5,3,422,y,167,0.0025312426,316405.3,0.9906633,0.9906633,True
9B,256,0.5,3,423,y,168,0.0025236977,315462.22,0.646999,0.022789307,False
9B,256,0.5,3,424,y,169,0.0025162203,314527.53,0.9997717,0.9997717,True
9B,256,0.5,3,425,y,170,0.0025088086,313601.1,0.99983275,0.99983275,True
9B,256,0.5,3,426,y,171,0.0025014621,312682.75,0.99979997,0.99979997,True
9B,256,0.5,3,427,y,172,0.0024941799,311772.5,0.99981517,0.99981517,True
9B,256,0.5,3,428,y,173,0.0024869607,310870.1,0.3146208,0.014845185,False
9B,256,0.5,3,429,y,174,0.0024798042,309975.53,0.99972713,0.99972713,True
9B,256,0.5,3,430,y,175,0.002472709,309088.62,0.99982643,0.99982643,True
9B,256,0.5,3,431,y,176,0.002465674,308209.25,0.9998169,0.9998169,True
9B,256,0.5,3,432,y,177,0.0024586988,307337.34,0.99981093,0.99981093,True
9B,256,0.5,3,433,y,178,0.0024517826,306472.8,0.99982,0.99982,True
9B,256,0.5,3,434,y,179,0.0024449246,305615.56,0.9998177,0.9998177,True
9B,256,0.5,3,435,y,180,0.0024381236,304765.44,0.99983084,0.99983084,True
9B,256,0.5,3,436,y,181,0.0024313792,303922.4,0.9998226,0.9998226,True
9B,256,0.5,3,437,y,182,0.0024246904,303086.3,0.99979293,0.99979293,True
9B,256,0.5,3,438,y,183,0.0024180566,302257.06,0.9998314,0.9998314,True
9B,256,0.5,3,439,y,184,0.0024114768,301434.6,0.99985266,0.99985266,True
9B,256,0.5,3,440,y,185,0.0024049503,300618.78,0.9998355,0.9998355,True
9B,256,0.5,3,441,y,186,0.0023984767,299809.6,0.99981266,0.99981266,True
9B,256,0.5,3,442,y,187,0.002392055,299006.88,0.99983895,0.99983895,True
9B,256,0.5,3,443,y,188,0.0023856848,298210.6,0.999805,0.999805,True
9B,256,0.5,3,444,y,189,0.002379365,297420.62,0.9997915,0.9997915,True
9B,256,0.5,3,445,y,190,0.0023730956,296636.94,0.9998328,0.9998328,True
9B,256,0.5,3,446,y,191,0.0023668748,295859.34,0.99984,0.99984,True
9B,256,0.5,3,447,y,192,0.0023607032,295087.9,0.9998127,0.9998127,True
9B,256,0.5,3,448,y,193,0.0023545793,294322.4,0.999807,0.999807,True
9B,256,0.5,3,449,y,194,0.0023485029,293562.84,0.9998282,0.9998282,True
9B,256,0.5,3,450,y,195,0.0023424735,292809.2,0.9998381,0.9998381,True
9B,256,0.5,3,451,y,196,0.0023364902,292061.28,0.9998379,0.9998379,True
9B,256,0.5,3,452,y,197,0.0023305523,291319.03,0.9998529,0.9998529,True
9B,256,0.5,3,453,y,198,0.0023246596,290582.44,0.99980605,0.99980605,True
9B,256,0.5,3,454,y,199,0.0023188114,289851.4,0.9997999,0.9997999,True
9B,256,0.5,3,455,y,200,0.0023130071,289125.9,0.9998501,0.9998501,True
9B,256,0.5,3,456,y,201,0.0023072462,288405.78,0.99980116,0.99980116,True
9B,256,0.5,3,457,y,202,0.0023015281,287691.0,0.99982864,0.99982864,True
9B,256,0.5,3,458,y,203,0.0022958524,286981.56,0.9998414,0.9998414,True
9B,256,0.5,3,459,y,204,0.0022902184,286277.28,0.999812,0.999812,True
9B,256,0.5,3,460,y,205,0.0022846258,285578.22,0.57889843,0.57889843,False
9B,256,0.5,3,461,y,206,0.0022790737,284884.22,0.58269376,0.58269376,False
9B,256,0.5,3,462,y,207,0.0022735621,284195.28,0.9998241,0.9998241,True
9B,256,0.5,3,463,y,208,0.0022680901,283511.28,0.9998341,0.9998341,True
9B,256,0.5,3,464,y,209,0.0022626575,282832.2,0.99982584,0.99982584,True
9B,256,0.5,3,465,y,210,0.002257264,282158.0,0.9998422,0.9998422,True
9B,256,0.5,3,466,y,211,0.0022519086,281488.6,0.999847,0.999847,True
9B,256,0.5,3,467,y,212,0.0022465913,280823.9,0.9998127,0.9998127,True
9B,256,0.5,3,468,y,213,0.0022413114,280163.9,0.99982846,0.99982846,True
9B,256,0.5,3,469,y,214,0.0022360685,279508.56,0.9997872,0.9997872,True
9B,256,0.5,3,470,y,215,0.0022308624,278857.8,0.999819,0.999819,True
9B,256,0.5,3,471,y,216,0.0022256922,278211.53,0.99972594,0.99972594,True
9B,256,0.5,3,472,y,217,0.002220558,277569.75,0.99162245,0.99162245,True
9B,256,0.5,3,473,y,218,0.002215459,276932.38,0.6992326,0.010600455,False
9B,256,0.5,3,474,y,219,0.0022103952,276299.4,0.99978465,0.99978465,True
9B,256,0.5,3,475,y,220,0.002205366,275670.75,0.9998113,0.9998113,True
9B,256,0.5,3,476,y,221,0.002200371,275046.38,0.9998323,0.9998323,True
9B,256,0.5,3,477,y,222,0.0021954093,274426.16,0.2945266,0.016282689,False
9B,256,0.5,3,478,y,223,0.0021904814,273810.2,0.999823,0.999823,True
9B,256,0.5,3,479,y,224,0.0021855864,273198.28,0.99983156,0.99983156,True
9B,256,0.5,3,480,y,225,0.002180724,272590.5,0.9998225,0.9998225,True
9B,256,0.5,3,481,y,226,0.002175894,271986.75,0.9998101,0.9998101,True
9B,256,0.5,3,482,y,227,0.0021710962,271387.03,0.99980104,0.99980104,True
9B,256,0.5,3,483,y,228,0.0021663297,270791.22,0.99981844,0.99981844,True
9B,256,0.5,3,484,y,229,0.0021615946,270199.3,0.99981993,0.99981993,True
9B,256,0.5,3,485,y,230,0.0021568905,269611.3,0.9997915,0.9997915,True
9B,256,0.5,3,486,y,231,0.0021522166,269027.06,0.9998243,0.9998243,True
9B,256,0.5,3,487,y,232,0.0021475733,268446.66,0.99976194,0.99976194,True
9B,256,0.5,3,488,y,233,0.0021429597,267869.97,0.9998214,0.9998214,True
9B,256,0.5,3,489,y,234,0.0021383762,267297.03,0.9998177,0.9998177,True
9B,256,0.5,3,490,y,235,0.0021338214,266727.66,0.9998195,0.9998195,True
9B,256,0.5,3,491,y,236,0.0021292956,266161.94,0.9998232,0.9998232,True
9B,256,0.5,3,492,y,237,0.0021247987,265599.84,0.9998186,0.9998186,True
9B,256,0.5,3,493,y,238,0.0021203302,265041.28,0.9998273,0.9998273,True
9B,256,0.5,3,494,y,239,0.0021158897,264486.22,0.999838,0.999838,True
9B,256,0.5,3,495,y,240,0.002111477,263934.62,0.43089545,0.016267283,False
9B,256,0.5,3,496,y,241,0.002107092,263386.5,0.9897977,0.9897977,True
9B,256,0.5,3,497,y,242,0.0021027338,262841.72,0.6337313,0.00289188,False
9B,256,0.5,3,498,y,243,0.0020984027,262300.34,0.9910403,0.9910403,True
9B,256,0.5,3,499,y,244,0.0020940984,261762.3,0.58373785,-0.00072091445,False
9B,256,0.5,3,500,y,245,0.0020898203,261227.55,0.99982953,0.99982953,True
9B,256,0.5,3,501,y,246,0.0020855684,260696.05,0.999833,0.999833,True
9B,256,0.5,3,502,y,247,0.0020813423,260167.78,0.6064053,0.124806404,False
9B,256,0.5,3,503,y,248,0.0020771418,259642.72,0.9911573,0.9911573,True
9B,256,0.5,3,504,y,249,0.0020729667,259120.83,0.9932189,0.9932189,True
9B,256,0.5,3,505,y,250,0.0020688165,258602.06,0.68667936,0.003292555,False
9B,256,0.5,3,506,y,251,0.0020646914,258086.42,0.9998276,0.9998276,True
9B,256,0.5,3,507,y,252,0.0020605905,257573.81,0.9998348,0.9998348,True
9B,256,0.5,3,508,y,253,0.0020565141,257064.27,0.9998441,0.9998441,True
9B,256,0.5,3,509,y,254,0.0020524622,256557.78,0.9997927,0.9997927,True
9B,256,0.5,3,510,y,255,0.0020484335,256054.19,0.99983007,0.99983007,True
9B,256,0.5,3,511,y,256,0.0020444288,255553.61,0.9997857,0.9997857,True
9B,256,0.5,4,0,x,1,0.03271086,4088857.8,0.9998629,0.9998629,True
9B,256,0.5,4,1,x,2,0.02313007,2891258.8,0.9998537,0.9998537,True
9B,256,0.5,4,2,x,3,0.018885626,2360703.2,0.9998377,0.9998377,True
9B,256,0.5,4,3,x,4,0.01635543,2044428.9,0.9998306,0.9998306,True
9B,256,0.5,4,4,x,5,0.014628741,1828592.6,0.9998412,0.9998412,True
9B,256,0.5,4,5,x,6,0.013354153,1669269.1,0.99984586,0.99984586,True
9B,256,0.5,4,6,x,7,0.012363544,1545443.0,0.9998247,0.9998247,True
9B,256,0.5,4,7,x,8,0.011565035,1445629.4,0.99984276,0.99984276,True
9B,256,0.5,4,8,x,9,0.01090362,1362952.5,0.9998152,0.9998152,True
9B,256,0.5,4,9,x,10,0.0103440825,1293010.2,0.9998505,0.9998505,True
9B,256,0.5,4,10,x,11,0.009862696,1232837.0,0.99983835,0.99983835,True
9B,256,0.5,4,11,x,12,0.009442813,1180351.6,0.9998295,0.9998295,True
9B,256,0.5,4,12,x,13,0.009072361,1134045.1,0.9998396,0.9998396,True
9B,256,0.5,4,13,x,14,0.0087423455,1092793.1,0.99985373,0.99985373,True
9B,256,0.5,4,14,x,15,0.008445908,1055738.5,0.9998344,0.9998344,True
9B,256,0.5,4,15,x,16,0.008177715,1022214.44,0.9998472,0.9998472,True
9B,256,0.5,4,16,x,17,0.00793355,991693.7,0.999838,0.99981487,True
9B,256,0.5,4,17,x,18,0.0077100242,963753.0,0.99983674,0.99983674,True
9B,256,0.5,4,18,x,19,0.007504386,938048.25,0.99982905,0.99982905,True
9B,256,0.5,4,19,x,20,0.0073143705,914296.3,0.9998107,0.9998107,True
9B,256,0.5,4,20,x,21,0.007138095,892261.9,0.9998224,0.9998224,True
9B,256,0.5,4,21,x,22,0.006973979,871747.4,0.9998152,0.9998152,True
9B,256,0.5,4,22,x,23,0.006820686,852585.75,0.99984556,0.999828,True
9B,256,0.5,4,23,x,24,0.0066770767,834634.56,0.999807,0.999807,True
9B,256,0.5,4,24,x,25,0.0065421727,817771.56,0.999836,0.999836,True
9B,256,0.5,4,25,x,26,0.006415128,801891.0,0.9998144,0.9998144,True
9B,256,0.5,4,26,x,27,0.0062952084,786901.06,0.84379315,0.84379315,False
9B,256,0.5,4,27,x,28,0.006181772,772721.5,0.9944148,0.9944148,True
9B,256,0.5,4,28,x,29,0.0060742544,759281.8,0.99981904,0.99981904,True
9B,256,0.5,4,29,x,30,0.005972159,746519.9,0.9998259,0.9998259,True
9B,256,0.5,4,30,x,31,0.0058750445,734380.56,0.999822,0.999822,True
9B,256,0.5,4,31,x,32,0.0057825176,722814.7,0.99984646,0.99984646,True
9B,256,0.5,4,32,x,33,0.00569423,711778.75,0.9998238,0.9998238,True
9B,256,0.5,4,33,x,34,0.005609866,701233.25,0.99985313,0.99985313,True
9B,256,0.5,4,34,x,35,0.005529145,691143.1,0.9998425,0.9998425,True
9B,256,0.5,4,35,x,36,0.00545181,681476.25,0.9998332,0.9998332,True
9B,256,0.5,4,36,x,37,0.0053776326,672204.06,0.9998075,0.9998075,True
9B,256,0.5,4,37,x,38,0.005306402,663300.25,0.9998281,0.9998281,True
9B,256,0.5,4,38,x,39,0.0052379295,654741.2,0.99983865,0.99983865,True
9B,256,0.5,4,39,x,40,0.0051720412,646505.1,0.9998216,0.9998216,True
9B,256,0.5,4,40,x,41,0.0051085786,638572.3,0.9998312,0.9998312,True
9B,256,0.5,4,41,x,42,0.0050473954,630924.44,0.9998302,0.9998302,True
9B,256,0.5,4,42,x,43,0.0049883598,623545.0,0.99982244,0.99982244,True
9B,256,0.5,4,43,x,44,0.004931348,616418.5,0.9998258,0.9998258,True
9B,256,0.5,4,44,x,45,0.004876247,609530.9,0.9998293,0.9998293,True
9B,256,0.5,4,45,x,46,0.0048229536,602869.2,0.9998287,0.9998287,True
9B,256,0.5,4,46,x,47,0.0047713695,596421.2,0.99984205,0.99984205,True
9B,256,0.5,4,47,x,48,0.0047214064,590175.8,0.9997783,0.9997783,True
9B,256,0.5,4,48,x,49,0.0046729804,584122.56,0.9998403,0.9998403,True
9B,256,0.5,4,49,x,50,0.0046260143,578251.8,0.999805,0.999805,True
9B,256,0.5,4,50,x,51,0.0045804367,572554.56,0.9998319,0.9998319,True
9B,256,0.5,4,51,x,52,0.0045361803,567022.56,0.999846,0.999846,True
9B,256,0.5,4,52,x,53,0.0044931825,561647.8,0.99982584,0.99982584,True
9B,256,0.5,4,53,x,54,0.0044513843,556423.06,0.99982935,0.99982935,True
9B,256,0.5,4,54,x,55,0.004410732,551341.5,0.99984396,0.99984396,True
9B,256,0.5,4,55,x,56,0.0043711727,546396.56,0.99981666,0.99981666,True
9B,256,0.5,4,56,x,57,0.0043326593,541582.44,0.99984777,0.99984777,True
9B,256,0.5,4,57,x,58,0.0042951466,536893.3,0.9998435,0.9998435,True
9B,256,0.5,4,58,x,59,0.004258591,532323.9,0.99983275,0.99983275,True
9B,256,0.5,4,59,x,60,0.004222954,527869.25,0.99979115,0.99979115,True
9B,256,0.5,4,60,x,61,0.0041881967,523524.6,0.99980396,0.99980396,True
9B,256,0.5,4,61,x,62,0.0041542836,519285.44,0.99979556,0.99979556,True
9B,256,0.5,4,62,x,63,0.004121181,515147.62,0.8112812,0.8112812,False
9B,256,0.5,4,63,x,64,0.0040888577,511107.22,0.9952114,0.9952114,True
9B,256,0.5,4,64,x,65,0.0040572826,507160.3,0.9998316,0.9998316,True
9B,256,0.5,4,65,x,66,0.004026429,503303.6,0.999828,0.999828,True
9B,256,0.5,4,66,x,67,0.003996268,499533.5,0.9997827,0.9997827,True
9B,256,0.5,4,67,x,68,0.003966775,495846.84,0.9998332,0.9998332,True
9B,256,0.5,4,68,x,69,0.0039379247,492240.6,0.99980485,0.99980485,True
9B,256,0.5,4,69,x,70,0.0039096954,488711.94,0.9998307,0.9998307,True
9B,256,0.5,4,70,x,71,0.003882065,485258.12,0.9998464,0.9998464,True
9B,256,0.5,4,71,x,72,0.0038550121,481876.5,0.99984205,0.99984205,True
9B,256,0.5,4,72,x,73,0.0038285167,478564.6,0.999836,0.999836,True
9B,256,0.5,4,73,x,74,0.0038025603,475320.03,0.9998258,0.9998258,True
9B,256,0.5,4,74,x,75,0.003777125,472140.62,0.99982905,0.99982905,True
9B,256,0.5,4,75,x,76,0.003752193,469024.12,0.9998547,0.9998547,True
9B,256,0.5,4,76,x,77,0.0037277485,465968.56,0.99982977,0.99982977,True
9B,256,0.5,4,77,x,78,0.0037037758,462971.97,0.9998406,0.9998406,True
9B,256,0.5,4,78,x,79,0.0036802595,460032.44,0.9998341,0.9998341,True
9B,256,0.5,4,79,x,80,0.0036571852,457148.16,0.9998351,0.9998351,True
9B,256,0.5,4,80,x,81,0.0036345404,454317.53,0.99984026,0.99984026,True
9B,256,0.5,4,81,x,82,0.0036123104,451538.8,0.9998328,0.9998328,True
9B,256,0.5,4,82,x,83,0.0035904835,448810.44,0.9998311,0.9998311,True
9B,256,0.5,4,83,x,84,0.0035690474,446130.94,0.9998523,0.9998523,True
9B,256,0.5,4,84,x,85,0.003547991,443498.88,0.99981916,0.99981916,True
9B,256,0.5,4,85,x,86,0.0035273028,440912.84,0.9998481,0.9998481,True
9B,256,0.5,4,86,x,87,0.0035069725,438371.56,0.99984723,0.99984723,True
9B,256,0.5,4,87,x,88,0.0034869895,435873.7,0.9998354,0.9998354,True
9B,256,0.5,4,88,x,89,0.0034673444,433418.06,0.9997933,0.9997933,True
9B,256,0.5,4,89,x,90,0.0034480277,431003.47,0.9998294,0.9998294,True
9B,256,0.5,4,90,x,91,0.00342903,428628.75,0.99979997,0.99979997,True
9B,256,0.5,4,91,x,92,0.003410343,426292.88,0.9998278,0.9998278,True
9B,256,0.5,4,92,x,93,0.0033919583,423994.78,0.99983394,0.99983394,True
9B,256,0.5,4,93,x,94,0.0033738676,421733.44,0.9998057,0.9998057,True
9B,256,0.5,4,94,x,95,0.0033560635,419507.94,0.99983025,0.99983025,True
9B,256,0.5,4,95,x,96,0.0033385383,417317.28,0.99982285,0.99982285,True
9B,256,0.5,4,96,x,97,0.003321285,415160.62,0.99984014,0.99984014,True
9B,256,0.5,4,97,x,98,0.003304296,413037.0,0.99983513,0.99983513,True
9B,256,0.5,4,98,x,99,0.0032875652,410945.66,0.9998239,0.9998239,True
9B,256,0.5,4,99,x,100,0.0032710864,408885.78,0.9997971,0.9997971,True
9B,256,0.5,4,100,x,101,0.0032548525,406856.56,0.99984396,0.99984396,True
9B,256,0.5,4,101,x,102,0.003238858,404857.25,0.99982595,0.99982595,True
9B,256,0.5,4,102,x,103,0.003223097,402887.12,0.9998003,0.9998003,True
9B,256,0.5,4,103,x,104,0.003207564,400945.5,0.9997748,0.9997748,True
9B,256,0.5,4,104,x,105,0.003192253,399031.62,0.9998361,0.9998361,True
9B,256,0.5,4,105,x,106,0.0031771597,397144.97,0.9998163,0.9998163,True
9B,256,0.5,4,106,x,107,0.0031622783,395284.78,0.7677257,0.7677257,False
9B,256,0.5,4,107,x,108,0.0031476042,393450.53,0.9937001,0.9937001,True
9B,256,0.5,4,108,x,109,0.0031331321,391641.5,0.9998263,0.99982154,True
9B,256,0.5,4,109,x,110,0.0031188582,389857.28,0.9998135,0.9998135,True
9B,256,0.5,4,110,x,111,0.0031047775,388097.2,0.99983525,0.99983525,True
9B,256,0.5,4,111,x,112,0.003090886,386360.75,0.9998145,0.9998145,True
9B,256,0.5,4,112,x,113,0.0030771792,384647.4,0.99981195,0.99981195,True
9B,256,0.5,4,113,x,114,0.003063653,382956.62,0.9998293,0.9998293,True
9B,256,0.5,4,114,x,115,0.0030503036,381287.94,0.98946196,0.98946196,True
9B,256,0.5,4,115,x,116,0.0030371272,379640.9,0.6749958,0.013026291,False
9B,256,0.5,4,116,x,117,0.0030241201,378015.0,0.9998399,0.9998399,True
9B,256,0.5,4,117,x,118,0.0030112788,376409.84,0.9998431,0.9998431,True
9B,256,0.5,4,118,x,119,0.0029985995,374824.94,0.99984705,0.99984705,True
9B,256,0.5,4,119,x,120,0.0029860795,373259.94,0.99983895,0.99983895,True
9B,256,0.5,4,120,x,121,0.0029737148,371714.34,0.99982584,0.99982584,True
9B,256,0.5,4,121,x,122,0.0029615022,370187.78,0.9998206,0.9998206,True
9B,256,0.5,4,122,x,123,0.0029494392,368679.9,0.9998448,0.9998448,True
9B,256,0.5,4,123,x,124,0.0029375223,367190.28,0.99982786,0.99982786,True
9B,256,0.5,4,124,x,125,0.0029257482,365718.53,0.9998001,0.9998001,True
9B,256,0.5,4,125,x,126,0.002914115,364264.38,0.99982613,0.99982613,True
9B,256,0.5,4,126,x,127,0.0029026195,362827.44,0.99983144,0.99983144,True
9B,256,0.5,4,127,x,128,0.0028912588,361407.34,0.9998348,0.9998348,True
9B,256,0.5,4,128,x,129,0.0028800308,360003.84,0.9998279,0.9998279,True
9B,256,0.5,4,129,x,130,0.002868932,358616.5,0.9998362,0.9998362,True
9B,256,0.5,4,130,x,131,0.0028579612,357245.16,0.99984294,0.99984294,True
9B,256,0.5,4,131,x,132,0.002847115,355889.38,0.99982834,0.99982834,True
9B,256,0.5,4,132,x,133,0.0028363916,354548.94,0.99982786,0.99982786,True
9B,256,0.5,4,133,x,134,0.002825788,353223.5,0.99982756,0.99982756,True
9B,256,0.5,4,134,x,135,0.002815303,351912.88,0.9998318,0.9998318,True
9B,256,0.5,4,135,x,136,0.002804933,350616.62,0.99984294,0.99984294,True
9B,256,0.5,4,136,x,137,0.0027946774,349334.7,0.9998261,0.9998261,True
9B,256,0.5,4,137,x,138,0.0027845334,348066.7,0.9998306,0.9998306,True
9B,256,0.5,4,138,x,139,0.0027744991,346812.38,0.99983656,0.99983656,True
9B,256,0.5,4,139,x,140,0.0027645724,345571.56,0.99983597,0.99983597,True
9B,256,0.5,4,140,x,141,0.0027547516,344343.94,0.99981964,0.99981964,True
9B,256,0.5,4,141,x,142,0.0027450344,343129.3,0.99981666,0.99981666,True
9B,256,0.5,4,142,x,143,0.0027354197,341927.47,0.9998433,0.9998433,True
9B,256,0.5,4,143,x,144,0.002725905,340738.12,0.9998095,0.9998095,True
9B,256,0.5,4,144,x,145,0.0027164891,339561.16,0.99978584,0.99978584,True
9B,256,0.5,4,145,x,146,0.00270717,338396.25,0.99979806,0.99979806,True
9B,256,0.5,4,146,x,147,0.0026979465,337243.3,0.99982405,0.99982405,True
9B,256,0.5,4,147,x,148,0.0026888163,336102.03,0.99983597,0.99983597,True
9B,256,0.5,4,148,x,149,0.0026797783,334972.28,0.9998151,0.9998151,True
9B,256,0.5,4,149,x,150,0.0026708306,333853.8,0.9997913,0.9997913,True
9B,256,0.5,4,150,x,151,0.0026619723,332746.53,0.9998154,0.9998154,True
9B,256,0.5,4,151,x,152,0.002653201,331650.12,0.99983525,0.99983525,True
9B,256,0.5,4,152,x,153,0.0026445165,330564.56,0.9998207,0.9998207,True
9B,256,0.5,4,153,x,154,0.0026359162,329489.53,0.9998485,0.9998485,True
9B,256,0.5,4,154,x,155,0.0026273995,328424.94,0.9998459,0.9998459,True
9B,256,0.5,4,155,x,156,0.0026189648,327370.6,0.99981797,0.99981797,True
9B,256,0.5,4,156,x,157,0.002610611,326326.38,0.9997984,0.9997984,True
9B,256,0.5,4,157,x,158,0.0026023365,325292.06,0.9998152,0.9998152,True
9B,256,0.5,4,158,x,159,0.0025941401,324267.53,0.99979293,0.99979293,True
9B,256,0.5,4,159,x,160,0.0025860206,323252.56,0.9998425,0.9998425,True
9B,256,0.5,4,160,x,161,0.0025779773,322247.16,0.9525872,0.9525872,True
9B,256,0.5,4,161,x,162,0.002570008,321251.0,0.9543294,0.9543294,True
9B,256,0.5,4,162,x,163,0.0025621124,320264.06,0.99984753,0.99984753,True
9B,256,0.5,4,163,x,164,0.0025542893,319286.16,0.9998327,0.9998327,True
9B,256,0.5,4,164,x,165,0.0025465372,318317.16,0.7114798,0.7114798,False
9B,256,0.5,4,165,x,166,0.0025388552,317356.9,0.99249727,0.99249727,True
9B,256,0.5,4,166,x,167,0.0025312426,316405.3,0.99976647,0.99976647,True
9B,256,0.5,4,167,x,168,0.0025236977,315462.22,0.9998294,0.9998294,True
9B,256,0.5,4,168,x,169,0.0025162203,314527.53,0.9998234,0.9998234,True
9B,256,0.5,4,169,x,170,0.0025088086,313601.1,0.9998292,0.9998292,True
9B,256,0.5,4,170,x,171,0.0025014621,312682.75,0.9998123,0.9998123,True
9B,256,0.5,4,171,x,172,0.0024941799,311772.5,0.9998058,0.9998058,True
9B,256,0.5,4,172,x,173,0.0024869607,310870.1,0.99979854,0.99979854,True
9B,256,0.5,4,173,x,174,0.0024798042,309975.53,0.9998238,0.9998238,True
9B,256,0.5,4,174,x,175,0.002472709,309088.62,0.5366227,0.0028216993,False
9B,256,0.5,4,175,x,176,0.002465674,308209.25,0.991388,0.991388,True
9B,256,0.5,4,176,x,177,0.0024586988,307337.34,0.9998127,0.9998127,True
9B,256,0.5,4,177,x,178,0.0024517826,306472.8,0.9998219,0.9998219,True
9B,256,0.5,4,178,x,179,0.0024449246,305615.56,0.9932355,0.9932355,True
9B,256,0.5,4,179,x,180,0.0024381236,304765.44,0.70267695,0.10466646,False
9B,256,0.5,4,180,x,181,0.0024313792,303922.4,0.99984527,0.99984527,True
9B,256,0.5,4,181,x,182,0.0024246904,303086.3,0.99982554,0.99982554,True
9B,256,0.5,4,182,x,183,0.0024180566,302257.06,0.99981976,0.99981976,True
9B,256,0.5,4,183,x,184,0.0024114768,301434.6,0.99984795,0.99984795,True
9B,256,0.5,4,184,x,185,0.0024049503,300618.78,0.99985087,0.99985087,True
9B,256,0.5,4,185,x,186,0.0023984767,299809.6,0.99984,0.99984,True
9B,256,0.5,4,186,x,187,0.002392055,299006.88,0.9903171,0.9903171,True
9B,256,0.5,4,187,x,188,0.0023856848,298210.6,0.6541681,0.004956386,False
9B,256,0.5,4,188,x,189,0.002379365,297420.62,0.99983203,0.99983203,True
9B,256,0.5,4,189,x,190,0.0023730956,296636.94,0.9998398,0.9998398,True
9B,256,0.5,4,190,x,191,0.0023668748,295859.34,0.999802,0.999802,True
9B,256,0.5,4,191,x,192,0.0023607032,295087.9,0.9998196,0.9998196,True
9B,256,0.5,4,192,x,193,0.0023545793,294322.4,0.992373,0.992373,True
9B,256,0.5,4,193,x,194,0.0023485029,293562.84,0.70852786,0.04455755,False
9B,256,0.5,4,194,x,195,0.0023424735,292809.2,0.99978745,0.99978745,True
9B,256,0.5,4,195,x,196,0.0023364902,292061.28,0.99979466,0.99979466,True
9B,256,0.5,4,196,x,197,0.0023305523,291319.03,0.9998268,0.9998268,True
9B,256,0.5,4,197,x,198,0.0023246596,290582.44,0.99983907,0.99983907,True
9B,256,0.5,4,198,x,199,0.0023188114,289851.4,0.99982476,0.99982476,True
9B,256,0.5,4,199,x,200,0.0023130071,289125.9,0.9998332,0.9998332,True
9B,256,0.5,4,200,x,201,0.0023072462,288405.78,0.9998239,0.9998239,True
9B,256,0.5,4,201,x,202,0.0023015281,287691.0,0.99980664,0.99980664,True
9B,256,0.5,4,202,x,203,0.0022958524,286981.56,0.9998362,0.9998362,True
9B,256,0.5,4,203,x,204,0.0022902184,286277.28,0.99981475,0.99981475,True
9B,256,0.5,4,204,x,205,0.0022846258,285578.22,0.9998233,0.9998233,True
9B,256,0.5,4,205,x,206,0.0022790737,284884.22,0.99982536,0.99982536,True
9B,256,0.5,4,206,x,207,0.0022735621,284195.28,0.99979997,0.99979997,True
9B,256,0.5,4,207,x,208,0.0022680901,283511.28,0.9998162,0.9998162,True
9B,256,0.5,4,208,x,209,0.0022626575,282832.2,0.9998368,0.9998368,True
9B,256,0.5,4,209,x,210,0.002257264,282158.0,0.9998274,0.9998274,True
9B,256,0.5,4,210,x,211,0.0022519086,281488.6,0.99983734,0.99983734,True
9B,256,0.5,4,211,x,212,0.0022465913,280823.9,0.9998313,0.9998313,True
9B,256,0.5,4,212,x,213,0.0022413114,280163.9,0.99980783,0.99980783,True
9B,256,0.5,4,213,x,214,0.0022360685,279508.56,0.99983877,0.99983877,True
9B,256,0.5,4,214,x,215,0.0022308624,278857.8,0.99984235,0.99984235,True
9B,256,0.5,4,215,x,216,0.0022256922,278211.53,0.9998437,0.9998437,True
9B,256,0.5,4,216,x,217,0.002220558,277569.75,0.9998457,0.9998457,True
9B,256,0.5,4,217,x,218,0.002215459,276932.38,0.9998462,0.9998462,True
9B,256,0.5,4,218,x,219,0.0022103952,276299.4,0.99983543,0.99983543,True
9B,256,0.5,4,219,x,220,0.002205366,275670.75,0.9998243,0.9998243,True
9B,256,0.5,4,220,x,221,0.002200371,275046.38,0.5583541,0.023476973,False
9B,256,0.5,4,221,x,222,0.0021954093,274426.16,0.98969644,0.98969644,True
9B,256,0.5,4,222,x,223,0.0021904814,273810.2,0.9914872,0.9914872,True
9B,256,0.5,4,223,x,224,0.0021855864,273198.28,0.5846215,0.071833014,False
9B,256,0.5,4,224,x,225,0.002180724,272590.5,0.9998474,0.9998474,True
9B,256,0.5,4,225,x,226,0.002175894,271986.75,0.9998032,0.9998032,True
9B,256,0.5,4,226,x,227,0.0021710962,271387.03,0.9998394,0.9998394,True
9B,256,0.5,4,227,x,228,0.0021663297,270791.22,0.99982667,0.99982667,True
9B,256,0.5,4,228,x,229,0.0021615946,270199.3,0.99982965,0.99982965,True
9B,256,0.5,4,229,x,230,0.0021568905,269611.3,0.9998275,0.9998275,True
9B,256,0.5,4,230,x,231,0.0021522166,269027.06,0.99982274,0.99982274,True
9B,256,0.5,4,231,x,232,0.0021475733,268446.66,0.99984556,0.99984556,True
9B,256,0.5,4,232,x,233,0.0021429597,267869.97,0.9915106,0.9915106,True
9B,256,0.5,4,233,x,234,0.0021383762,267297.03,0.7129969,0.7129969,False
9B,256,0.5,4,234,x,235,0.0021338214,266727.66,0.9998168,0.9998168,True
9B,256,0.5,4,235,x,236,0.0021292956,266161.94,0.9998435,0.9998435,True
9B,256,0.5,4,236,x,237,0.0021247987,265599.84,0.9998343,0.9998343,True
9B,256,0.5,4,237,x,238,0.0021203302,265041.28,0.999831,0.999831,True
9B,256,0.5,4,238,x,239,0.0021158897,264486.22,0.9998132,0.9998132,True
9B,256,0.5,4,239,x,240,0.002111477,263934.62,0.9998226,0.9998226,True
9B,256,0.5,4,240,x,241,0.002107092,263386.5,0.9998163,0.9998163,True
9B,256,0.5,4,241,x,242,0.0021027338,262841.72,0.99983525,0.99983525,True
9B,256,0.5,4,242,x,243,0.0020984027,262300.34,0.71491927,0.71491927,False
9B,256,0.5,4,243,x,244,0.0020940984,261762.3,0.99289906,0.99289906,True
9B,256,0.5,4,244,x,245,0.0020898203,261227.55,0.6991788,0.017302899,False
9B,256,0.5,4,245,x,246,0.0020855684,260696.05,0.9919486,0.9919486,True
9B,256,0.5,4,246,x,247,0.0020813423,260167.78,0.98684657,0.98684657,True
9B,256,0.5,4,247,x,248,0.0020771418,259642.72,0.44110978,0.006711211,False
9B,256,0.5,4,248,x,249,0.0020729667,259120.83,0.9998319,0.9998319,True
9B,256,0.5,4,249,x,250,0.0020688165,258602.06,0.999819,0.999819,True
9B,256,0.5,4,250,x,251,0.0020646914,258086.42,0.71307194,0.71307194,False
9B,256,0.5,4,251,x,252,0.0020605905,257573.81,0.9916382,0.9916382,True
9B,256,0.5,4,252,x,253,0.0020565141,257064.27,0.9930227,0.9930227,True
9B,256,0.5,4,253,x,254,0.0020524622,256557.78,0.7010462,0.05219287,False
9B,256,0.5,4,254,x,255,0.0020484335,256054.19,0.99346924,0.99346924,True
9B,256,0.5,4,255,x,256,0.0020444288,255553.61,0.67390203,0.67390203,False
9B,256,0.5,4,256,y,1,0.03271086,4088857.8,0.9998073,0.9998073,True
9B,256,0.5,4,257,y,2,0.02313007,2891258.8,0.99985427,0.99985427,True
9B,256,0.5,4,258,y,3,0.018885626,2360703.2,0.9998541,0.9998541,True
9B,256,0.5,4,259,y,4,0.01635543,2044428.9,0.999825,0.999825,True
9B,256,0.5,4,260,y,5,0.014628741,1828592.6,0.9998449,0.9998449,True
9B,256,0.5,4,261,y,6,0.013354153,1669269.1,0.9998485,0.9998485,True
9B,256,0.5,4,262,y,7,0.012363544,1545443.0,0.9998424,0.9998424,True
9B,256,0.5,4,263,y,8,0.011565035,1445629.4,0.99984956,0.99984956,True
9B,256,0.5,4,264,y,9,0.01090362,1362952.5,0.9998554,0.9998554,True
9B,256,0.5,4,265,y,10,0.0103440825,1293010.2,0.99984974,0.99984974,True
9B,256,0.5,4,266,y,11,0.009862696,1232837.0,0.999858,0.999858,True
9B,256,0.5,4,267,y,12,0.009442813,1180351.6,0.999832,0.999832,True
9B,256,0.5,4,268,y,13,0.009072361,1134045.1,0.99985063,0.99985063,True
9B,256,0.5,4,269,y,14,0.0087423455,1092793.1,0.9998447,0.9998447,True
9B,256,0.5,4,270,y,15,0.008445908,1055738.5,0.9955519,0.9955519,True
9B,256,0.5,4,271,y,16,0.008177715,1022214.44,0.8974372,0.8974372,False
9B,256,0.5,4,272,y,17,0.00793355,991693.7,0.9998057,0.9998057,True
9B,256,0.5,4,273,y,18,0.0077100242,963753.0,0.999836,0.999836,True
9B,256,0.5,4,274,y,19,0.007504386,938048.25,0.9998529,0.9998529,True
9B,256,0.5,4,275,y,20,0.0073143705,914296.3,0.99980223,0.99980223,True
9B,256,0.5,4,276,y,21,0.007138095,892261.9,0.99984634,0.99984634,True
9B,256,0.5,4,277,y,22,0.006973979,871747.4,0.9998364,0.9998364,True
9B,256,0.5,4,278,y,23,0.006820686,852585.75,0.9998512,0.9998512,True
9B,256,0.5,4,279,y,24,0.0066770767,834634.56,0.9998479,0.9998479,True
9B,256,0.5,4,280,y,25,0.0065421727,817771.56,0.9998592,0.9998592,True
9B,256,0.5,4,281,y,26,0.006415128,801891.0,0.99985194,0.99985194,True
9B,256,0.5,4,282,y,27,0.0062952084,786901.06,0.9998561,0.9998561,True
9B,256,0.5,4,283,y,28,0.006181772,772721.5,0.9998433,0.9998433,True
9B,256,0.5,4,284,y,29,0.0060742544,759281.8,0.99985623,0.99985623,True
9B,256,0.5,4,285,y,30,0.005972159,746519.9,0.99983656,0.99983656,True
9B,256,0.5,4,286,y,31,0.0058750445,734380.56,0.9998331,0.9998331,True
9B,256,0.5,4,287,y,32,0.0057825176,722814.7,0.9998473,0.9998473,True
9B,256,0.5,4,288,y,33,0.00569423,711778.75,0.9998466,0.9998466,True
9B,256,0.5,4,289,y,34,0.005609866,701233.25,0.9998456,0.9998456,True
9B,256,0.5,4,290,y,35,0.005529145,691143.1,0.99984926,0.99984926,True
9B,256,0.5,4,291,y,36,0.00545181,681476.25,0.9998498,0.9998498,True
9B,256,0.5,4,292,y,37,0.0053776326,672204.06,0.9998307,0.9998307,True
9B,256,0.5,4,293,y,38,0.005306402,663300.25,0.9998383,0.9998383,True
9B,256,0.5,4,294,y,39,0.0052379295,654741.2,0.99983954,0.99983954,True
9B,256,0.5,4,295,y,40,0.0051720412,646505.1,0.99984443,0.99984443,True
9B,256,0.5,4,296,y,41,0.0051085786,638572.3,0.9998458,0.9998458,True
9B,256,0.5,4,297,y,42,0.0050473954,630924.44,0.9998453,0.9998453,True
9B,256,0.5,4,298,y,43,0.0049883598,623545.0,0.99982524,0.99982524,True
9B,256,0.5,4,299,y,44,0.004931348,616418.5,0.99983484,0.99983484,True
9B,256,0.5,4,300,y,45,0.004876247,609530.9,0.99985194,0.99985194,True
9B,256,0.5,4,301,y,46,0.0048229536,602869.2,0.9997659,0.9997659,True
9B,256,0.5,4,302,y,47,0.0047713695,596421.2,0.8295877,0.8295877,False
9B,256,0.5,4,303,y,48,0.0047214064,590175.8,0.9941437,0.9941437,True
9B,256,0.5,4,304,y,49,0.0046729804,584122.56,0.9998388,0.9998388,True
9B,256,0.5,4,305,y,50,0.0046260143,578251.8,0.9998345,0.9998345,True
9B,256,0.5,4,306,y,51,0.0045804367,572554.56,0.9998611,0.9998611,True
9B,256,0.5,4,307,y,52,0.0045361803,567022.56,0.9998456,0.9998456,True
9B,256,0.5,4,308,y,53,0.0044931825,561647.8,0.9998553,0.9998553,True
9B,256,0.5,4,309,y,54,0.0044513843,556423.06,0.9998201,0.9998201,True
9B,256,0.5,4,310,y,55,0.004410732,551341.5,0.9998594,0.9998594,True
9B,256,0.5,4,311,y,56,0.0043711727,546396.56,0.9998429,0.9998429,True
9B,256,0.5,4,312,y,57,0.0043326593,541582.44,0.9998201,0.9998201,True
9B,256,0.5,4,313,y,58,0.0042951466,536893.3,0.9998342,0.9998342,True
9B,256,0.5,4,314,y,59,0.004258591,532323.9,0.99493814,0.99493814,True
9B,256,0.5,4,315,y,60,0.004222954,527869.25,0.8199208,0.8199208,False
9B,256,0.5,4,316,y,61,0.0041881967,523524.6,0.9998328,0.9998328,True
9B,256,0.5,4,317,y,62,0.0041542836,519285.44,0.9998517,0.9998517,True
9B,256,0.5,4,318,y,63,0.004121181,515147.62,0.99983954,0.99983954,True
9B,256,0.5,4,319,y,64,0.0040888577,511107.22,0.9998257,0.9998257,True
9B,256,0.5,4,320,y,65,0.0040572826,507160.3,0.99981594,0.99981594,True
9B,256,0.5,4,321,y,66,0.004026429,503303.6,0.9998424,0.9998424,True
9B,256,0.5,4,322,y,67,0.003996268,499533.5,0.99983716,0.99983716,True
9B,256,0.5,4,323,y,68,0.003966775,495846.84,0.99984384,0.99984384,True
9B,256,0.5,4,324,y,69,0.0039379247,492240.6,0.99981767,0.99981767,True
9B,256,0.5,4,325,y,70,0.0039096954,488711.94,0.999822,0.999822,True
9B,256,0.5,4,326,y,71,0.003882065,485258.12,0.99982667,0.99982667,True
9B,256,0.5,4,327,y,72,0.0038550121,481876.5,0.99982584,0.99982584,True
9B,256,0.5,4,328,y,73,0.0038285167,478564.6,0.9998379,0.9998379,True
9B,256,0.5,4,329,y,74,0.0038025603,475320.03,0.9998349,0.9998349,True
9B,256,0.5,4,330,y,75,0.003777125,472140.62,0.99980843,0.99980843,True
9B,256,0.5,4,331,y,76,0.003752193,469024.12,0.99983704,0.99983704,True
9B,256,0.5,4,332,y,77,0.0037277485,465968.56,0.9998005,0.9998005,True
9B,256,0.5,4,333,y,78,0.0037037758,462971.97,0.99981666,0.99981666,True
9B,256,0.5,4,334,y,79,0.0036802595,460032.44,0.99981993,0.99981993,True
9B,256,0.5,4,335,y,80,0.0036571852,457148.16,0.999857,0.999857,True
9B,256,0.5,4,336,y,81,0.0036345404,454317.53,0.9997889,0.9997889,True
9B,256,0.5,4,337,y,82,0.0036123104,451538.8,0.99985015,0.99985015,True
9B,256,0.5,4,338,y,83,0.0035904835,448810.44,0.99984705,0.99984705,True
9B,256,0.5,4,339,y,84,0.0035690474,446130.94,0.99982,0.99982,True
9B,256,0.5,4,340,y,85,0.003547991,443498.88,0.9998366,0.9998366,True
9B,256,0.5,4,341,y,86,0.0035273028,440912.84,0.9998342,0.9998342,True
9B,256,0.5,4,342,y,87,0.0035069725,438371.56,0.99983597,0.99983597,True
9B,256,0.5,4,343,y,88,0.0034869895,435873.7,0.9998255,0.9998255,True
9B,256,0.5,4,344,y,89,0.0034673444,433418.06,0.99981546,0.99981546,True
9B,256,0.5,4,345,y,90,0.0034480277,431003.47,0.9998334,0.9998334,True
9B,256,0.5,4,346,y,91,0.00342903,428628.75,0.99179876,0.99179876,True
9B,256,0.5,4,347,y,92,0.003410343,426292.88,0.7378025,0.7378025,False
9B,256,0.5,4,348,y,93,0.0033919583,423994.78,0.99982923,0.99982923,True
9B,256,0.5,4,349,y,94,0.0033738676,421733.44,0.999833,0.999833,True
9B,256,0.5,4,350,y,95,0.0033560635,419507.94,0.9997287,0.9997287,True
9B,256,0.5,4,351,y,96,0.0033385383,417317.28,0.9996873,0.9996873,True
9B,256,0.5,4,352,y,97,0.003321285,415160.62,0.9998328,0.9998328,True
9B,256,0.5,4,353,y,98,0.003304296,413037.0,0.9998051,0.9998051,True
9B,256,0.5,4,354,y,99,0.0032875652,410945.66,0.75633204,0.75633204,False
9B,256,0.5,4,355,y,100,0.0032710864,408885.78,0.994053,0.994053,True
9B,256,0.5,4,356,y,101,0.0032548525,406856.56,0.99984145,0.99984145,True
9B,256,0.5,4,357,y,102,0.003238858,404857.25,0.99980026,0.99980026,True
9B,256,0.5,4,358,y,103,0.003223097,402887.12,0.9997715,0.9997715,True
9B,256,0.5,4,359,y,104,0.003207564,400945.5,0.99985015,0.99985015,True
9B,256,0.5,4,360,y,105,0.003192253,399031.62,0.99982595,0.99982595,True
9B,256,0.5,4,361,y,106,0.0031771597,397144.97,0.9998187,0.9998187,True
9B,256,0.5,4,362,y,107,0.0031622783,395284.78,0.99525416,0.99525416,True
9B,256,0.5,4,363,y,108,0.0031476042,393450.53,0.78508115,0.78508115,False
9B,256,0.5,4,364,y,109,0.0031331321,391641.5,0.9998102,0.9998102,True
9B,256,0.5,4,365,y,110,0.0031188582,389857.28,0.9998486,0.9998486,True
9B,256,0.5,4,366,y,111,0.0031047775,388097.2,0.9998225,0.9998225,True
9B,256,0.5,4,367,y,112,0.003090886,386360.75,0.9996469,0.9996469,True
9B,256,0.5,4,368,y,113,0.0030771792,384647.4,0.9998262,0.9998262,True
9B,256,0.5,4,369,y,114,0.003063653,382956.62,0.9997742,0.9997742,True
9B,256,0.5,4,370,y,115,0.0030503036,381287.94,0.9998345,0.9998345,True
9B,256,0.5,4,371,y,116,0.0030371272,379640.9,0.9998223,0.9998223,True
9B,256,0.5,4,372,y,117,0.0030241201,378015.0,0.9998206,0.9998206,True
9B,256,0.5,4,373,y,118,0.0030112788,376409.84,0.9998164,0.9998164,True
9B,256,0.5,4,374,y,119,0.0029985995,374824.94,0.99980074,0.99980074,True
9B,256,0.5,4,375,y,120,0.0029860795,373259.94,0.9998298,0.9998298,True
9B,256,0.5,4,376,y,121,0.0029737148,371714.34,0.99982774,0.99982774,True
9B,256,0.5,4,377,y,122,0.0029615022,370187.78,0.999838,0.999838,True
9B,256,0.5,4,378,y,123,0.0029494392,368679.9,0.9998243,0.9998243,True
9B,256,0.5,4,379,y,124,0.0029375223,367190.28,0.9998332,0.9998332,True
9B,256,0.5,4,380,y,125,0.0029257482,365718.53,0.9998182,0.9998182,True
9B,256,0.5,4,381,y,126,0.002914115,364264.38,0.9998495,0.9998495,True
9B,256,0.5,4,382,y,127,0.0029026195,362827.44,0.7461261,0.7461261,False
9B,256,0.5,4,383,y,128,0.0028912588,361407.34,0.99388623,0.99388623,True
9B,256,0.5,4,384,y,129,0.0028800308,360003.84,0.9998283,0.9998283,True
9B,256,0.5,4,385,y,130,0.002868932,358616.5,0.9998424,0.9998424,True
9B,256,0.5,4,386,y,131,0.0028579612,357245.16,0.9998407,0.9998407,True
9B,256,0.5,4,387,y,132,0.002847115,355889.38,0.999846,0.999846,True
9B,256,0.5,4,388,y,133,0.0028363916,354548.94,0.73605824,0.73605824,False
9B,256,0.5,4,389,y,134,0.002825788,353223.5,0.99336565,0.99336565,True
9B,256,0.5,4,390,y,135,0.002815303,351912.88,0.99981976,0.99981976,True
9B,256,0.5,4,391,y,136,0.002804933,350616.62,0.99970007,0.99970007,True
9B,256,0.5,4,392,y,137,0.0027946774,349334.7,0.9997939,0.9997939,True
9B,256,0.5,4,393,y,138,0.0027845334,348066.7,0.99982285,0.99982285,True
9B,256,0.5,4,394,y,139,0.0027744991,346812.38,0.9998436,0.9998436,True
9B,256,0.5,4,395,y,140,0.0027645724,345571.56,0.99982226,0.99982226,True
9B,256,0.5,4,396,y,141,0.0027547516,344343.94,0.9998423,0.9998423,True
9B,256,0.5,4,397,y,142,0.0027450344,343129.3,0.9998312,0.9998312,True
9B,256,0.5,4,398,y,143,0.0027354197,341927.47,0.99984413,0.99984413,True
9B,256,0.5,4,399,y,144,0.002725905,340738.12,0.9998294,0.9998294,True
9B,256,0.5,4,400,y,145,0.0027164891,339561.16,0.99977505,0.99977505,True
9B,256,0.5,4,401,y,146,0.00270717,338396.25,0.9998336,0.9998336,True
9B,256,0.5,4,402,y,147,0.0026979465,337243.3,0.99976987,0.99976987,True
9B,256,0.5,4,403,y,148,0.0026888163,336102.03,0.9998417,0.9998417,True
9B,256,0.5,4,404,y,149,0.0026797783,334972.28,0.71182954,0.71182954,False
9B,256,0.5,4,405,y,150,0.0026708306,333853.8,0.99298567,0.99298567,True
9B,256,0.5,4,406,y,151,0.0026619723,332746.53,0.99982125,0.99982125,True
9B,256,0.5,4,407,y,152,0.002653201,331650.12,0.99982303,0.99982303,True
9B,256,0.5,4,408,y,153,0.0026445165,330564.56,0.99985313,0.99985313,True
9B,256,0.5,4,409,y,154,0.0026359162,329489.53,0.9998177,0.9998177,True
9B,256,0.5,4,410,y,155,0.0026273995,328424.94,0.9998251,0.9998251,True
9B,256,0.5,4,411,y,156,0.0026189648,327370.6,0.99984705,0.99984705,True
9B,256,0.5,4,412,y,157,0.002610611,326326.38,0.9998405,0.9998405,True
9B,256,0.5,4,413,y,158,0.0026023365,325292.06,0.99983495,0.99983495,True
9B,256,0.5,4,414,y,159,0.0025941401,324267.53,0.9996552,0.9996552,True
9B,256,0.5,4,415,y,160,0.0025860206,323252.56,0.9998364,0.9998364,True
9B,256,0.5,4,416,y,161,0.0025779773,322247.16,0.9998225,0.9998225,True
9B,256,0.5,4,417,y,162,0.002570008,321251.0,0.9998311,0.9998311,True
9B,256,0.5,4,418,y,163,0.0025621124,320264.06,0.9998341,0.9998341,True
9B,256,0.5,4,419,y,164,0.0025542893,319286.16,0.9998294,0.9998294,True
9B,256,0.5,4,420,y,165,0.0025465372,318317.16,0.99298215,0.99298215,True
9B,256,0.5,4,421,y,166,0.0025388552,317356.9,0.7023214,0.0010357872,False
9B,256,0.5,4,422,y,167,0.0025312426,316405.3,0.9998445,0.9998445,True
9B,256,0.5,4,423,y,168,0.0025236977,315462.22,0.9998293,0.9998293,True
9B,256,0.5,4,424,y,169,0.0025162203,314527.53,0.9997961,0.9997961,True
9B,256,0.5,4,425,y,170,0.0025088086,313601.1,0.99983066,0.99983066,True
9B,256,0.5,4,426,y,171,0.0025014621,312682.75,0.9998393,0.9998393,True
9B,256,0.5,4,427,y,172,0.0024941799,311772.5,0.9997954,0.9997954,True
9B,256,0.5,4,428,y,173,0.0024869607,310870.1,0.9998294,0.9998294,True
9B,256,0.5,4,429,y,174,0.0024798042,309975.53,0.9997039,0.9997039,True
9B,256,0.5,4,430,y,175,0.002472709,309088.62,0.9997049,0.9997049,True
9B,256,0.5,4,431,y,176,0.002465674,308209.25,0.9998436,0.9998436,True
9B,256,0.5,4,432,y,177,0.0024586988,307337.34,0.9998458,0.9998458,True
9B,256,0.5,4,433,y,178,0.0024517826,306472.8,0.99983656,0.99983656,True
9B,256,0.5,4,434,y,179,0.0024449246,305615.56,0.9998323,0.9998323,True
9B,256,0.5,4,435,y,180,0.0024381236,304765.44,0.9998437,0.9998437,True
9B,256,0.5,4,436,y,181,0.0024313792,303922.4,0.7388077,0.18240152,False
9B,256,0.5,4,437,y,182,0.0024246904,303086.3,0.9941051,0.9941051,True
9B,256,0.5,4,438,y,183,0.0024180566,302257.06,0.9998009,0.9998009,True
9B,256,0.5,4,439,y,184,0.0024114768,301434.6,0.999807,0.999807,True
9B,256,0.5,4,440,y,185,0.0024049503,300618.78,0.6768882,0.007844921,False
9B,256,0.5,4,441,y,186,0.0023984767,299809.6,0.9917337,0.9917337,True
9B,256,0.5,4,442,y,187,0.002392055,299006.88,0.71563447,0.71563447,False
9B,256,0.5,4,443,y,188,0.0023856848,298210.6,0.9937781,0.9937781,True
9B,256,0.5,4,444,y,189,0.002379365,297420.62,0.9998374,0.9998374,True
9B,256,0.5,4,445,y,190,0.0023730956,296636.94,0.9998333,0.9998333,True
9B,256,0.5,4,446,y,191,0.0023668748,295859.34,0.9998387,0.9998387,True
9B,256,0.5,4,447,y,192,0.0023607032,295087.9,0.9998534,0.9998534,True
9B,256,0.5,4,448,y,193,0.0023545793,294322.4,0.9943994,0.9943994,True
9B,256,0.5,4,449,y,194,0.0023485029,293562.84,0.6657729,0.06918621,False
9B,256,0.5,4,450,y,195,0.0023424735,292809.2,0.9998305,0.9998305,True
9B,256,0.5,4,451,y,196,0.0023364902,292061.28,0.99984705,0.99984705,True
9B,256,0.5,4,452,y,197,0.0023305523,291319.03,0.99972034,0.99972034,True
9B,256,0.5,4,453,y,198,0.0023246596,290582.44,0.99982125,0.99982125,True
9B,256,0.5,4,454,y,199,0.0023188114,289851.4,0.9998591,0.9998591,True
9B,256,0.5,4,455,y,200,0.0023130071,289125.9,0.3042416,0.24518868,False
9B,256,0.5,4,456,y,201,0.0023072462,288405.78,0.99210393,0.99210393,True
9B,256,0.5,4,457,y,202,0.0023015281,287691.0,0.70567274,0.70567274,False
9B,256,0.5,4,458,y,203,0.0022958524,286981.56,0.6407566,0.014052635,False
9B,256,0.5,4,459,y,204,0.0022902184,286277.28,0.989846,0.989846,True
9B,256,0.5,4,460,y,205,0.0022846258,285578.22,0.9998241,0.9998241,True
9B,256,0.5,4,461,y,206,0.0022790737,284884.22,0.9998449,0.9998449,True
9B,256,0.5,4,462,y,207,0.0022735621,284195.28,0.9998281,0.9998281,True
9B,256,0.5,4,463,y,208,0.0022680901,283511.28,0.99982226,0.99982226,True
9B,256,0.5,4,464,y,209,0.0022626575,282832.2,0.9998355,0.9998355,True
9B,256,0.5,4,465,y,210,0.002257264,282158.0,0.99983245,0.99983245,True
9B,256,0.5,4,466,y,211,0.0022519086,281488.6,0.9998426,0.9998426,True
9B,256,0.5,4,467,y,212,0.0022465913,280823.9,0.9997951,0.9997951,True
9B,256,0.5,4,468,y,213,0.0022413114,280163.9,0.9998279,0.9998279,True
9B,256,0.5,4,469,y,214,0.0022360685,279508.56,0.99983674,0.99983674,True
9B,256,0.5,4,470,y,215,0.0022308624,278857.8,0.9998295,0.9998295,True
9B,256,0.5,4,471,y,216,0.0022256922,278211.53,0.9996989,0.9996989,True
9B,256,0.5,4,472,y,217,0.002220558,277569.75,0.99982834,0.99982834,True
9B,256,0.5,4,473,y,218,0.002215459,276932.38,0.9998143,0.9998143,True
9B,256,0.5,4,474,y,219,0.0022103952,276299.4,0.99981797,0.99981797,True
9B,256,0.5,4,475,y,220,0.002205366,275670.75,0.99983567,0.99983567,True
9B,256,0.5,4,476,y,221,0.002200371,275046.38,0.5724355,0.017154135,False
9B,256,0.5,4,477,y,222,0.0021954093,274426.16,0.9903799,0.9903799,True
9B,256,0.5,4,478,y,223,0.0021904814,273810.2,0.99981225,0.99981225,True
9B,256,0.5,4,479,y,224,0.0021855864,273198.28,0.99981916,0.99981916,True
9B,256,0.5,4,480,y,225,0.002180724,272590.5,0.9998226,0.9998226,True
9B,256,0.5,4,481,y,226,0.002175894,271986.75,0.99982417,0.99982417,True
9B,256,0.5,4,482,y,227,0.0021710962,271387.03,0.99984986,0.99984986,True
9B,256,0.5,4,483,y,228,0.0021663297,270791.22,0.9998151,0.9998151,True
9B,256,0.5,4,484,y,229,0.0021615946,270199.3,0.6984401,-0.0005159985,False
9B,256,0.5,4,485,y,230,0.0021568905,269611.3,0.9925829,0.9925829,True
9B,256,0.5,4,486,y,231,0.0021522166,269027.06,0.9997742,0.9997742,True
9B,256,0.5,4,487,y,232,0.0021475733,268446.66,0.99978006,0.99978006,True
9B,256,0.5,4,488,y,233,0.0021429597,267869.97,0.9998436,0.9998436,True
9B,256,0.5,4,489,y,234,0.0021383762,267297.03,0.9998353,0.9998353,True
9B,256,0.5,4,490,y,235,0.0021338214,266727.66,0.7011509,0.14795479,False
9B,256,0.5,4,491,y,236,0.0021292956,266161.94,0.9924277,0.9924277,True
9B,256,0.5,4,492,y,237,0.0021247987,265599.84,0.99984175,0.99984175,True
9B,256,0.5,4,493,y,238,0.0021203302,265041.28,0.9998341,0.9998341,True
9B,256,0.5,4,494,y,239,0.0021158897,264486.22,0.9998435,0.9998435,True
9B,256,0.5,4,495,y,240,0.002111477,263934.62,0.99981225,0.99981225,True
9B,256,0.5,4,496,y,241,0.002107092,263386.5,0.99292064,0.99292064,True
9B,256,0.5,4,497,y,242,0.0021027338,262841.72,0.70293105,0.06308801,False
9B,256,0.5,4,498,y,243,0.0020984027,262300.34,0.9998454,0.9998454,True
9B,256,0.5,4,499,y,244,0.0020940984,261762.3,0.9998428,0.9998428,True
9B,256,0.5,4,500,y,245,0.0020898203,261227.55,0.9935403,0.9935403,True
9B,256,0.5,4,501,y,246,0.0020855684,260696.05,0.71123517,0.71123517,False
9B,256,0.5,4,502,y,247,0.0020813423,260167.78,0.99983424,0.99983424,True
9B,256,0.5,4,503,y,248,0.0020771418,259642.72,0.9998148,0.9998148,True
9B,256,0.5,4,504,y,249,0.0020729667,259120.83,0.9998108,0.9998108,True
9B,256,0.5,4,505,y,250,0.0020688165,258602.06,0.9998203,0.9998203,True
9B,256,0.5,4,506,y,251,0.0020646914,258086.42,0.99983275,0.99983275,True
9B,256,0.5,4,507,y,252,0.0020605905,257573.81,0.9997765,0.9997765,True
9B,256,0.5,4,508,y,253,0.0020565141,257064.27,0.99985206,0.99985206,True
9B,256,0.5,4,509,y,254,0.0020524622,256557.78,0.9998352,0.9998352,True
9B,256,0.5,4,510,y,255,0.0020484335,256054.19,0.61935556,0.0071470253,False
9B,256,0.5,4,511,y,256,0.0020444288,255553.61,0.9921675,0.9921675,True
9B,256,1.0,0,0,x,1,0.16328277,20410346.0,0.9997144,0.9997144,True
9B,256,1.0,0,1,x,2,0.08164138,10205173.0,0.99963415,0.99963415,True
9B,256,1.0,0,2,x,3,0.054427594,6803449.0,0.99845314,0.99845314,True
9B,256,1.0,0,3,x,4,0.04082069,5102586.5,0.99870026,0.9981829,True
9B,256,1.0,0,4,x,5,0.032656554,4082069.2,0.9986477,0.9986477,True
9B,256,1.0,0,5,x,6,0.027213797,3401724.5,0.99866104,0.99866104,True
9B,256,1.0,0,6,x,7,0.023326112,2915764.0,0.9987221,0.9987221,True
9B,256,1.0,0,7,x,8,0.020410346,2551293.2,0.99869263,0.99869263,True
9B,256,1.0,0,8,x,9,0.01814253,2267816.2,0.9986031,0.9986031,True
9B,256,1.0,0,9,x,10,0.016328277,2041034.6,0.9986104,0.9986104,True
9B,256,1.0,0,10,x,11,0.014843889,1855486.1,0.9985596,0.9985596,True
9B,256,1.0,0,11,x,12,0.0136068985,1700862.2,0.99855095,0.99855095,True
9B,256,1.0,0,12,x,13,0.012560214,1570026.8,0.9986485,0.9986485,True
9B,256,1.0,0,13,x,14,0.011663056,1457882.0,0.9986892,0.9986892,True
9B,256,1.0,0,14,x,15,0.010885519,1360689.9,0.9988457,0.9988457,True
9B,256,1.0,0,15,x,16,0.010205173,1275646.6,0.9984043,0.9984043,True
9B,256,1.0,0,16,x,17,0.009604869,1200608.6,0.9985801,0.9985801,True
9B,256,1.0,0,17,x,18,0.009071265,1133908.1,0.99860585,0.99860585,True
9B,256,1.0,0,18,x,19,0.00859383,1074228.8,0.9985651,0.9985651,True
9B,256,1.0,0,19,x,20,0.0081641385,1020517.3,0.998459,0.998459,True
9B,256,1.0,0,20,x,21,0.00777537,971921.25,0.9983411,0.9983411,True
9B,256,1.0,0,21,x,22,0.0074219443,927743.06,0.9985364,0.9985364,True
9B,256,1.0,0,22,x,23,0.0070992513,887406.44,0.99854046,0.99854046,True
9B,256,1.0,0,23,x,24,0.0068034492,850431.1,0.99840176,0.99840176,True
9B,256,1.0,0,24,x,25,0.0065313107,816413.8,0.99882114,0.99882114,True
9B,256,1.0,0,25,x,26,0.006280107,785013.4,0.99853694,0.99853694,True
9B,256,1.0,0,26,x,27,0.00604751,755938.75,0.9986099,0.9986099,True
9B,256,1.0,0,27,x,28,0.005831528,728941.0,0.9986054,0.9986054,True
9B,256,1.0,0,28,x,29,0.0056304405,703805.06,0.99853516,0.99853516,True
9B,256,1.0,0,29,x,30,0.0054427595,680344.94,0.9984926,0.9984926,True
9B,256,1.0,0,30,x,31,0.005267186,658398.25,0.9983367,0.9983367,True
9B,256,1.0,0,31,x,32,0.0051025865,637823.3,0.99854434,0.99854434,True
9B,256,1.0,0,32,x,33,0.0049479627,618495.3,0.99863964,0.99863964,True
9B,256,1.0,0,33,x,34,0.0048024347,600304.3,0.99821764,0.99821764,True
9B,256,1.0,0,34,x,35,0.004665222,583152.75,0.99849176,0.99849176,True
9B,256,1.0,0,35,x,36,0.0045356327,566954.06,0.9983965,0.9983965,True
9B,256,1.0,0,36,x,37,0.004413048,551631.0,0.9985688,0.9985688,True
9B,256,1.0,0,37,x,38,0.004296915,537114.4,0.9985422,0.9985422,True
9B,256,1.0,0,38,x,39,0.004186738,523342.22,0.9986861,0.9986861,True
9B,256,1.0,0,39,x,40,0.0040820693,510258.66,0.998517,0.998517,True
9B,256,1.0,0,40,x,41,0.0039825067,497813.34,0.9984937,0.9984937,True
9B,256,1.0,0,41,x,42,0.003887685,485960.62,0.9984104,0.9984104,True
9B,256,1.0,0,42,x,43,0.0037972739,474659.22,0.99850345,0.99850345,True
9B,256,1.0,0,43,x,44,0.0037109721,463871.53,0.99862236,0.99862236,True
9B,256,1.0,0,44,x,45,0.003628506,453563.25,0.99836785,0.99836785,True
9B,256,1.0,0,45,x,46,0.0035496256,443703.22,0.99860346,0.99860346,True
9B,256,1.0,0,46,x,47,0.0034741014,434262.7,0.99861383,0.99861383,True
9B,256,1.0,0,47,x,48,0.0034017246,425215.56,0.9985953,0.9985953,True
9B,256,1.0,0,48,x,49,0.0033323015,416537.7,0.9983946,0.9983946,True
9B,256,1.0,0,49,x,50,0.0032656554,408206.9,0.9983969,0.9983969,True
9B,256,1.0,0,50,x,51,0.003201623,400202.88,0.9984586,0.9984586,True
9B,256,1.0,0,51,x,52,0.0031400535,392506.7,0.99860287,0.99860287,True
9B,256,1.0,0,52,x,53,0.0030808072,385100.9,0.99853694,0.99853694,True
9B,256,1.0,0,53,x,54,0.003023755,377969.38,0.99851656,0.99851656,True
9B,256,1.0,0,54,x,55,0.0029687777,371097.22,0.9986563,0.9986563,True
9B,256,1.0,0,55,x,56,0.002915764,364470.5,0.99846184,0.99846184,True
9B,256,1.0,0,56,x,57,0.0028646102,358076.28,0.9985821,0.9985821,True
9B,256,1.0,0,57,x,58,0.0028152203,351902.53,0.99862075,0.99862075,True
9B,256,1.0,0,58,x,59,0.0027675047,345938.1,0.9983907,0.9983907,True
9B,256,1.0,0,59,x,60,0.0027213797,340172.47,0.9987066,0.9987066,True
9B,256,1.0,0,60,x,61,0.0026767666,334595.8,0.9983748,0.9983748,True
9B,256,1.0,0,61,x,62,0.002633593,329199.12,0.99865806,0.99865806,True
9B,256,1.0,0,62,x,63,0.0025917902,323973.78,0.9985679,0.9985679,True
9B,256,1.0,0,63,x,64,0.0025512932,318911.66,0.99849176,0.99849176,True
9B,256,1.0,0,64,x,65,0.0025120426,314005.34,0.99861884,0.99861884,True
9B,256,1.0,0,65,x,66,0.0024739814,309247.66,0.99854076,0.99854076,True
9B,256,1.0,0,66,x,67,0.0024370563,304632.03,0.9984647,0.9984647,True
9B,256,1.0,0,67,x,68,0.0024012174,300152.16,0.9985367,0.9985367,True
9B,256,1.0,0,68,x,69,0.002366417,295802.12,0.9984836,0.9984836,True
9B,256,1.0,0,69,x,70,0.002332611,291576.38,0.9984909,0.9984909,True
9B,256,1.0,0,70,x,71,0.0022997572,287469.66,0.99858737,0.99858737,True
9B,256,1.0,0,71,x,72,0.0022678163,283477.03,0.9984243,0.9984243,True
9B,256,1.0,0,72,x,73,0.0022367502,279593.78,0.99856234,0.99856234,True
9B,256,1.0,0,73,x,74,0.002206524,275815.5,0.9984331,0.9984331,True
9B,256,1.0,0,74,x,75,0.0021771037,272137.97,0.99841195,0.99841195,True
9B,256,1.0,0,75,x,76,0.0021484576,268557.2,0.9985491,0.9985491,True
9B,256,1.0,0,76,x,77,0.0021205554,265069.44,0.99864256,0.99864256,True
9B,256,1.0,0,77,x,78,0.002093369,261671.11,0.9987751,0.9987751,True
9B,256,1.0,0,78,x,79,0.0020668707,258358.83,0.9984254,0.9984254,True
9B,256,1.0,0,79,x,80,0.0020410346,255129.33,0.9986839,0.9986839,True
9B,256,1.0,0,80,x,81,0.0020158368,251979.6,0.9762498,0.9762498,True
9B,256,1.0,0,81,x,82,0.0019912533,248906.67,0.9741876,0.9741876,True
9B,256,1.0,0,82,x,83,0.0019672622,245907.78,0.9984865,0.9984865,True
9B,256,1.0,0,83,x,84,0.0019438425,242980.31,0.9984864,0.9984864,True
9B,256,1.0,0,84,x,85,0.0019209739,240121.73,0.9983936,0.9983936,True
9B,256,1.0,0,85,x,86,0.0018986369,237329.61,0.99854434,0.99854434,True
9B,256,1.0,0,86,x,87,0.0018768135,234601.69,0.99844074,0.99844074,True
9B,256,1.0,0,87,x,88,0.0018554861,231935.77,0.9985633,0.9985633,True
9B,256,1.0,0,88,x,89,0.001834638,229329.75,0.99862564,0.99862564,True
9B,256,1.0,0,89,x,90,0.001814253,226781.62,0.99825954,0.99825954,True
9B,256,1.0,0,90,x,91,0.0017943162,224289.53,0.9987134,0.9987134,True
9B,256,1.0,0,91,x,92,0.0017748128,221851.61,0.998601,0.998601,True
9B,256,1.0,0,92,x,93,0.0017557287,219466.1,0.99869114,0.99869114,True
9B,256,1.0,0,93,x,94,0.0017370507,217131.34,0.99856037,0.99856037,True
9B,256,1.0,0,94,x,95,0.001718766,214845.75,0.99864733,0.99864733,True
9B,256,1.0,0,95,x,96,0.0017008623,212607.78,0.99879444,0.99879444,True
9B,256,1.0,0,96,x,97,0.0016833275,210415.94,0.99436307,0.99436307,True
9B,256,1.0,0,97,x,98,0.0016661508,208268.84,0.82347715,0.82347715,False
9B,256,1.0,0,98,x,99,0.0016493209,206165.12,0.998543,0.998543,True
9B,256,1.0,0,99,x,100,0.0016328277,204103.45,0.99860114,0.99860114,True
9B,256,1.0,0,100,x,101,0.0016166611,202082.64,0.9986398,0.9986398,True
9B,256,1.0,0,101,x,102,0.0016008115,200101.44,0.9984828,0.9984828,True
9B,256,1.0,0,102,x,103,0.0015852697,198158.72,0.99858236,0.99858236,True
9B,256,1.0,0,103,x,104,0.0015700267,196253.34,0.99858165,0.99858165,True
9B,256,1.0,0,104,x,105,0.0015550741,194384.27,0.9984834,0.9984834,True
9B,256,1.0,0,105,x,106,0.0015404036,192550.45,0.99852264,0.99852264,True
9B,256,1.0,0,106,x,107,0.0015260072,190750.9,0.998762,0.998762,True
9B,256,1.0,0,107,x,108,0.0015118775,188984.69,0.9985717,0.9985717,True
9B,256,1.0,0,108,x,109,0.001498007,187250.88,0.99851745,0.99851745,True
9B,256,1.0,0,109,x,110,0.0014843888,185548.61,0.99863887,0.99863887,True
9B,256,1.0,0,110,x,111,0.001471016,183877.0,0.998546,0.998546,True
9B,256,1.0,0,111,x,112,0.001457882,182235.25,0.99821174,0.99821174,True
9B,256,1.0,0,112,x,113,0.0014449803,180622.53,0.9983841,0.9983841,True
9B,256,1.0,0,113,x,114,0.0014323051,179038.14,0.99860966,0.99860966,True
9B,256,1.0,0,114,x,115,0.0014198502,177481.27,0.9985229,0.9985229,True
9B,256,1.0,0,115,x,116,0.0014076101,175951.27,0.99868155,0.99868155,True
9B,256,1.0,0,116,x,117,0.0013955793,174447.4,0.998683,0.998683,True
9B,256,1.0,0,117,x,118,0.0013837523,172969.05,0.9984549,0.9984549,True
9B,256,1.0,0,118,x,119,0.0013721242,171515.52,0.9986495,0.9986495,True
9B,256,1.0,0,119,x,120,0.0013606899,170086.23,0.99858516,0.99858516,True
9B,256,1.0,0,120,x,121,0.0013494444,168680.55,0.99864626,0.99864626,True
9B,256,1.0,0,121,x,122,0.0013383833,167297.9,0.9985125,0.9985125,True
9B,256,1.0,0,122,x,123,0.0013275022,165937.78,0.9985075,0.9985075,True
9B,256,1.0,0,123,x,124,0.0013167965,164599.56,0.99857914,0.99857914,True
9B,256,1.0,0,124,x,125,0.0013062622,163282.78,0.9985137,0.9985137,True
9B,256,1.0,0,125,x,126,0.0012958951,161986.89,0.99846864,0.99846864,True
9B,256,1.0,0,126,x,127,0.0012856912,160711.39,0.9985291,0.9985291,True
9B,256,1.0,0,127,x,128,0.0012756466,159455.83,0.99860424,0.99860424,True
9B,256,1.0,0,128,x,129,0.001265758,158219.75,0.99862415,0.99862415,True
9B,256,1.0,0,129,x,130,0.0012560213,157002.67,0.9985997,0.9985997,True
9B,256,1.0,0,130,x,131,0.0012464334,155804.17,0.9986532,0.9986532,True
9B,256,1.0,0,131,x,132,0.0012369907,154623.83,0.9984896,0.9984896,True
9B,256,1.0,0,132,x,133,0.00122769,153461.25,0.99862653,0.99862653,True
9B,256,1.0,0,133,x,134,0.0012185281,152316.02,0.9984167,0.9984167,True
9B,256,1.0,0,134,x,135,0.001209502,151187.75,0.99847794,0.99847794,True
9B,256,1.0,0,135,x,136,0.0012006087,150076.08,0.9986263,0.9986263,True
9B,256,1.0,0,136,x,137,0.001191845,148980.62,0.9986038,0.9986038,True
9B,256,1.0,0,137,x,138,0.0011832085,147901.06,0.9986063,0.9986063,True
9B,256,1.0,0,138,x,139,0.0011746963,146837.03,0.9986447,0.9986447,True
9B,256,1.0,0,139,x,140,0.0011663055,145788.19,0.99840343,0.99840343,True
9B,256,1.0,0,140,x,141,0.0011580338,144754.23,0.99845755,0.99845755,True
9B,256,1.0,0,141,x,142,0.0011498786,143734.83,0.99873066,0.99873066,True
9B,256,1.0,0,142,x,143,0.0011418376,142729.7,0.99848104,0.99848104,True
9B,256,1.0,0,143,x,144,0.0011339082,141738.52,0.99849796,0.99849796,True
9B,256,1.0,0,144,x,145,0.0011260881,140761.02,0.99870884,0.99870884,True
9B,256,1.0,0,145,x,146,0.0011183751,139796.89,0.9986596,0.9986596,True
9B,256,1.0,0,146,x,147,0.0011107671,138845.89,0.9985249,0.9985249,True
9B,256,1.0,0,147,x,148,0.001103262,137907.75,0.9985663,0.9985663,True
9B,256,1.0,0,148,x,149,0.0010958576,136982.2,0.9987534,0.9987534,True
9B,256,1.0,0,149,x,150,0.0010885518,136068.98,0.99852854,0.99852854,True
9B,256,1.0,0,150,x,151,0.0010813428,135167.84,0.99256784,0.99256784,True
9B,256,1.0,0,151,x,152,0.0010742288,134278.6,0.75225556,0.75225556,False
9B,256,1.0,0,152,x,153,0.0010672077,133400.95,0.99860096,0.99860096,True
9B,256,1.0,0,153,x,154,0.0010602777,132534.72,0.9985447,0.9985447,True
9B,256,1.0,0,154,x,155,0.0010534372,131679.66,0.99856275,0.99856275,True
9B,256,1.0,0,155,x,156,0.0010466845,130835.555,0.998636,0.998636,True
9B,256,1.0,0,156,x,157,0.0010400177,130002.21,0.9985894,0.9985894,True
9B,256,1.0,0,157,x,158,0.0010334353,129179.414,0.9983602,0.9983602,True
9B,256,1.0,0,158,x,159,0.0010269356,128366.95,0.9922625,0.9922625,True
9B,256,1.0,0,159,x,160,0.0010205173,127564.664,0.7292118,0.7292118,False
9B,256,1.0,0,160,x,161,0.0010141787,126772.34,0.9985217,0.9985217,True
9B,256,1.0,0,161,x,162,0.0010079184,125989.8,0.9986342,0.9986342,True
9B,256,1.0,0,162,x,163,0.0010017348,125216.84,0.9985754,0.9985754,True
9B,256,1.0,0,163,x,164,0.0009956267,124453.336,0.9986495,0.9986495,True
9B,256,1.0,0,164,x,165,0.0009895925,123699.06,0.7585795,0.7585795,False
9B,256,1.0,0,165,x,166,0.0009836311,122953.89,0.98992395,0.98992395,True
9B,256,1.0,0,166,x,167,0.0009777412,122217.65,0.9983771,0.9983771,True
9B,256,1.0,0,167,x,168,0.00097192125,121490.16,0.99850214,0.99850214,True
9B,256,1.0,0,168,x,169,0.0009661703,120771.28,0.35029835,0.0017638593,False
9B,256,1.0,0,169,x,170,0.00096048694,120060.87,0.9984336,0.9984336,True
9B,256,1.0,0,170,x,171,0.00095487,119358.75,0.9985014,0.9985014,True
9B,256,1.0,0,171,x,172,0.00094931846,118664.805,0.9985648,0.9985648,True
9B,256,1.0,0,172,x,173,0.00094383105,117978.88,0.99874353,0.99874353,True
9B,256,1.0,0,173,x,174,0.00093840674,117300.84,0.99852765,0.99852765,True
9B,256,1.0,0,174,x,175,0.0009330444,116630.555,0.9983274,0.9983274,True
9B,256,1.0,0,175,x,176,0.00092774304,115967.88,0.9981934,0.9981934,True
9B,256,1.0,0,176,x,177,0.00092250155,115312.695,0.9987105,0.9987105,True
9B,256,1.0,0,177,x,178,0.000917319,114664.875,0.9984172,0.9984172,True
9B,256,1.0,0,178,x,179,0.00091219426,114024.28,0.99853843,0.99853843,True
9B,256,1.0,0,179,x,180,0.0009071265,113390.81,0.99842536,0.99842536,True
9B,256,1.0,0,180,x,181,0.0009021148,112764.35,0.9985766,0.9985766,True
9B,256,1.0,0,181,x,182,0.0008971581,112144.766,0.99862885,0.99862885,True
9B,256,1.0,0,182,x,183,0.0008922556,111531.945,0.99864554,0.99864554,True
9B,256,1.0,0,183,x,184,0.0008874064,110925.805,0.9987117,0.9987117,True
9B,256,1.0,0,184,x,185,0.0008826096,110326.195,0.9938965,0.9938965,True
9B,256,1.0,0,185,x,186,0.00087786437,109733.05,0.6586956,0.00069481134,False
9B,256,1.0,0,186,x,187,0.0008731699,109146.24,0.6840739,0.0006505996,False
9B,256,1.0,0,187,x,188,0.00086852536,108565.67,0.99186957,0.99186957,True
9B,256,1.0,0,188,x,189,0.00086393,107991.25,0.99857306,0.99857306,True
9B,256,1.0,0,189,x,190,0.000859383,107422.875,0.99879396,0.99879396,True
9B,256,1.0,0,190,x,191,0.00085488363,106860.45,0.9982734,0.9982734,True
9B,256,1.0,0,191,x,192,0.00085043116,106303.89,0.9986274,0.9986274,True
9B,256,1.0,0,192,x,193,0.0008460247,105753.09,0.99840355,0.99840355,True
9B,256,1.0,0,193,x,194,0.00084166374,105207.97,0.99843436,0.99843436,True
9B,256,1.0,0,194,x,195,0.0008373476,104668.445,0.744757,0.744757,False
9B,256,1.0,0,195,x,196,0.0008330754,104134.42,0.99037355,0.99037355,True
9B,256,1.0,0,196,x,197,0.00082884653,103605.82,0.9939448,0.9939448,True
9B,256,1.0,0,197,x,198,0.00082466047,103082.56,0.6998098,0.0014094114,False
9B,256,1.0,0,198,x,199,0.00082051643,102564.555,0.9984924,0.9984924,True
9B,256,1.0,0,199,x,200,0.00081641384,102051.73,0.99860394,0.99860394,True
9B,256,1.0,0,200,x,201,0.00081235205,101544.01,0.9986998,0.9986998,True
9B,256,1.0,0,201,x,202,0.00080833054,101041.32,0.99844754,0.99844754,True
9B,256,1.0,0,202,x,203,0.0008043486,100543.58,0.9985193,0.9985193,True
9B,256,1.0,0,203,x,204,0.00080040575,100050.72,0.22354496,0.00340176,False
9B,256,1.0,0,204,x,205,0.00079650135,99562.67,0.998677,0.998677,True
9B,256,1.0,0,205,x,206,0.00079263485,99079.36,0.9985138,0.9985138,True
9B,256,1.0,0,206,x,207,0.00078880566,98600.71,0.9934324,0.9934324,True
9B,256,1.0,0,207,x,208,0.00078501337,98126.67,0.7173354,0.7173354,False
9B,256,1.0,0,208,x,209,0.00078125723,97657.16,0.7139354,0.7139354,False
9B,256,1.0,0,209,x,210,0.00077753706,97192.13,0.99445355,0.99445355,True
9B,256,1.0,0,210,x,211,0.00077385205,96731.51,0.99843353,0.99843353,True
9B,256,1.0,0,211,x,212,0.0007702018,96275.23,0.9986074,0.9986074,True
9B,256,1.0,0,212,x,213,0.0007665858,95823.23,0.950891,0.950891,True
9B,256,1.0,0,213,x,214,0.0007630036,95375.45,0.95627445,0.95627445,True
9B,256,1.0,0,214,x,215,0.00075945474,94931.84,0.6513896,0.00042519718,False
9B,256,1.0,0,215,x,216,0.00075593876,94492.34,0.9914991,0.9914991,True
9B,256,1.0,0,216,x,217,0.00075245515,94056.89,0.99868065,0.99868065,True
9B,256,1.0,0,217,x,218,0.0007490035,93625.44,0.99665415,0.99665415,True
9B,256,1.0,0,218,x,219,0.0007455834,93197.92,0.9985387,0.9985387,True
9B,256,1.0,0,219,x,220,0.0007421944,92774.305,0.023669213,0.008157598,False
9B,256,1.0,0,220,x,221,0.0007388361,92354.516,0.9986839,0.9986839,True
9B,256,1.0,0,221,x,222,0.000735508,91938.5,0.9985621,0.9985621,True
9B,256,1.0,0,222,x,223,0.00073220977,91526.22,0.9985423,0.9985423,True
9B,256,1.0,0,223,x,224,0.000728941,91117.625,0.9985013,0.9985013,True
9B,256,1.0,0,224,x,225,0.0007257012,90712.65,0.43003604,0.02945634,False
9B,256,1.0,0,225,x,226,0.00072249013,90311.266,0.9883295,0.9883295,True
9B,256,1.0,0,226,x,227,0.00071930734,89913.414,0.99862874,0.99862874,True
9B,256,1.0,0,227,x,228,0.00071615254,89519.07,0.99867547,0.99867547,True
9B,256,1.0,0,228,x,229,0.0007130252,89128.16,0.9297221,0.9297221,True
9B,256,1.0,0,229,x,230,0.0007099251,88740.63,0.92883015,0.92883015,True
9B,256,1.0,0,230,x,231,0.00070685183,88356.48,0.98749626,0.98749626,True
9B,256,1.0,0,231,x,232,0.00070380507,87975.63,0.50646794,0.0024556331,False
9B,256,1.0,0,232,x,233,0.00070078444,87598.055,0.024116745,0.0148872305,False
9B,256,1.0,0,233,x,234,0.00069778966,87223.7,0.9983007,0.9983007,True
9B,256,1.0,0,234,x,235,0.0006948203,86852.54,0.99432707,0.99432707,True
9B,256,1.0,0,235,x,236,0.00069187616,86484.52,0.71565586,0.71565586,False
9B,256,1.0,0,236,x,237,0.0006889568,86119.6,0.9984776,0.9984776,True
9B,256,1.0,0,237,x,238,0.0006860621,85757.76,0.9986024,0.9986024,True
9B,256,1.0,0,238,x,239,0.0006831915,85398.94,0.9984969,0.9984969,True
9B,256,1.0,0,239,x,240,0.00068034494,85043.12,0.99857473,0.99857473,True
9B,256,1.0,0,240,x,241,0.0006775219,84690.24,0.55604684,0.0014641844,False
9B,256,1.0,0,241,x,242,0.0006747222,84340.27,0.9906617,0.9906617,True
9B,256,1.0,0,242,x,243,0.00067194557,83993.195,0.9891804,0.9891804,True
9B,256,1.0,0,243,x,244,0.00066919165,83648.95,0.46047896,0.004078348,False
9B,256,1.0,0,244,x,245,0.00066646026,83307.53,0.9905229,0.9905229,True
9B,256,1.0,0,245,x,246,0.0006637511,82968.89,0.6671228,0.00037299283,False
9B,256,1.0,0,246,x,247,0.0006610639,82632.984,0.9984903,0.9984903,True
9B,256,1.0,0,247,x,248,0.00065839826,82299.78,0.0781437,0.0056682853,False
9B,256,1.0,0,248,x,249,0.00065575406,81969.26,0.93619317,0.93619317,True
9B,256,1.0,0,249,x,250,0.0006531311,81641.39,0.9390715,0.9390715,True
9B,256,1.0,0,250,x,251,0.000650529,81316.125,0.9986062,0.9986062,True
9B,256,1.0,0,251,x,252,0.00064794754,80993.445,0.99857086,0.99857086,True
9B,256,1.0,0,252,x,253,0.00064538646,80673.305,0.017926145,0.004809037,False
9B,256,1.0,0,253,x,254,0.0006428456,80355.695,0.99845976,0.99845976,True
9B,256,1.0,0,254,x,255,0.0006403246,80040.58,0.044368476,0.0039241426,False
9B,256,1.0,0,255,x,256,0.0006378233,79727.914,0.99856186,0.99856186,True
9B,256,1.0,0,256,y,1,0.16328277,20410346.0,0.9997009,0.9997009,True
9B,256,1.0,0,257,y,2,0.08164138,10205173.0,0.99969715,0.99969715,True
9B,256,1.0,0,258,y,3,0.054427594,6803449.0,0.99872553,0.99872553,True
9B,256,1.0,0,259,y,4,0.04082069,5102586.5,0.99885976,0.99885976,True
9B,256,1.0,0,260,y,5,0.032656554,4082069.2,0.9987029,0.9987029,True
9B,256,1.0,0,261,y,6,0.027213797,3401724.5,0.99878514,0.99878514,True
9B,256,1.0,0,262,y,7,0.023326112,2915764.0,0.9988165,0.9988165,True
9B,256,1.0,0,263,y,8,0.020410346,2551293.2,0.99867964,0.99867964,True
9B,256,1.0,0,264,y,9,0.01814253,2267816.2,0.9988935,0.9988935,True
9B,256,1.0,0,265,y,10,0.016328277,2041034.6,0.9986787,0.9986787,True
9B,256,1.0,0,266,y,11,0.014843889,1855486.1,0.99870515,0.99870515,True
9B,256,1.0,0,267,y,12,0.0136068985,1700862.2,0.99874663,0.99874663,True
9B,256,1.0,0,268,y,13,0.012560214,1570026.8,0.9985963,0.9985963,True
9B,256,1.0,0,269,y,14,0.011663056,1457882.0,0.9987849,0.9987849,True
9B,256,1.0,0,270,y,15,0.010885519,1360689.9,0.99871385,0.99871385,True
9B,256,1.0,0,271,y,16,0.010205173,1275646.6,0.9985849,0.9985849,True
9B,256,1.0,0,272,y,17,0.009604869,1200608.6,0.998697,0.998697,True
9B,256,1.0,0,273,y,18,0.009071265,1133908.1,0.99886584,0.9985782,True
9B,256,1.0,0,274,y,19,0.00859383,1074228.8,0.9987762,0.9987762,True
9B,256,1.0,0,275,y,20,0.0081641385,1020517.3,0.99872637,0.99872637,True
9B,256,1.0,0,276,y,21,0.00777537,971921.25,0.99862045,0.99862045,True
9B,256,1.0,0,277,y,22,0.0074219443,927743.06,0.99866605,0.99866605,True
9B,256,1.0,0,278,y,23,0.0070992513,887406.44,0.99860775,0.99860775,True
9B,256,1.0,0,279,y,24,0.0068034492,850431.1,0.99865305,0.99865305,True
9B,256,1.0,0,280,y,25,0.0065313107,816413.8,0.9987602,0.9987602,True
9B,256,1.0,0,281,y,26,0.006280107,785013.4,0.99862087,0.99862087,True
9B,256,1.0,0,282,y,27,0.00604751,755938.75,0.99860173,0.99860173,True
9B,256,1.0,0,283,y,28,0.005831528,728941.0,0.9985687,0.9985687,True
9B,256,1.0,0,284,y,29,0.0056304405,703805.06,0.99857676,0.99857676,True
9B,256,1.0,0,285,y,30,0.0054427595,680344.94,0.9986359,0.9986359,True
9B,256,1.0,0,286,y,31,0.005267186,658398.25,0.99860334,0.99860334,True
9B,256,1.0,0,287,y,32,0.0051025865,637823.3,0.9986681,0.9986681,True
9B,256,1.0,0,288,y,33,0.0049479627,618495.3,0.9985409,0.9985409,True
9B,256,1.0,0,289,y,34,0.0048024347,600304.3,0.998587,0.998587,True
9B,256,1.0,0,290,y,35,0.004665222,583152.75,0.99861026,0.99861026,True
9B,256,1.0,0,291,y,36,0.0045356327,566954.06,0.99861777,0.99861777,True
9B,256,1.0,0,292,y,37,0.004413048,551631.0,0.9988134,0.9988134,True
9B,256,1.0,0,293,y,38,0.004296915,537114.4,0.9986458,0.9986458,True
9B,256,1.0,0,294,y,39,0.004186738,523342.22,0.9985817,0.9985817,True
9B,256,1.0,0,295,y,40,0.0040820693,510258.66,0.99865615,0.99865615,True
9B,256,1.0,0,296,y,41,0.0039825067,497813.34,0.99872875,0.99872875,True
9B,256,1.0,0,297,y,42,0.003887685,485960.62,0.99848825,0.99848825,True
9B,256,1.0,0,298,y,43,0.0037972739,474659.22,0.9989357,0.9989357,True
9B,256,1.0,0,299,y,44,0.0037109721,463871.53,0.99872655,0.99872655,True
9B,256,1.0,0,300,y,45,0.003628506,453563.25,0.99863315,0.99863315,True
9B,256,1.0,0,301,y,46,0.0035496256,443703.22,0.998659,0.998659,True
9B,256,1.0,0,302,y,47,0.0034741014,434262.7,0.9985514,0.9985514,True
9B,256,1.0,0,303,y,48,0.0034017246,425215.56,0.99860436,0.99860436,True
9B,256,1.0,0,304,y,49,0.0033323015,416537.7,0.9986104,0.9986104,True
9B,256,1.0,0,305,y,50,0.0032656554,408206.9,0.9985312,0.9985312,True
9B,256,1.0,0,306,y,51,0.003201623,400202.88,0.99870443,0.99870443,True
9B,256,1.0,0,307,y,52,0.0031400535,392506.7,0.9986302,0.9986302,True
9B,256,1.0,0,308,y,53,0.0030808072,385100.9,0.9026357,0.9026357,True
9B,256,1.0,0,309,y,54,0.003023755,377969.38,0.99652314,0.99652314,True
9B,256,1.0,0,310,y,55,0.0029687777,371097.22,0.99863744,0.99863744,True
9B,256,1.0,0,311,y,56,0.002915764,364470.5,0.9986341,0.9986341,True
9B,256,1.0,0,312,y,57,0.0028646102,358076.28,0.99857235,0.99857235,True
9B,256,1.0,0,313,y,58,0.0028152203,351902.53,0.9987498,0.9987498,True
9B,256,1.0,0,314,y,59,0.0027675047,345938.1,0.9986446,0.9986446,True
9B,256,1.0,0,315,y,60,0.0027213797,340172.47,0.9988739,0.9984193,True
9B,256,1.0,0,316,y,61,0.0026767666,334595.8,0.99857885,0.99857885,True
9B,256,1.0,0,317,y,62,0.002633593,329199.12,0.9985752,0.9985752,True
9B,256,1.0,0,318,y,63,0.0025917902,323973.78,0.9988228,0.9988228,True
9B,256,1.0,0,319,y,64,0.0025512932,318911.66,0.9986533,0.9986533,True
9B,256,1.0,0,320,y,65,0.0025120426,314005.34,0.9987289,0.9987289,True
9B,256,1.0,0,321,y,66,0.0024739814,309247.66,0.9986371,0.9986371,True
9B,256,1.0,0,322,y,67,0.0024370563,304632.03,0.9987074,0.9987074,True
9B,256,1.0,0,323,y,68,0.0024012174,300152.16,0.9987011,0.9987011,True
9B,256,1.0,0,324,y,69,0.002366417,295802.12,0.8875374,0.8875374,False
9B,256,1.0,0,325,y,70,0.002332611,291576.38,0.99475116,0.99475116,True
9B,256,1.0,0,326,y,71,0.0022997572,287469.66,0.99868083,0.99868083,True
9B,256,1.0,0,327,y,72,0.0022678163,283477.03,0.99855316,0.99855316,True
9B,256,1.0,0,328,y,73,0.0022367502,279593.78,0.99878395,0.99878395,True
9B,256,1.0,0,329,y,74,0.002206524,275815.5,0.9985609,0.9985609,True
9B,256,1.0,0,330,y,75,0.0021771037,272137.97,0.9987699,0.9987699,True
9B,256,1.0,0,331,y,76,0.0021484576,268557.2,0.9987347,0.9987347,True
9B,256,1.0,0,332,y,77,0.0021205554,265069.44,0.9961922,0.9961922,True
9B,256,1.0,0,333,y,78,0.002093369,261671.11,0.8620844,0.8620844,False
9B,256,1.0,0,334,y,79,0.0020668707,258358.83,0.9985194,0.9985194,True
9B,256,1.0,0,335,y,80,0.0020410346,255129.33,0.99860334,0.99860334,True
9B,256,1.0,0,336,y,81,0.0020158368,251979.6,0.998685,0.998685,True
9B,256,1.0,0,337,y,82,0.0019912533,248906.67,0.99861574,0.99861574,True
9B,256,1.0,0,338,y,83,0.0019672622,245907.78,0.9985844,0.9985844,True
9B,256,1.0,0,339,y,84,0.0019438425,242980.31,0.99863034,0.99863034,True
9B,256,1.0,0,340,y,85,0.0019209739,240121.73,0.99860215,0.99860215,True
9B,256,1.0,0,341,y,86,0.0018986369,237329.61,0.9986651,0.9986651,True
9B,256,1.0,0,342,y,87,0.0018768135,234601.69,0.99859977,0.99859977,True
9B,256,1.0,0,343,y,88,0.0018554861,231935.77,0.99849653,0.99849653,True
9B,256,1.0,0,344,y,89,0.001834638,229329.75,0.9986446,0.9986446,True
9B,256,1.0,0,345,y,90,0.001814253,226781.62,0.9986999,0.9986999,True
9B,256,1.0,0,346,y,91,0.0017943162,224289.53,0.9986149,0.9986149,True
9B,256,1.0,0,347,y,92,0.0017748128,221851.61,0.99863106,0.99863106,True
9B,256,1.0,0,348,y,93,0.0017557287,219466.1,0.9987407,0.9987407,True
9B,256,1.0,0,349,y,94,0.0017370507,217131.34,0.9986944,0.9986944,True
9B,256,1.0,0,350,y,95,0.001718766,214845.75,0.9987204,0.9987204,True
9B,256,1.0,0,351,y,96,0.0017008623,212607.78,0.9985799,0.9985799,True
9B,256,1.0,0,352,y,97,0.0016833275,210415.94,0.9984784,0.9984784,True
9B,256,1.0,0,353,y,98,0.0016661508,208268.84,0.99874055,0.99874055,True
9B,256,1.0,0,354,y,99,0.0016493209,206165.12,0.9990906,0.9990906,True
9B,256,1.0,0,355,y,100,0.0016328277,204103.45,0.9988477,0.9988477,True
9B,256,1.0,0,356,y,101,0.0016166611,202082.64,0.99870014,0.99870014,True
9B,256,1.0,0,357,y,102,0.0016008115,200101.44,0.9985739,0.9985739,True
9B,256,1.0,0,358,y,103,0.0015852697,198158.72,0.99867404,0.99867404,True
9B,256,1.0,0,359,y,104,0.0015700267,196253.34,0.99871033,0.99871033,True
9B,256,1.0,0,360,y,105,0.0015550741,194384.27,0.99612767,0.99612767,True
9B,256,1.0,0,361,y,106,0.0015404036,192550.45,0.8310551,0.8310551,False
9B,256,1.0,0,362,y,107,0.0015260072,190750.9,0.9986528,0.9986528,True
9B,256,1.0,0,363,y,108,0.0015118775,188984.69,0.9986848,0.9986848,True
9B,256,1.0,0,364,y,109,0.001498007,187250.88,0.998739,0.998739,True
9B,256,1.0,0,365,y,110,0.0014843888,185548.61,0.9984396,0.9984396,True
9B,256,1.0,0,366,y,111,0.001471016,183877.0,0.9984989,0.9984989,True
9B,256,1.0,0,367,y,112,0.001457882,182235.25,0.9986403,0.9986403,True
9B,256,1.0,0,368,y,113,0.0014449803,180622.53,0.9987507,0.9987507,True
9B,256,1.0,0,369,y,114,0.0014323051,179038.14,0.9985919,0.9985919,True
9B,256,1.0,0,370,y,115,0.0014198502,177481.27,0.99856967,0.99856967,True
9B,256,1.0,0,371,y,116,0.0014076101,175951.27,0.99849534,0.99849534,True
9B,256,1.0,0,372,y,117,0.0013955793,174447.4,0.9984151,0.9984151,True
9B,256,1.0,0,373,y,118,0.0013837523,172969.05,0.99862194,0.99862194,True
9B,256,1.0,0,374,y,119,0.0013721242,171515.52,0.9985344,0.9985344,True
9B,256,1.0,0,375,y,120,0.0013606899,170086.23,0.99854875,0.99854875,True
9B,256,1.0,0,376,y,121,0.0013494444,168680.55,0.9983281,0.9983281,True
9B,256,1.0,0,377,y,122,0.0013383833,167297.9,0.99856365,0.99856365,True
9B,256,1.0,0,378,y,123,0.0013275022,165937.78,0.9987332,0.9987332,True
9B,256,1.0,0,379,y,124,0.0013167965,164599.56,0.99869454,0.99869454,True
9B,256,1.0,0,380,y,125,0.0013062622,163282.78,0.99872303,0.99872303,True
9B,256,1.0,0,381,y,126,0.0012958951,161986.89,0.9985759,0.9985759,True
9B,256,1.0,0,382,y,127,0.0012856912,160711.39,0.9986634,0.9986634,True
9B,256,1.0,0,383,y,128,0.0012756466,159455.83,0.99856055,0.99856055,True
9B,256,1.0,0,384,y,129,0.001265758,158219.75,0.9986235,0.9986235,True
9B,256,1.0,0,385,y,130,0.0012560213,157002.67,0.998678,0.998678,True
9B,256,1.0,0,386,y,131,0.0012464334,155804.17,0.9986636,0.9986636,True
9B,256,1.0,0,387,y,132,0.0012369907,154623.83,0.99859655,0.99859655,True
9B,256,1.0,0,388,y,133,0.00122769,153461.25,0.99865425,0.99865425,True
9B,256,1.0,0,389,y,134,0.0012185281,152316.02,0.9986311,0.9986311,True
9B,256,1.0,0,390,y,135,0.001209502,151187.75,0.9986326,0.9986326,True
9B,256,1.0,0,391,y,136,0.0012006087,150076.08,0.9984928,0.9984928,True
9B,256,1.0,0,392,y,137,0.001191845,148980.62,0.9982634,0.9982634,True
9B,256,1.0,0,393,y,138,0.0011832085,147901.06,0.37033886,0.0032331848,False
9B,256,1.0,0,394,y,139,0.0011746963,146837.03,0.99839234,0.99839234,True
9B,256,1.0,0,395,y,140,0.0011663055,145788.19,0.9985712,0.9985712,True
9B,256,1.0,0,396,y,141,0.0011580338,144754.23,0.99872434,0.99872434,True
9B,256,1.0,0,397,y,142,0.0011498786,143734.83,0.9986224,0.9986224,True
9B,256,1.0,0,398,y,143,0.0011418376,142729.7,0.99854755,0.99854755,True
9B,256,1.0,0,399,y,144,0.0011339082,141738.52,0.9986067,0.9986067,True
9B,256,1.0,0,400,y,145,0.0011260881,140761.02,0.99864936,0.99864936,True
9B,256,1.0,0,401,y,146,0.0011183751,139796.89,0.9985057,0.9985057,True
9B,256,1.0,0,402,y,147,0.0011107671,138845.89,0.9987558,0.9987558,True
9B,256,1.0,0,403,y,148,0.001103262,137907.75,0.9986918,0.9986918,True
9B,256,1.0,0,404,y,149,0.0010958576,136982.2,0.9986228,0.9986228,True
9B,256,1.0,0,405,y,150,0.0010885518,136068.98,0.99864554,0.99864554,True
9B,256,1.0,0,406,y,151,0.0010813428,135167.84,0.9987545,0.9987545,True
9B,256,1.0,0,407,y,152,0.0010742288,134278.6,0.99858266,0.99858266,True
9B,256,1.0,0,408,y,153,0.0010672077,133400.95,0.9986203,0.9986203,True
9B,256,1.0,0,409,y,154,0.0010602777,132534.72,0.99864745,0.99864745,True
9B,256,1.0,0,410,y,155,0.0010534372,131679.66,0.99836814,0.99836814,True
9B,256,1.0,0,411,y,156,0.0010466845,130835.555,0.997667,0.997667,True
9B,256,1.0,0,412,y,157,0.0010400177,130002.21,0.9987876,0.9987876,True
9B,256,1.0,0,413,y,158,0.0010334353,129179.414,0.998425,0.998425,True
9B,256,1.0,0,414,y,159,0.0010269356,128366.95,0.99858284,0.99858284,True
9B,256,1.0,0,415,y,160,0.0010205173,127564.664,0.9985446,0.9985446,True
9B,256,1.0,0,416,y,161,0.0010141787,126772.34,0.99862504,0.99862504,True
9B,256,1.0,0,417,y,162,0.0010079184,125989.8,0.9983746,0.9983746,True
9B,256,1.0,0,418,y,163,0.0010017348,125216.84,0.99870336,0.99870336,True
9B,256,1.0,0,419,y,164,0.0009956267,124453.336,0.99863756,0.99863756,True
9B,256,1.0,0,420,y,165,0.0009895925,123699.06,0.99883115,0.99883115,True
9B,256,1.0,0,421,y,166,0.0009836311,122953.89,0.99860966,0.99860966,True
9B,256,1.0,0,422,y,167,0.0009777412,122217.65,0.9985377,0.9985377,True
9B,256,1.0,0,423,y,168,0.00097192125,121490.16,0.9985285,0.9985285,True
9B,256,1.0,0,424,y,169,0.0009661703,120771.28,0.998592,0.998592,True
9B,256,1.0,0,425,y,170,0.00096048694,120060.87,0.9986409,0.9986409,True
9B,256,1.0,0,426,y,171,0.00095487,119358.75,0.9986494,0.9986494,True
9B,256,1.0,0,427,y,172,0.00094931846,118664.805,0.9985577,0.9985577,True
9B,256,1.0,0,428,y,173,0.00094383105,117978.88,0.99871576,0.99871576,True
9B,256,1.0,0,429,y,174,0.00093840674,117300.84,0.9987402,0.9987402,True
9B,256,1.0,0,430,y,175,0.0009330444,116630.555,0.99202657,0.99202657,True
9B,256,1.0,0,431,y,176,0.00092774304,115967.88,0.7164131,0.7164131,False
9B,256,1.0,0,432,y,177,0.00092250155,115312.695,0.99276274,0.99276274,True
9B,256,1.0,0,433,y,178,0.000917319,114664.875,0.6974995,0.0006765425,False
9B,256,1.0,0,434,y,179,0.00091219426,114024.28,0.99862856,0.99862856,True
9B,256,1.0,0,435,y,180,0.0009071265,113390.81,0.9986396,0.9986396,True
9B,256,1.0,0,436,y,181,0.0009021148,112764.35,0.9985962,0.9985962,True
9B,256,1.0,0,437,y,182,0.0008971581,112144.766,0.99867475,0.99867475,True
9B,256,1.0,0,438,y,183,0.0008922556,111531.945,0.9986472,0.9986472,True
9B,256,1.0,0,439,y,184,0.0008874064,110925.805,0.9986687,0.9986687,True
9B,256,1.0,0,440,y,185,0.0008826096,110326.195,0.99849457,0.99849457,True
9B,256,1.0,0,441,y,186,0.00087786437,109733.05,0.9985845,0.9985845,True
9B,256,1.0,0,442,y,187,0.0008731699,109146.24,0.7143022,0.7143022,False
9B,256,1.0,0,443,y,188,0.00086852536,108565.67,0.9941753,0.9941753,True
9B,256,1.0,0,444,y,189,0.00086393,107991.25,0.99852204,0.99852204,True
9B,256,1.0,0,445,y,190,0.000859383,107422.875,0.998796,0.998796,True
9B,256,1.0,0,446,y,191,0.00085488363,106860.45,0.99096304,0.99096304,True
9B,256,1.0,0,447,y,192,0.00085043116,106303.89,0.7104854,0.7104854,False
9B,256,1.0,0,448,y,193,0.0008460247,105753.09,0.9984839,0.9984839,True
9B,256,1.0,0,449,y,194,0.00084166374,105207.97,0.998535,0.998535,True
9B,256,1.0,0,450,y,195,0.0008373476,104668.445,0.9985527,0.9985527,True
9B,256,1.0,0,451,y,196,0.0008330754,104134.42,0.9986315,0.9986315,True
9B,256,1.0,0,452,y,197,0.00082884653,103605.82,0.9985857,0.9985857,True
9B,256,1.0,0,453,y,198,0.00082466047,103082.56,0.9987469,0.9987469,True
9B,256,1.0,0,454,y,199,0.00082051643,102564.555,0.998101,0.998101,True
9B,256,1.0,0,455,y,200,0.00081641384,102051.73,0.9985659,0.9985659,True
9B,256,1.0,0,456,y,201,0.00081235205,101544.01,0.9985708,0.9985708,True
9B,256,1.0,0,457,y,202,0.00080833054,101041.32,0.998536,0.998536,True
9B,256,1.0,0,458,y,203,0.0008043486,100543.58,0.9985056,0.9985056,True
9B,256,1.0,0,459,y,204,0.00080040575,100050.72,0.99864686,0.99864686,True
9B,256,1.0,0,460,y,205,0.00079650135,99562.67,0.99285316,0.99285316,True
9B,256,1.0,0,461,y,206,0.00079263485,99079.36,0.70017505,0.0010686526,False
9B,256,1.0,0,462,y,207,0.00078880566,98600.71,0.9986148,0.9986148,True
9B,256,1.0,0,463,y,208,0.00078501337,98126.67,0.99875706,0.99875706,True
9B,256,1.0,0,464,y,209,0.00078125723,97657.16,0.9987744,0.9987744,True
9B,256,1.0,0,465,y,210,0.00077753706,97192.13,0.9985831,0.9985831,True
9B,256,1.0,0,466,y,211,0.00077385205,96731.51,0.99860656,0.99860656,True
9B,256,1.0,0,467,y,212,0.0007702018,96275.23,0.9984927,0.9984927,True
9B,256,1.0,0,468,y,213,0.0007665858,95823.23,0.9984151,0.9984151,True
9B,256,1.0,0,469,y,214,0.0007630036,95375.45,0.9985651,0.9985651,True
9B,256,1.0,0,470,y,215,0.00075945474,94931.84,0.7035756,0.00015613344,False
9B,256,1.0,0,471,y,216,0.00075593876,94492.34,0.9920057,0.9920057,True
9B,256,1.0,0,472,y,217,0.00075245515,94056.89,0.9986476,0.9986476,True
9B,256,1.0,0,473,y,218,0.0007490035,93625.44,0.9984312,0.9984312,True
9B,256,1.0,0,474,y,219,0.0007455834,93197.92,0.6966952,0.008039801,False
9B,256,1.0,0,475,y,220,0.0007421944,92774.305,0.99203134,0.99203134,True
9B,256,1.0,0,476,y,221,0.0007388361,92354.516,0.5673075,0.0032225992,False
9B,256,1.0,0,477,y,222,0.000735508,91938.5,0.99095666,0.99095666,True
9B,256,1.0,0,478,y,223,0.00073220977,91526.22,0.99849457,0.99849457,True
9B,256,1.0,0,479,y,224,0.000728941,91117.625,0.9986268,0.9986268,True
9B,256,1.0,0,480,y,225,0.0007257012,90712.65,0.9984883,0.9984883,True
9B,256,1.0,0,481,y,226,0.00072249013,90311.266,0.9986762,0.9986762,True
9B,256,1.0,0,482,y,227,0.00071930734,89913.414,0.9985914,0.9985914,True
9B,256,1.0,0,483,y,228,0.00071615254,89519.07,0.021240262,0.006308805,False
9B,256,1.0,0,484,y,229,0.0007130252,89128.16,0.9984913,0.9984913,True
9B,256,1.0,0,485,y,230,0.0007099251,88740.63,0.9984232,0.9984232,True
9B,256,1.0,0,486,y,231,0.00070685183,88356.48,0.9986466,0.9986466,True
9B,256,1.0,0,487,y,232,0.00070380507,87975.63,0.99811107,0.99811107,True
9B,256,1.0,0,488,y,233,0.00070078444,87598.055,0.99846536,0.99846536,True
9B,256,1.0,0,489,y,234,0.00069778966,87223.7,0.9985048,0.9985048,True
9B,256,1.0,0,490,y,235,0.0006948203,86852.54,0.99839556,0.99839556,True
9B,256,1.0,0,491,y,236,0.00069187616,86484.52,0.2534773,0.2534773,False
9B,256,1.0,0,492,y,237,0.0006889568,86119.6,0.025813825,0.0021569128,False
9B,256,1.0,0,493,y,238,0.0006860621,85757.76,0.30939555,0.00050863996,False
9B,256,1.0,0,494,y,239,0.0006831915,85398.94,0.9986213,0.9986213,True
9B,256,1.0,0,495,y,240,0.00068034494,85043.12,0.99860024,0.99860024,True
9B,256,1.0,0,496,y,241,0.0006775219,84690.24,0.99850094,0.99850094,True
9B,256,1.0,0,497,y,242,0.0006747222,84340.27,0.9985618,0.9985618,True
9B,256,1.0,0,498,y,243,0.00067194557,83993.195,0.017720671,0.0019616215,False
9B,256,1.0,0,499,y,244,0.00066919165,83648.95,0.027200844,0.0069717057,False
9B,256,1.0,0,500,y,245,0.00066646026,83307.53,0.9984915,0.9984915,True
9B,256,1.0,0,501,y,246,0.0006637511,82968.89,0.9986699,0.9986699,True
9B,256,1.0,0,502,y,247,0.0006610639,82632.984,0.9922246,0.9922246,True
9B,256,1.0,0,503,y,248,0.00065839826,82299.78,0.69842494,0.07106127,False
9B,256,1.0,0,504,y,249,0.00065575406,81969.26,0.9985818,0.9985818,True
9B,256,1.0,0,505,y,250,0.0006531311,81641.39,0.9987101,0.9987101,True
9B,256,1.0,0,506,y,251,0.000650529,81316.125,0.9986645,0.9986645,True
9B,256,1.0,0,507,y,252,0.00064794754,80993.445,0.9986348,0.9986348,True
9B,256,1.0,0,508,y,253,0.00064538646,80673.305,0.9985983,0.9985983,True
9B,256,1.0,0,509,y,254,0.0006428456,80355.695,0.9986481,0.9986481,True
9B,256,1.0,0,510,y,255,0.0006403246,80040.58,0.9985399,0.9985399,True
9B,256,1.0,0,511,y,256,0.0006378233,79727.914,0.021603279,0.009952731,False
9B,256,1.0,1,0,x,1,0.16328277,20410346.0,0.99956036,0.99956036,True
9B,256,1.0,1,1,x,2,0.08164138,10205173.0,0.9996235,0.9996235,True
9B,256,1.0,1,2,x,3,0.054427594,6803449.0,0.99854136,0.99853766,True
9B,256,1.0,1,3,x,4,0.04082069,5102586.5,0.9984779,0.9984779,True
9B,256,1.0,1,4,x,5,0.032656554,4082069.2,0.99854124,0.99854124,True
9B,256,1.0,1,5,x,6,0.027213797,3401724.5,0.998857,0.998857,True
9B,256,1.0,1,6,x,7,0.023326112,2915764.0,0.9987396,0.9987396,True
9B,256,1.0,1,7,x,8,0.020410346,2551293.2,0.9987574,0.9987574,True
9B,256,1.0,1,8,x,9,0.01814253,2267816.2,0.99870884,0.99870884,True
9B,256,1.0,1,9,x,10,0.016328277,2041034.6,0.99844277,0.99844277,True
9B,256,1.0,1,10,x,11,0.014843889,1855486.1,0.9988469,0.9988469,True
9B,256,1.0,1,11,x,12,0.0136068985,1700862.2,0.9988138,0.9988138,True
9B,256,1.0,1,12,x,13,0.012560214,1570026.8,0.99856555,0.99856555,True
9B,256,1.0,1,13,x,14,0.011663056,1457882.0,0.9986367,0.9986367,True
9B,256,1.0,1,14,x,15,0.010885519,1360689.9,0.9985632,0.9985632,True
9B,256,1.0,1,15,x,16,0.010205173,1275646.6,0.9983765,0.9983765,True
9B,256,1.0,1,16,x,17,0.009604869,1200608.6,0.9984538,0.9984538,True
9B,256,1.0,1,17,x,18,0.009071265,1133908.1,0.9984343,0.9984343,True
9B,256,1.0,1,18,x,19,0.00859383,1074228.8,0.9984984,0.9984984,True
9B,256,1.0,1,19,x,20,0.0081641385,1020517.3,0.99837995,0.99837995,True
9B,256,1.0,1,20,x,21,0.00777537,971921.25,0.99854165,0.99854165,True
9B,256,1.0,1,21,x,22,0.0074219443,927743.06,0.99840945,0.99840945,True
9B,256,1.0,1,22,x,23,0.0070992513,887406.44,0.9984445,0.9984445,True
9B,256,1.0,1,23,x,24,0.0068034492,850431.1,0.9983514,0.9983514,True
9B,256,1.0,1,24,x,25,0.0065313107,816413.8,0.9984443,0.9984443,True
9B,256,1.0,1,25,x,26,0.006280107,785013.4,0.9984267,0.9984267,True
9B,256,1.0,1,26,x,27,0.00604751,755938.75,0.9985045,0.9985045,True
9B,256,1.0,1,27,x,28,0.005831528,728941.0,0.99848264,0.99848264,True
9B,256,1.0,1,28,x,29,0.0056304405,703805.06,0.9985317,0.9985317,True
9B,256,1.0,1,29,x,30,0.0054427595,680344.94,0.99843955,0.99843955,True
9B,256,1.0,1,30,x,31,0.005267186,658398.25,0.99824935,0.99824935,True
9B,256,1.0,1,31,x,32,0.0051025865,637823.3,0.9985212,0.9985212,True
9B,256,1.0,1,32,x,33,0.0049479627,618495.3,0.99859965,0.99859965,True
9B,256,1.0,1,33,x,34,0.0048024347,600304.3,0.9982232,0.9982232,True
9B,256,1.0,1,34,x,35,0.004665222,583152.75,0.99844503,0.99844503,True
9B,256,1.0,1,35,x,36,0.0045356327,566954.06,0.99827695,0.99827695,True
9B,256,1.0,1,36,x,37,0.004413048,551631.0,0.9985851,0.9985851,True
9B,256,1.0,1,37,x,38,0.004296915,537114.4,0.998502,0.998502,True
9B,256,1.0,1,38,x,39,0.004186738,523342.22,0.9985111,0.9985111,True
9B,256,1.0,1,39,x,40,0.0040820693,510258.66,0.99842024,0.99842024,True
9B,256,1.0,1,40,x,41,0.0039825067,497813.34,0.99834955,0.99834955,True
9B,256,1.0,1,41,x,42,0.003887685,485960.62,0.9982809,0.9982809,True
9B,256,1.0,1,42,x,43,0.0037972739,474659.22,0.99834895,0.99834895,True
9B,256,1.0,1,43,x,44,0.0037109721,463871.53,0.9984754,0.9984754,True
9B,256,1.0,1,44,x,45,0.003628506,453563.25,0.9982841,0.9982841,True
9B,256,1.0,1,45,x,46,0.0035496256,443703.22,0.998438,0.998438,True
9B,256,1.0,1,46,x,47,0.0034741014,434262.7,0.9984836,0.9984836,True
9B,256,1.0,1,47,x,48,0.0034017246,425215.56,0.99850917,0.99850917,True
9B,256,1.0,1,48,x,49,0.0033323015,416537.7,0.9983386,0.9983386,True
9B,256,1.0,1,49,x,50,0.0032656554,408206.9,0.9982817,0.9982817,True
9B,256,1.0,1,50,x,51,0.003201623,400202.88,0.9983085,0.9983085,True
9B,256,1.0,1,51,x,52,0.0031400535,392506.7,0.9984187,0.9984187,True
9B,256,1.0,1,52,x,53,0.0030808072,385100.9,0.99854887,0.99854887,True
9B,256,1.0,1,53,x,54,0.003023755,377969.38,0.998454,0.998454,True
9B,256,1.0,1,54,x,55,0.0029687777,371097.22,0.99838305,0.99838305,True
9B,256,1.0,1,55,x,56,0.002915764,364470.5,0.99838555,0.99838555,True
9B,256,1.0,1,56,x,57,0.0028646102,358076.28,0.9979584,0.9979584,True
9B,256,1.0,1,57,x,58,0.0028152203,351902.53,0.9984865,0.9984865,True
9B,256,1.0,1,58,x,59,0.0027675047,345938.1,0.99826515,0.99826515,True
9B,256,1.0,1,59,x,60,0.0027213797,340172.47,0.9984418,0.9984418,True
9B,256,1.0,1,60,x,61,0.0026767666,334595.8,0.99831903,0.99831903,True
9B,256,1.0,1,61,x,62,0.002633593,329199.12,0.99857527,0.99857527,True
9B,256,1.0,1,62,x,63,0.0025917902,323973.78,0.9985102,0.9985102,True
9B,256,1.0,1,63,x,64,0.0025512932,318911.66,0.99843264,0.99843264,True
9B,256,1.0,1,64,x,65,0.0025120426,314005.34,0.9985423,0.9985423,True
9B,256,1.0,1,65,x,66,0.0024739814,309247.66,0.9983652,0.9983652,True
9B,256,1.0,1,66,x,67,0.0024370563,304632.03,0.9983127,0.9983127,True
9B,256,1.0,1,67,x,68,0.0024012174,300152.16,0.9984634,0.9984634,True
9B,256,1.0,1,68,x,69,0.002366417,295802.12,0.9984584,0.9984584,True
9B,256,1.0,1,69,x,70,0.002332611,291576.38,0.9984178,0.9984178,True
9B,256,1.0,1,70,x,71,0.0022997572,287469.66,0.998387,0.998387,True
9B,256,1.0,1,71,x,72,0.0022678163,283477.03,0.99827313,0.99827313,True
9B,256,1.0,1,72,x,73,0.0022367502,279593.78,0.9984386,0.9984386,True
9B,256,1.0,1,73,x,74,0.002206524,275815.5,0.99830735,0.99830735,True
9B,256,1.0,1,74,x,75,0.0021771037,272137.97,0.99835,0.99835,True
9B,256,1.0,1,75,x,76,0.0021484576,268557.2,0.99848473,0.99848473,True
9B,256,1.0,1,76,x,77,0.0021205554,265069.44,0.9985904,0.9985904,True
9B,256,1.0,1,77,x,78,0.002093369,261671.11,0.99864036,0.99864036,True
9B,256,1.0,1,78,x,79,0.0020668707,258358.83,0.9983548,0.9983548,True
9B,256,1.0,1,79,x,80,0.0020410346,255129.33,0.99853015,0.99853015,True
9B,256,1.0,1,80,x,81,0.0020158368,251979.6,0.998351,0.998351,True
9B,256,1.0,1,81,x,82,0.0019912533,248906.67,0.9984138,0.9984138,True
9B,256,1.0,1,82,x,83,0.0019672622,245907.78,0.99846935,0.99846935,True
9B,256,1.0,1,83,x,84,0.0019438425,242980.31,0.99839187,0.99839187,True
9B,256,1.0,1,84,x,85,0.0019209739,240121.73,0.99827313,0.99827313,True
9B,256,1.0,1,85,x,86,0.0018986369,237329.61,0.9984435,0.9984435,True
9B,256,1.0,1,86,x,87,0.0018768135,234601.69,0.9985044,0.9985044,True
9B,256,1.0,1,87,x,88,0.0018554861,231935.77,0.9984587,0.9984587,True
9B,256,1.0,1,88,x,89,0.001834638,229329.75,0.80987984,0.80987984,False
9B,256,1.0,1,89,x,90,0.001814253,226781.62,0.9939778,0.9939778,True
9B,256,1.0,1,90,x,91,0.0017943162,224289.53,0.9986422,0.9986422,True
9B,256,1.0,1,91,x,92,0.0017748128,221851.61,0.9985002,0.9985002,True
9B,256,1.0,1,92,x,93,0.0017557287,219466.1,0.9985354,0.9985354,True
9B,256,1.0,1,93,x,94,0.0017370507,217131.34,0.99868405,0.99868405,True
9B,256,1.0,1,94,x,95,0.001718766,214845.75,0.99849033,0.99849033,True
9B,256,1.0,1,95,x,96,0.0017008623,212607.78,0.99864864,0.99864864,True
9B,256,1.0,1,96,x,97,0.0016833275,210415.94,0.99816155,0.99816155,True
9B,256,1.0,1,97,x,98,0.0016661508,208268.84,0.99830526,0.99830526,True
9B,256,1.0,1,98,x,99,0.0016493209,206165.12,0.9983422,0.9983422,True
9B,256,1.0,1,99,x,100,0.0016328277,204103.45,0.99851453,0.99851453,True
9B,256,1.0,1,100,x,101,0.0016166611,202082.64,0.99849045,0.99849045,True
9B,256,1.0,1,101,x,102,0.0016008115,200101.44,0.99831915,0.99831915,True
9B,256,1.0,1,102,x,103,0.0015852697,198158.72,0.9984029,0.9984029,True
9B,256,1.0,1,103,x,104,0.0015700267,196253.34,0.9984801,0.9984801,True
9B,256,1.0,1,104,x,105,0.0015550741,194384.27,0.99828696,0.99828696,True
9B,256,1.0,1,105,x,106,0.0015404036,192550.45,0.9985318,0.9985318,True
9B,256,1.0,1,106,x,107,0.0015260072,190750.9,0.99858963,0.99858963,True
9B,256,1.0,1,107,x,108,0.0015118775,188984.69,0.99823135,0.99823135,True
9B,256,1.0,1,108,x,109,0.001498007,187250.88,0.9984239,0.9984239,True
9B,256,1.0,1,109,x,110,0.0014843888,185548.61,0.9985268,0.9985268,True
9B,256,1.0,1,110,x,111,0.001471016,183877.0,0.99835765,0.99835765,True
9B,256,1.0,1,111,x,112,0.001457882,182235.25,0.9981411,0.9981411,True
9B,256,1.0,1,112,x,113,0.0014449803,180622.53,0.9982251,0.9982251,True
9B,256,1.0,1,113,x,114,0.0014323051,179038.14,0.4044593,0.002053503,False
9B,256,1.0,1,114,x,115,0.0014198502,177481.27,0.9983567,0.9983567,True
9B,256,1.0,1,115,x,116,0.0014076101,175951.27,0.9985516,0.9985516,True
9B,256,1.0,1,116,x,117,0.0013955793,174447.4,0.99849653,0.99849653,True
9B,256,1.0,1,117,x,118,0.0013837523,172969.05,0.9983049,0.9983049,True
9B,256,1.0,1,118,x,119,0.0013721242,171515.52,0.99850154,0.99850154,True
9B,256,1.0,1,119,x,120,0.0013606899,170086.23,0.9984481,0.9984481,True
9B,256,1.0,1,120,x,121,0.0013494444,168680.55,0.99849015,0.99849015,True
9B,256,1.0,1,121,x,122,0.0013383833,167297.9,0.99834585,0.99834585,True
9B,256,1.0,1,122,x,123,0.0013275022,165937.78,0.99835783,0.99835783,True
9B,256,1.0,1,123,x,124,0.0013167965,164599.56,0.9984478,0.9984478,True
9B,256,1.0,1,124,x,125,0.0013062622,163282.78,0.99845946,0.99845946,True
9B,256,1.0,1,125,x,126,0.0012958951,161986.89,0.9983871,0.9983871,True
9B,256,1.0,1,126,x,127,0.0012856912,160711.39,0.9983382,0.9983382,True
9B,256,1.0,1,127,x,128,0.0012756466,159455.83,0.9984514,0.9984514,True
9B,256,1.0,1,128,x,129,0.001265758,158219.75,0.9985262,0.9985262,True
9B,256,1.0,1,129,x,130,0.0012560213,157002.67,0.9985871,0.99834085,True
9B,256,1.0,1,130,x,131,0.0012464334,155804.17,0.99853396,0.99853396,True
9B,256,1.0,1,131,x,132,0.0012369907,154623.83,0.9984057,0.9984057,True
9B,256,1.0,1,132,x,133,0.00122769,153461.25,0.9984574,0.9984574,True
9B,256,1.0,1,133,x,134,0.0012185281,152316.02,0.9982616,0.9982616,True
9B,256,1.0,1,134,x,135,0.001209502,151187.75,0.99850833,0.99850833,True
9B,256,1.0,1,135,x,136,0.0012006087,150076.08,0.9985006,0.9985006,True
9B,256,1.0,1,136,x,137,0.001191845,148980.62,0.99852777,0.99852777,True
9B,256,1.0,1,137,x,138,0.0011832085,147901.06,0.998476,0.998476,True
9B,256,1.0,1,138,x,139,0.0011746963,146837.03,0.9984512,0.9984512,True
9B,256,1.0,1,139,x,140,0.0011663055,145788.19,0.9983514,0.9983514,True
9B,256,1.0,1,140,x,141,0.0011580338,144754.23,0.9982699,0.9982699,True
9B,256,1.0,1,141,x,142,0.0011498786,143734.83,0.9983757,0.9983757,True
9B,256,1.0,1,142,x,143,0.0011418376,142729.7,0.9985658,0.9985658,True
9B,256,1.0,1,143,x,144,0.0011339082,141738.52,0.998358,0.998358,True
9B,256,1.0,1,144,x,145,0.0011260881,140761.02,0.99852437,0.99852437,True
9B,256,1.0,1,145,x,146,0.0011183751,139796.89,0.9984867,0.9984867,True
9B,256,1.0,1,146,x,147,0.0011107671,138845.89,0.9985137,0.9985137,True
9B,256,1.0,1,147,x,148,0.001103262,137907.75,0.9984447,0.9984447,True
9B,256,1.0,1,148,x,149,0.0010958576,136982.2,0.998678,0.998678,True
9B,256,1.0,1,149,x,150,0.0010885518,136068.98,0.99812955,0.99812955,True
9B,256,1.0,1,150,x,151,0.0010813428,135167.84,0.99848515,0.99848515,True
9B,256,1.0,1,151,x,152,0.0010742288,134278.6,0.99847525,0.99847525,True
9B,256,1.0,1,152,x,153,0.0010672077,133400.95,0.9984857,0.9984857,True
9B,256,1.0,1,153,x,154,0.0010602777,132534.72,0.99843603,0.99843603,True
9B,256,1.0,1,154,x,155,0.0010534372,131679.66,0.99844676,0.99844676,True
9B,256,1.0,1,155,x,156,0.0010466845,130835.555,0.9985199,0.9985199,True
9B,256,1.0,1,156,x,157,0.0010400177,130002.21,0.99850607,0.99850607,True
9B,256,1.0,1,157,x,158,0.0010334353,129179.414,0.998419,0.998419,True
9B,256,1.0,1,158,x,159,0.0010269356,128366.95,0.99838096,0.99838096,True
9B,256,1.0,1,159,x,160,0.0010205173,127564.664,0.99852777,0.99852777,True
9B,256,1.0,1,160,x,161,0.0010141787,126772.34,0.99842143,0.99842143,True
9B,256,1.0,1,161,x,162,0.0010079184,125989.8,0.99853045,0.99853045,True
9B,256,1.0,1,162,x,163,0.0010017348,125216.84,0.9984399,0.9984399,True
9B,256,1.0,1,163,x,164,0.0009956267,124453.336,0.9985759,0.9985759,True
9B,256,1.0,1,164,x,165,0.0009895925,123699.06,0.9984367,0.9984367,True
9B,256,1.0,1,165,x,166,0.0009836311,122953.89,0.9984972,0.9984972,True
9B,256,1.0,1,166,x,167,0.0009777412,122217.65,0.99828804,0.99828804,True
9B,256,1.0,1,167,x,168,0.00097192125,121490.16,0.99843276,0.99843276,True
9B,256,1.0,1,168,x,169,0.0009661703,120771.28,0.70102084,0.029039156,False
9B,256,1.0,1,169,x,170,0.00096048694,120060.87,0.9900248,0.9900248,True
9B,256,1.0,1,170,x,171,0.00095487,119358.75,0.99158597,0.99158597,True
9B,256,1.0,1,171,x,172,0.00094931846,118664.805,0.7129779,0.7129779,False
9B,256,1.0,1,172,x,173,0.00094383105,117978.88,0.99851346,0.99851346,True
9B,256,1.0,1,173,x,174,0.00093840674,117300.84,0.35349035,0.05551545,False
9B,256,1.0,1,174,x,175,0.0009330444,116630.555,0.9983771,0.9983771,True
9B,256,1.0,1,175,x,176,0.00092774304,115967.88,0.99818397,0.99818397,True
9B,256,1.0,1,176,x,177,0.00092250155,115312.695,0.9985442,0.9985442,True
9B,256,1.0,1,177,x,178,0.000917319,114664.875,0.99834573,0.99834573,True
9B,256,1.0,1,178,x,179,0.00091219426,114024.28,0.998356,0.998356,True
9B,256,1.0,1,179,x,180,0.0009071265,113390.81,0.99825096,0.99825096,True
9B,256,1.0,1,180,x,181,0.0009021148,112764.35,0.68273985,0.0012551993,False
9B,256,1.0,1,181,x,182,0.0008971581,112144.766,0.9923338,0.9923338,True
9B,256,1.0,1,182,x,183,0.0008922556,111531.945,0.9939257,0.9939257,True
9B,256,1.0,1,183,x,184,0.0008874064,110925.805,0.7632083,0.7632083,False
9B,256,1.0,1,184,x,185,0.0008826096,110326.195,0.99860823,0.99860823,True
9B,256,1.0,1,185,x,186,0.00087786437,109733.05,0.9985046,0.9985046,True
9B,256,1.0,1,186,x,187,0.0008731699,109146.24,0.99803644,0.99803644,True
9B,256,1.0,1,187,x,188,0.00086852536,108565.67,0.9984724,0.9984724,True
9B,256,1.0,1,188,x,189,0.00086393,107991.25,0.99840766,0.99840766,True
9B,256,1.0,1,189,x,190,0.000859383,107422.875,0.99861646,0.99861646,True
9B,256,1.0,1,190,x,191,0.00085488363,106860.45,0.7239853,0.7239853,False
9B,256,1.0,1,191,x,192,0.00085043116,106303.89,0.99259377,0.99259377,True
9B,256,1.0,1,192,x,193,0.0008460247,105753.09,0.99835205,0.99835205,True
9B,256,1.0,1,193,x,194,0.00084166374,105207.97,0.99819875,0.99819875,True
9B,256,1.0,1,194,x,195,0.0008373476,104668.445,0.9985679,0.9985679,True
9B,256,1.0,1,195,x,196,0.0008330754,104134.42,0.99859834,0.99859834,True
9B,256,1.0,1,196,x,197,0.00082884653,103605.82,0.99368054,0.99368054,True
9B,256,1.0,1,197,x,198,0.00082466047,103082.56,0.7417239,0.7417239,False
9B,256,1.0,1,198,x,199,0.00082051643,102564.555,0.99836326,0.99836326,True
9B,256,1.0,1,199,x,200,0.00081641384,102051.73,0.9984716,0.9984716,True
9B,256,1.0,1,200,x,201,0.00081235205,101544.01,0.99844855,0.99844855,True
9B,256,1.0,1,201,x,202,0.00080833054,101041.32,0.30716658,0.0046138726,False
9B,256,1.0,1,202,x,203,0.0008043486,100543.58,0.35896018,0.0013957946,False
9B,256,1.0,1,203,x,204,0.00080040575,100050.72,0.99817467,0.99817467,True
9B,256,1.0,1,204,x,205,0.00079650135,99562.67,0.99844503,0.99844503,True
9B,256,1.0,1,205,x,206,0.00079263485,99079.36,0.2999221,0.022318337,False
9B,256,1.0,1,206,x,207,0.00078880566,98600.71,0.25611874,0.061794605,False
9B,256,1.0,1,207,x,208,0.00078501337,98126.67,0.99848497,0.99848497,True
9B,256,1.0,1,208,x,209,0.00078125723,97657.16,0.99841076,0.99841076,True
9B,256,1.0,1,209,x,210,0.00077753706,97192.13,0.9983809,0.9983809,True
9B,256,1.0,1,210,x,211,0.00077385205,96731.51,0.68953085,0.000407964,False
9B,256,1.0,1,211,x,212,0.0007702018,96275.23,0.99001336,0.99001336,True
9B,256,1.0,1,212,x,213,0.0007665858,95823.23,0.99841166,0.99841166,True
9B,256,1.0,1,213,x,214,0.0007630036,95375.45,0.9984813,0.9984813,True
9B,256,1.0,1,214,x,215,0.00075945474,94931.84,0.99837995,0.99837995,True
9B,256,1.0,1,215,x,216,0.00075593876,94492.34,0.99838173,0.99838173,True
9B,256,1.0,1,216,x,217,0.00075245515,94056.89,0.99849457,0.99849457,True
9B,256,1.0,1,217,x,218,0.0007490035,93625.44,0.9984201,0.9984201,True
9B,256,1.0,1,218,x,219,0.0007455834,93197.92,0.019281074,0.014582784,False
9B,256,1.0,1,219,x,220,0.0007421944,92774.305,0.99832594,0.99832594,True
9B,256,1.0,1,220,x,221,0.0007388361,92354.516,0.99854857,0.99854857,True
9B,256,1.0,1,221,x,222,0.000735508,91938.5,0.020108446,0.016277082,False
9B,256,1.0,1,222,x,223,0.00073220977,91526.22,0.99842125,0.99842125,True
9B,256,1.0,1,223,x,224,0.000728941,91117.625,0.99817824,0.99817824,True
9B,256,1.0,1,224,x,225,0.0007257012,90712.65,0.7206658,0.7206658,False
9B,256,1.0,1,225,x,226,0.00072249013,90311.266,0.9919641,0.9919641,True
9B,256,1.0,1,226,x,227,0.00071930734,89913.414,0.9139911,0.9139911,True
9B,256,1.0,1,227,x,228,0.00071615254,89519.07,0.9160689,0.9160689,True
9B,256,1.0,1,228,x,229,0.0007130252,89128.16,0.9929551,0.9929551,True
9B,256,1.0,1,229,x,230,0.0007099251,88740.63,0.6924533,-0.0007492504,False
9B,256,1.0,1,230,x,231,0.00070685183,88356.48,0.9984077,0.9984077,True
9B,256,1.0,1,231,x,232,0.00070380507,87975.63,0.9985105,0.9985105,True
9B,256,1.0,1,232,x,233,0.00070078444,87598.055,0.9982712,0.9982712,True
9B,256,1.0,1,233,x,234,0.00069778966,87223.7,0.9983114,0.9983114,True
9B,256,1.0,1,234,x,235,0.0006948203,86852.54,0.32817096,0.0014206767,False
9B,256,1.0,1,235,x,236,0.00069187616,86484.52,0.056860972,0.024384025,False
9B,256,1.0,1,236,x,237,0.0006889568,86119.6,0.02135887,0.002439835,False
9B,256,1.0,1,237,x,238,0.0006860621,85757.76,0.020680502,0.020680502,False
9B,256,1.0,1,238,x,239,0.0006831915,85398.94,0.70172143,0.007958818,False
9B,256,1.0,1,239,x,240,0.00068034494,85043.12,0.9931972,0.9931972,True
9B,256,1.0,1,240,x,241,0.0006775219,84690.24,0.9327953,0.9327953,True
9B,256,1.0,1,241,x,242,0.0006747222,84340.27,0.93808377,0.93808377,True
9B,256,1.0,1,242,x,243,0.00067194557,83993.195,0.99235153,0.99235153,True
9B,256,1.0,1,243,x,244,0.00066919165,83648.95,0.6930225,0.00041278824,False
9B,256,1.0,1,244,x,245,0.00066646026,83307.53,0.99820423,0.99820423,True
9B,256,1.0,1,245,x,246,0.0006637511,82968.89,0.046148177,0.046148177,False
9B,256,1.0,1,246,x,247,0.0006610639,82632.984,0.9931282,0.9931282,True
9B,256,1.0,1,247,x,248,0.00065839826,82299.78,0.70765793,0.70765793,False
9B,256,1.0,1,248,x,249,0.00065575406,81969.26,0.034281753,0.0044062994,False
9B,256,1.0,1,249,x,250,0.0006531311,81641.39,0.99849427,0.99849427,True
9B,256,1.0,1,250,x,251,0.000650529,81316.125,0.99334854,0.99334854,True
9B,256,1.0,1,251,x,252,0.00064794754,80993.445,0.67663455,-0.00033940934,False
9B,256,1.0,1,252,x,253,0.00064538646,80673.305,0.6459867,0.0004902417,False
9B,256,1.0,1,253,x,254,0.0006428456,80355.695,0.9874641,0.9874641,True
9B,256,1.0,1,254,x,255,0.0006403246,80040.58,0.9895665,0.9895665,True
9B,256,1.0,1,255,x,256,0.0006378233,79727.914,0.67051,0.00043847645,False
9B,256,1.0,1,256,y,1,0.16328277,20410346.0,0.99933255,0.99933255,True
9B,256,1.0,1,257,y,2,0.08164138,10205173.0,0.999443,0.999443,True
9B,256,1.0,1,258,y,3,0.054427594,6803449.0,0.99869484,0.99869484,True
9B,256,1.0,1,259,y,4,0.04082069,5102586.5,0.99850667,0.99850667,True
9B,256,1.0,1,260,y,5,0.032656554,4082069.2,0.9986594,0.9986594,True
9B,256,1.0,1,261,y,6,0.027213797,3401724.5,0.9986818,0.9986818,True
9B,256,1.0,1,262,y,7,0.023326112,2915764.0,0.99823564,0.99823564,True
9B,256,1.0,1,263,y,8,0.020410346,2551293.2,0.9984758,0.9984758,True
9B,256,1.0,1,264,y,9,0.01814253,2267816.2,0.9983524,0.9983524,True
9B,256,1.0,1,265,y,10,0.016328277,2041034.6,0.99863994,0.99863994,True
9B,256,1.0,1,266,y,11,0.014843889,1855486.1,0.99852127,0.99852127,True
9B,256,1.0,1,267,y,12,0.0136068985,1700862.2,0.99843484,0.99843484,True
9B,256,1.0,1,268,y,13,0.012560214,1570026.8,0.99845487,0.99845487,True
9B,256,1.0,1,269,y,14,0.011663056,1457882.0,0.9984447,0.9984447,True
9B,256,1.0,1,270,y,15,0.010885519,1360689.9,0.9985206,0.9985206,True
9B,256,1.0,1,271,y,16,0.010205173,1275646.6,0.99842346,0.99842346,True
9B,256,1.0,1,272,y,17,0.009604869,1200608.6,0.9984677,0.9984677,True
9B,256,1.0,1,273,y,18,0.009071265,1133908.1,0.99870884,0.99870884,True
9B,256,1.0,1,274,y,19,0.00859383,1074228.8,0.9985,0.9985,True
9B,256,1.0,1,275,y,20,0.0081641385,1020517.3,0.9985092,0.9985092,True
9B,256,1.0,1,276,y,21,0.00777537,971921.25,0.9984018,0.9984018,True
9B,256,1.0,1,277,y,22,0.0074219443,927743.06,0.998528,0.998528,True
9B,256,1.0,1,278,y,23,0.0070992513,887406.44,0.9983828,0.9983828,True
9B,256,1.0,1,279,y,24,0.0068034492,850431.1,0.9985315,0.9985315,True
9B,256,1.0,1,280,y,25,0.0065313107,816413.8,0.99846435,0.99846435,True
9B,256,1.0,1,281,y,26,0.006280107,785013.4,0.99839187,0.99839187,True
9B,256,1.0,1,282,y,27,0.00604751,755938.75,0.99845755,0.99845755,True
9B,256,1.0,1,283,y,28,0.005831528,728941.0,0.9983778,0.9983778,True
9B,256,1.0,1,284,y,29,0.0056304405,703805.06,0.9985261,0.9985261,True
9B,256,1.0,1,285,y,30,0.0054427595,680344.94,0.9984144,0.9984144,True
9B,256,1.0,1,286,y,31,0.005267186,658398.25,0.99849176,0.99849176,True
9B,256,1.0,1,287,y,32,0.0051025865,637823.3,0.99845296,0.99845296,True
9B,256,1.0,1,288,y,33,0.0049479627,618495.3,0.998428,0.998428,True
9B,256,1.0,1,289,y,34,0.0048024347,600304.3,0.99842834,0.99842834,True
9B,256,1.0,1,290,y,35,0.004665222,583152.75,0.99843264,0.99843264,True
9B,256,1.0,1,291,y,36,0.0045356327,566954.06,0.99851084,0.99851084,True
9B,256,1.0,1,292,y,37,0.004413048,551631.0,0.99857926,0.99857926,True
9B,256,1.0,1,293,y,38,0.004296915,537114.4,0.998388,0.998388,True
9B,256,1.0,1,294,y,39,0.004186738,523342.22,0.99839664,0.99839664,True
9B,256,1.0,1,295,y,40,0.0040820693,510258.66,0.9984518,0.9984518,True
9B,256,1.0,1,296,y,41,0.0039825067,497813.34,0.99844366,0.99844366,True
9B,256,1.0,1,297,y,42,0.003887685,485960.62,0.99847317,0.99847317,True
9B,256,1.0,1,298,y,43,0.0037972739,474659.22,0.9984946,0.9984946,True
9B,256,1.0,1,299,y,44,0.0037109721,463871.53,0.9985137,0.9985137,True
9B,256,1.0,1,300,y,45,0.003628506,453563.25,0.9984364,0.9984364,True
9B,256,1.0,1,301,y,46,0.0035496256,443703.22,0.9985217,0.9985217,True
9B,256,1.0,1,302,y,47,0.0034741014,434262.7,0.99838287,0.99838287,True
9B,256,1.0,1,303,y,48,0.0034017246,425215.56,0.9983945,0.9983945,True
9B,256,1.0,1,304,y,49,0.0033323015,416537.7,0.99837416,0.99837416,True
9B,256,1.0,1,305,y,50,0.0032656554,408206.9,0.99830616,0.99830616,True
9B,256,1.0,1,306,y,51,0.003201623,400202.88,0.99850744,0.99850744,True
9B,256,1.0,1,307,y,52,0.0031400535,392506.7,0.9984454,0.9984454,True
9B,256,1.0,1,308,y,53,0.0030808072,385100.9,0.99819845,0.99819845,True
9B,256,1.0,1,309,y,54,0.003023755,377969.38,0.99842983,0.99842983,True
9B,256,1.0,1,310,y,55,0.0029687777,371097.22,0.99846655,0.99846655,True
9B,256,1.0,1,311,y,56,0.002915764,364470.5,0.99846053,0.99846053,True
9B,256,1.0,1,312,y,57,0.0028646102,358076.28,0.9983715,0.9983715,True
9B,256,1.0,1,313,y,58,0.0028152203,351902.53,0.9985013,0.9985013,True
9B,256,1.0,1,314,y,59,0.0027675047,345938.1,0.9985161,0.9985161,True
9B,256,1.0,1,315,y,60,0.0027213797,340172.47,0.99845743,0.99845743,True
9B,256,1.0,1,316,y,61,0.0026767666,334595.8,0.9984028,0.9984028,True
9B,256,1.0,1,317,y,62,0.002633593,329199.12,0.9984342,0.9984342,True
9B,256,1.0,1,318,y,63,0.0025917902,323973.78,0.9986294,0.9986294,True
9B,256,1.0,1,319,y,64,0.0025512932,318911.66,0.9984336,0.9984336,True
9B,256,1.0,1,320,y,65,0.0025120426,314005.34,0.99854815,0.99854815,True
9B,256,1.0,1,321,y,66,0.0024739814,309247.66,0.99843353,0.99843353,True
9B,256,1.0,1,322,y,67,0.0024370563,304632.03,0.99849606,0.99849606,True
9B,256,1.0,1,323,y,68,0.0024012174,300152.16,0.99850684,0.99850684,True
9B,256,1.0,1,324,y,69,0.002366417,295802.12,0.99842393,0.99842393,True
9B,256,1.0,1,325,y,70,0.002332611,291576.38,0.9985674,0.9985674,True
9B,256,1.0,1,326,y,71,0.0022997572,287469.66,0.998526,0.998526,True
9B,256,1.0,1,327,y,72,0.0022678163,283477.03,0.9984487,0.9984487,True
9B,256,1.0,1,328,y,73,0.0022367502,279593.78,0.99860597,0.99860597,True
9B,256,1.0,1,329,y,74,0.002206524,275815.5,0.99836946,0.99836946,True
9B,256,1.0,1,330,y,75,0.0021771037,272137.97,0.99859536,0.99859536,True
9B,256,1.0,1,331,y,76,0.0021484576,268557.2,0.99849725,0.99849725,True
9B,256,1.0,1,332,y,77,0.0021205554,265069.44,0.9984334,0.9984334,True
9B,256,1.0,1,333,y,78,0.002093369,261671.11,0.99835753,0.99835753,True
9B,256,1.0,1,334,y,79,0.0020668707,258358.83,0.9983263,0.9983263,True
9B,256,1.0,1,335,y,80,0.0020410346,255129.33,0.99840677,0.99840677,True
9B,256,1.0,1,336,y,81,0.0020158368,251979.6,0.9985167,0.9985167,True
9B,256,1.0,1,337,y,82,0.0019912533,248906.67,0.9984292,0.9984292,True
9B,256,1.0,1,338,y,83,0.0019672622,245907.78,0.998339,0.998339,True
9B,256,1.0,1,339,y,84,0.0019438425,242980.31,0.99850714,0.99850714,True
9B,256,1.0,1,340,y,85,0.0019209739,240121.73,0.9947525,0.9947525,True
9B,256,1.0,1,341,y,86,0.0018986369,237329.61,0.81309164,0.81309164,False
9B,256,1.0,1,342,y,87,0.0018768135,234601.69,0.9984369,0.9984369,True
9B,256,1.0,1,343,y,88,0.0018554861,231935.77,0.99833757,0.99833757,True
9B,256,1.0,1,344,y,89,0.001834638,229329.75,0.9984542,0.9984542,True
9B,256,1.0,1,345,y,90,0.001814253,226781.62,0.9985348,0.9985348,True
9B,256,1.0,1,346,y,91,0.0017943162,224289.53,0.998433,0.998433,True
9B,256,1.0,1,347,y,92,0.0017748128,221851.61,0.99848616,0.99848616,True
9B,256,1.0,1,348,y,93,0.0017557287,219466.1,0.9985827,0.9985827,True
9B,256,1.0,1,349,y,94,0.0017370507,217131.34,0.9985677,0.9985677,True
9B,256,1.0,1,350,y,95,0.001718766,214845.75,0.80610406,0.80610406,False
9B,256,1.0,1,351,y,96,0.0017008623,212607.78,0.9932577,0.9932577,True
9B,256,1.0,1,352,y,97,0.0016833275,210415.94,0.99820495,0.99820495,True
9B,256,1.0,1,353,y,98,0.0016661508,208268.84,0.9985804,0.9985804,True
9B,256,1.0,1,354,y,99,0.0016493209,206165.12,0.99848247,0.99848247,True
9B,256,1.0,1,355,y,100,0.0016328277,204103.45,0.99868476,0.99868476,True
9B,256,1.0,1,356,y,101,0.0016166611,202082.64,0.9985374,0.9985374,True
9B,256,1.0,1,357,y,102,0.0016008115,200101.44,0.9983443,0.9983443,True
9B,256,1.0,1,358,y,103,0.0015852697,198158.72,0.9985362,0.9985362,True
9B,256,1.0,1,359,y,104,0.0015700267,196253.34,0.99847955,0.99847955,True
9B,256,1.0,1,360,y,105,0.0015550741,194384.27,0.99851274,0.99851274,True
9B,256,1.0,1,361,y,106,0.0015404036,192550.45,0.9984218,0.9984218,True
9B,256,1.0,1,362,y,107,0.0015260072,190750.9,0.9985081,0.9985081,True
9B,256,1.0,1,363,y,108,0.0015118775,188984.69,0.9985245,0.9985245,True
9B,256,1.0,1,364,y,109,0.001498007,187250.88,0.99845684,0.99845684,True
9B,256,1.0,1,365,y,110,0.0014843888,185548.61,0.9983506,0.9983506,True
9B,256,1.0,1,366,y,111,0.001471016,183877.0,0.99830854,0.99830854,True
9B,256,1.0,1,367,y,112,0.001457882,182235.25,0.9984355,0.9984355,True
9B,256,1.0,1,368,y,113,0.0014449803,180622.53,0.9985637,0.9985637,True
9B,256,1.0,1,369,y,114,0.0014323051,179038.14,0.99840224,0.99840224,True
9B,256,1.0,1,370,y,115,0.0014198502,177481.27,0.9937911,0.9937911,True
9B,256,1.0,1,371,y,116,0.0014076101,175951.27,0.79368615,0.79368615,False
9B,256,1.0,1,372,y,117,0.0013955793,174447.4,0.96662295,0.96662295,True
9B,256,1.0,1,373,y,118,0.0013837523,172969.05,0.9679248,0.9679248,True
9B,256,1.0,1,374,y,119,0.0013721242,171515.52,0.9984128,0.9984128,True
9B,256,1.0,1,375,y,120,0.0013606899,170086.23,0.99858284,0.99858284,True
9B,256,1.0,1,376,y,121,0.0013494444,168680.55,0.9982879,0.9982879,True
9B,256,1.0,1,377,y,122,0.0013383833,167297.9,0.9984472,0.9984472,True
9B,256,1.0,1,378,y,123,0.0013275022,165937.78,0.99849236,0.99849236,True
9B,256,1.0,1,379,y,124,0.0013167965,164599.56,0.9984093,0.9984093,True
9B,256,1.0,1,380,y,125,0.0013062622,163282.78,0.9984946,0.9984946,True
9B,256,1.0,1,381,y,126,0.0012958951,161986.89,0.9983901,0.9983901,True
9B,256,1.0,1,382,y,127,0.0012856912,160711.39,0.99857944,0.99857944,True
9B,256,1.0,1,383,y,128,0.0012756466,159455.83,0.9985168,0.9985168,True
9B,256,1.0,1,384,y,129,0.001265758,158219.75,0.99841005,0.99841005,True
9B,256,1.0,1,385,y,130,0.0012560213,157002.67,0.9985081,0.9985081,True
9B,256,1.0,1,386,y,131,0.0012464334,155804.17,0.99844193,0.99844193,True
9B,256,1.0,1,387,y,132,0.0012369907,154623.83,0.9985171,0.9985171,True
9B,256,1.0,1,388,y,133,0.00122769,153461.25,0.9984518,0.9984518,True
9B,256,1.0,1,389,y,134,0.0012185281,152316.02,0.9984304,0.9984304,True
9B,256,1.0,1,390,y,135,0.001209502,151187.75,0.99848163,0.99848163,True
9B,256,1.0,1,391,y,136,0.0012006087,150076.08,0.9983429,0.9983429,True
9B,256,1.0,1,392,y,137,0.001191845,148980.62,0.998232,0.998232,True
9B,256,1.0,1,393,y,138,0.0011832085,147901.06,0.99845207,0.99845207,True
9B,256,1.0,1,394,y,139,0.0011746963,146837.03,0.9984039,0.9984039,True
9B,256,1.0,1,395,y,140,0.0011663055,145788.19,0.9983303,0.9983303,True
9B,256,1.0,1,396,y,141,0.0011580338,144754.23,0.998395,0.998395,True
9B,256,1.0,1,397,y,142,0.0011498786,143734.83,0.9985776,0.9985776,True
9B,256,1.0,1,398,y,143,0.0011418376,142729.7,0.99834454,0.99834454,True
9B,256,1.0,1,399,y,144,0.0011339082,141738.52,0.998434,0.998434,True
9B,256,1.0,1,400,y,145,0.0011260881,140761.02,0.9919263,0.9919263,True
9B,256,1.0,1,401,y,146,0.0011183751,139796.89,0.739149,0.739149,False
9B,256,1.0,1,402,y,147,0.0011107671,138845.89,0.9985837,0.9985837,True
9B,256,1.0,1,403,y,148,0.001103262,137907.75,0.9985111,0.9985111,True
9B,256,1.0,1,404,y,149,0.0010958576,136982.2,0.7358773,0.7358773,False
9B,256,1.0,1,405,y,150,0.0010885518,136068.98,0.993016,0.993016,True
9B,256,1.0,1,406,y,151,0.0010813428,135167.84,0.9985883,0.9985883,True
9B,256,1.0,1,407,y,152,0.0010742288,134278.6,0.9984764,0.9984764,True
9B,256,1.0,1,408,y,153,0.0010672077,133400.95,0.99459267,0.99459267,True
9B,256,1.0,1,409,y,154,0.0010602777,132534.72,0.7306255,0.7306255,False
9B,256,1.0,1,410,y,155,0.0010534372,131679.66,0.99821687,0.99821687,True
9B,256,1.0,1,411,y,156,0.0010466845,130835.555,0.99844265,0.99844265,True
9B,256,1.0,1,412,y,157,0.0010400177,130002.21,0.99866986,0.99866986,True
9B,256,1.0,1,413,y,158,0.0010334353,129179.414,0.9983609,0.9983609,True
9B,256,1.0,1,414,y,159,0.0010269356,128366.95,0.99845564,0.99845564,True
9B,256,1.0,1,415,y,160,0.0010205173,127564.664,0.9984081,0.9984081,True
9B,256,1.0,1,416,y,161,0.0010141787,126772.34,0.9896574,0.9896574,True
9B,256,1.0,1,417,y,162,0.0010079184,125989.8,0.5818467,0.0012673195,False
9B,256,1.0,1,418,y,163,0.0010017348,125216.84,0.5864804,0.0025937017,False
9B,256,1.0,1,419,y,164,0.0009956267,124453.336,0.99144936,0.99144936,True
9B,256,1.0,1,420,y,165,0.0009895925,123699.06,0.9982922,0.9982922,True
9B,256,1.0,1,421,y,166,0.0009836311,122953.89,0.9984781,0.9984781,True
9B,256,1.0,1,422,y,167,0.0009777412,122217.65,0.99842644,0.99842644,True
9B,256,1.0,1,423,y,168,0.00097192125,121490.16,0.9985069,0.9985069,True
9B,256,1.0,1,424,y,169,0.0009661703,120771.28,0.9552474,0.9552474,True
9B,256,1.0,1,425,y,170,0.00096048694,120060.87,0.9539338,0.9539338,True
9B,256,1.0,1,426,y,171,0.00095487,119358.75,0.95160985,0.95160985,True
9B,256,1.0,1,427,y,172,0.00094931846,118664.805,0.9547155,0.9547155,True
9B,256,1.0,1,428,y,173,0.00094383105,117978.88,0.59154963,-0.0003170874,False
9B,256,1.0,1,429,y,174,0.00093840674,117300.84,0.9899839,0.9899839,True
9B,256,1.0,1,430,y,175,0.0009330444,116630.555,0.9907689,0.9907689,True
9B,256,1.0,1,431,y,176,0.00092774304,115967.88,0.673316,8.554384e-05,False
9B,256,1.0,1,432,y,177,0.00092250155,115312.695,0.99833,0.99833,True
9B,256,1.0,1,433,y,178,0.000917319,114664.875,0.99845123,0.99845123,True
9B,256,1.0,1,434,y,179,0.00091219426,114024.28,0.99857503,0.99857503,True
9B,256,1.0,1,435,y,180,0.0009071265,113390.81,0.9986043,0.9986043,True
9B,256,1.0,1,436,y,181,0.0009021148,112764.35,0.9984031,0.9984031,True
9B,256,1.0,1,437,y,182,0.0008971581,112144.766,0.998518,0.998518,True
9B,256,1.0,1,438,y,183,0.0008922556,111531.945,0.9985338,0.9985338,True
9B,256,1.0,1,439,y,184,0.0008874064,110925.805,0.9984225,0.9984225,True
9B,256,1.0,1,440,y,185,0.0008826096,110326.195,0.9982513,0.9982513,True
9B,256,1.0,1,441,y,186,0.00087786437,109733.05,0.99843997,0.99843997,True
9B,256,1.0,1,442,y,187,0.0008731699,109146.24,0.99850094,0.99850094,True
9B,256,1.0,1,443,y,188,0.00086852536,108565.67,0.9982673,0.9982673,True
9B,256,1.0,1,444,y,189,0.00086393,107991.25,0.67689025,-0.00016210228,False
9B,256,1.0,1,445,y,190,0.000859383,107422.875,0.9904907,0.9904907,True
9B,256,1.0,1,446,y,191,0.00085488363,106860.45,0.9985975,0.9985975,True
9B,256,1.0,1,447,y,192,0.00085043116,106303.89,0.99850416,0.99850416,True
9B,256,1.0,1,448,y,193,0.0008460247,105753.09,0.99834627,0.99834627,True
9B,256,1.0,1,449,y,194,0.00084166374,105207.97,0.99846816,0.99846816,True
9B,256,1.0,1,450,y,195,0.0008373476,104668.445,0.9983638,0.9983638,True
9B,256,1.0,1,451,y,196,0.0008330754,104134.42,0.99853075,0.99853075,True
9B,256,1.0,1,452,y,197,0.00082884653,103605.82,0.9985672,0.9985672,True
9B,256,1.0,1,453,y,198,0.00082466047,103082.56,0.99688184,0.99688184,True
9B,256,1.0,1,454,y,199,0.00082051643,102564.555,0.608109,0.04138773,False
9B,256,1.0,1,455,y,200,0.00081641384,102051.73,0.9883318,0.9883318,True
9B,256,1.0,1,456,y,201,0.00081235205,101544.01,0.9984,0.9984,True
9B,256,1.0,1,457,y,202,0.00080833054,101041.32,0.99845624,0.99845624,True
9B,256,1.0,1,458,y,203,0.0008043486,100543.58,0.7235851,0.7235851,False
9B,256,1.0,1,459,y,204,0.00080040575,100050.72,0.9932358,0.9932358,True
9B,256,1.0,1,460,y,205,0.00079650135,99562.67,0.9985007,0.9985007,True
9B,256,1.0,1,461,y,206,0.00079263485,99079.36,0.99841106,0.99841106,True
9B,256,1.0,1,462,y,207,0.00078880566,98600.71,0.73697364,0.73697364,False
9B,256,1.0,1,463,y,208,0.00078501337,98126.67,0.9936608,0.9936608,True
9B,256,1.0,1,464,y,209,0.00078125723,97657.16,0.72142076,0.72142076,False
9B,256,1.0,1,465,y,210,0.00077753706,97192.13,0.99274725,0.99274725,True
9B,256,1.0,1,466,y,211,0.00077385205,96731.51,0.6900331,0.032889266,False
9B,256,1.0,1,467,y,212,0.0007702018,96275.23,0.9898962,0.9898962,True
9B,256,1.0,1,468,y,213,0.0007665858,95823.23,0.7124044,0.7124044,False
9B,256,1.0,1,469,y,214,0.0007630036,95375.45,0.9921363,0.9921363,True
9B,256,1.0,1,470,y,215,0.00075945474,94931.84,0.9425294,0.9425294,True
9B,256,1.0,1,471,y,216,0.00075593876,94492.34,0.9352702,0.9352702,True
9B,256,1.0,1,472,y,217,0.00075245515,94056.89,0.73629034,0.73629034,False
9B,256,1.0,1,473,y,218,0.0007490035,93625.44,0.99200106,0.99200106,True
9B,256,1.0,1,474,y,219,0.0007455834,93197.92,0.9525528,0.9525528,True
9B,256,1.0,1,475,y,220,0.0007421944,92774.305,0.95518506,0.95518506,True
9B,256,1.0,1,476,y,221,0.0007388361,92354.516,0.9981718,0.9981718,True
9B,256,1.0,1,477,y,222,0.000735508,91938.5,0.9983781,0.9983781,True
9B,256,1.0,1,478,y,223,0.00073220977,91526.22,0.9983512,0.9983512,True
9B,256,1.0,1,479,y,224,0.000728941,91117.625,0.9984276,0.9984276,True
9B,256,1.0,1,480,y,225,0.0007257012,90712.65,0.99832666,0.99832666,True
9B,256,1.0,1,481,y,226,0.00072249013,90311.266,0.9984746,0.9984746,True
9B,256,1.0,1,482,y,227,0.00071930734,89913.414,0.9985278,0.9985278,True
9B,256,1.0,1,483,y,228,0.00071615254,89519.07,0.9983752,0.9983752,True
9B,256,1.0,1,484,y,229,0.0007130252,89128.16,0.998396,0.998396,True
9B,256,1.0,1,485,y,230,0.0007099251,88740.63,0.9982358,0.9982358,True
9B,256,1.0,1,486,y,231,0.00070685183,88356.48,0.998494,0.998494,True
9B,256,1.0,1,487,y,232,0.00070380507,87975.63,0.99837106,0.99837106,True
9B,256,1.0,1,488,y,233,0.00070078444,87598.055,0.9983089,0.9983089,True
9B,256,1.0,1,489,y,234,0.00069778966,87223.7,0.99843585,0.99843585,True
9B,256,1.0,1,490,y,235,0.0006948203,86852.54,0.9983984,0.9983984,True
9B,256,1.0,1,491,y,236,0.00069187616,86484.52,0.99837387,0.99837387,True
9B,256,1.0,1,492,y,237,0.0006889568,86119.6,0.99834424,0.99834424,True
9B,256,1.0,1,493,y,238,0.0006860621,85757.76,0.9985359,0.9985359,True
9B,256,1.0,1,494,y,239,0.0006831915,85398.94,0.94453967,0.94453967,True
9B,256,1.0,1,495,y,240,0.00068034494,85043.12,0.9452613,0.9452613,True
9B,256,1.0,1,496,y,241,0.0006775219,84690.24,0.99834055,0.99834055,True
9B,256,1.0,1,497,y,242,0.0006747222,84340.27,0.99838936,0.99838936,True
9B,256,1.0,1,498,y,243,0.00067194557,83993.195,0.99825776,0.99825776,True
9B,256,1.0,1,499,y,244,0.00066919165,83648.95,0.9984814,0.9984814,True
9B,256,1.0,1,500,y,245,0.00066646026,83307.53,0.99836445,0.99836445,True
9B,256,1.0,1,501,y,246,0.0006637511,82968.89,0.9984721,0.9984721,True
9B,256,1.0,1,502,y,247,0.0006610639,82632.984,0.30282164,0.0048520826,False
9B,256,1.0,1,503,y,248,0.00065839826,82299.78,0.020115152,0.006004978,False
9B,256,1.0,1,504,y,249,0.00065575406,81969.26,0.9903954,0.9903954,True
9B,256,1.0,1,505,y,250,0.0006531311,81641.39,0.6757532,0.028127879,False
9B,256,1.0,1,506,y,251,0.000650529,81316.125,0.03193341,0.0034797247,False
9B,256,1.0,1,507,y,252,0.00064794754,80993.445,0.9983733,0.9983733,True
9B,256,1.0,1,508,y,253,0.00064538646,80673.305,0.039079703,0.039079703,False
9B,256,1.0,1,509,y,254,0.0006428456,80355.695,0.9983376,0.9983376,True
9B,256,1.0,1,510,y,255,0.0006403246,80040.58,0.992388,0.992388,True
9B,256,1.0,1,511,y,256,0.0006378233,79727.914,0.7065141,0.084391475,False
9B,256,1.0,2,0,x,1,0.16328277,20410346.0,0.9996922,0.9996922,True
9B,256,1.0,2,1,x,2,0.08164138,10205173.0,0.999709,0.999709,True
9B,256,1.0,2,2,x,3,0.054427594,6803449.0,0.99882185,0.99882185,True
9B,256,1.0,2,3,x,4,0.04082069,5102586.5,0.9988569,0.9988569,True
9B,256,1.0,2,4,x,5,0.032656554,4082069.2,0.99861383,0.99861383,True
9B,256,1.0,2,5,x,6,0.027213797,3401724.5,0.9991319,0.9985802,True
9B,256,1.0,2,6,x,7,0.023326112,2915764.0,0.9988321,0.9988321,True
9B,256,1.0,2,7,x,8,0.020410346,2551293.2,0.9987252,0.9987252,True
9B,256,1.0,2,8,x,9,0.01814253,2267816.2,0.9987389,0.9987389,True
9B,256,1.0,2,9,x,10,0.016328277,2041034.6,0.9987782,0.9987782,True
9B,256,1.0,2,10,x,11,0.014843889,1855486.1,0.99875355,0.99875355,True
9B,256,1.0,2,11,x,12,0.0136068985,1700862.2,0.9989879,0.9989879,True
9B,256,1.0,2,12,x,13,0.012560214,1570026.8,0.9988376,0.9988376,True
9B,256,1.0,2,13,x,14,0.011663056,1457882.0,0.9988065,0.9988065,True
9B,256,1.0,2,14,x,15,0.010885519,1360689.9,0.9988759,0.9988759,True
9B,256,1.0,2,15,x,16,0.010205173,1275646.6,0.99871683,0.99871683,True
9B,256,1.0,2,16,x,17,0.009604869,1200608.6,0.9988541,0.9988541,True
9B,256,1.0,2,17,x,18,0.009071265,1133908.1,0.9987753,0.9987753,True
9B,256,1.0,2,18,x,19,0.00859383,1074228.8,0.99901414,0.99901414,True
9B,256,1.0,2,19,x,20,0.0081641385,1020517.3,0.9987767,0.9987767,True
9B,256,1.0,2,20,x,21,0.00777537,971921.25,0.9985527,0.9985527,True
9B,256,1.0,2,21,x,22,0.0074219443,927743.06,0.9987577,0.9987577,True
9B,256,1.0,2,22,x,23,0.0070992513,887406.44,0.9989157,0.9989157,True
9B,256,1.0,2,23,x,24,0.0068034492,850431.1,0.9987335,0.9987335,True
9B,256,1.0,2,24,x,25,0.0065313107,816413.8,0.99879265,0.99879265,True
9B,256,1.0,2,25,x,26,0.006280107,785013.4,0.99879324,0.99879324,True
9B,256,1.0,2,26,x,27,0.00604751,755938.75,0.99881685,0.99881685,True
9B,256,1.0,2,27,x,28,0.005831528,728941.0,0.9987887,0.9987887,True
9B,256,1.0,2,28,x,29,0.0056304405,703805.06,0.99883556,0.99883556,True
9B,256,1.0,2,29,x,30,0.0054427595,680344.94,0.9987022,0.9987022,True
9B,256,1.0,2,30,x,31,0.005267186,658398.25,0.9985411,0.9985411,True
9B,256,1.0,2,31,x,32,0.0051025865,637823.3,0.99888897,0.99888897,True
9B,256,1.0,2,32,x,33,0.0049479627,618495.3,0.9988201,0.9988201,True
9B,256,1.0,2,33,x,34,0.0048024347,600304.3,0.99859345,0.99859345,True
9B,256,1.0,2,34,x,35,0.004665222,583152.75,0.9987639,0.9987639,True
9B,256,1.0,2,35,x,36,0.0045356327,566954.06,0.99860096,0.99860096,True
9B,256,1.0,2,36,x,37,0.004413048,551631.0,0.99889004,0.99889004,True
9B,256,1.0,2,37,x,38,0.004296915,537114.4,0.9987944,0.9987944,True
9B,256,1.0,2,38,x,39,0.004186738,523342.22,0.99886537,0.99886537,True
9B,256,1.0,2,39,x,40,0.0040820693,510258.66,0.99870765,0.99870765,True
9B,256,1.0,2,40,x,41,0.0039825067,497813.34,0.99872804,0.99872804,True
9B,256,1.0,2,41,x,42,0.003887685,485960.62,0.99857724,0.99857724,True
9B,256,1.0,2,42,x,43,0.0037972739,474659.22,0.99867666,0.99867666,True
9B,256,1.0,2,43,x,44,0.0037109721,463871.53,0.99885756,0.99885756,True
9B,256,1.0,2,44,x,45,0.003628506,453563.25,0.9985882,0.9985882,True
9B,256,1.0,2,45,x,46,0.0035496256,443703.22,0.9987521,0.9987521,True
9B,256,1.0,2,46,x,47,0.0034741014,434262.7,0.9987637,0.9987637,True
9B,256,1.0,2,47,x,48,0.0034017246,425215.56,0.99881667,0.99881667,True
9B,256,1.0,2,48,x,49,0.0033323015,416537.7,0.9987329,0.9987329,True
9B,256,1.0,2,49,x,50,0.0032656554,408206.9,0.9985857,0.9985857,True
9B,256,1.0,2,50,x,51,0.003201623,400202.88,0.9986225,0.9986225,True
9B,256,1.0,2,51,x,52,0.0031400535,392506.7,0.99878967,0.99878967,True
9B,256,1.0,2,52,x,53,0.0030808072,385100.9,0.9988596,0.9988596,True
9B,256,1.0,2,53,x,54,0.003023755,377969.38,0.9987928,0.9987928,True
9B,256,1.0,2,54,x,55,0.0029687777,371097.22,0.9987277,0.9987277,True
9B,256,1.0,2,55,x,56,0.002915764,364470.5,0.99863464,0.99863464,True
9B,256,1.0,2,56,x,57,0.0028646102,358076.28,0.9987718,0.9987718,True
9B,256,1.0,2,57,x,58,0.0028152203,351902.53,0.9987763,0.9987763,True
9B,256,1.0,2,58,x,59,0.0027675047,345938.1,0.99378055,0.99378055,True
9B,256,1.0,2,59,x,60,0.0027213797,340172.47,0.80466,0.80466,False
9B,256,1.0,2,60,x,61,0.0026767666,334595.8,0.99865377,0.99865377,True
9B,256,1.0,2,61,x,62,0.002633593,329199.12,0.99885976,0.99885976,True
9B,256,1.0,2,62,x,63,0.0025917902,323973.78,0.9988054,0.9988054,True
9B,256,1.0,2,63,x,64,0.0025512932,318911.66,0.9987953,0.9987953,True
9B,256,1.0,2,64,x,65,0.0025120426,314005.34,0.998829,0.998829,True
9B,256,1.0,2,65,x,66,0.0024739814,309247.66,0.99868536,0.99868536,True
9B,256,1.0,2,66,x,67,0.0024370563,304632.03,0.9986446,0.9986446,True
9B,256,1.0,2,67,x,68,0.0024012174,300152.16,0.998776,0.998776,True
9B,256,1.0,2,68,x,69,0.002366417,295802.12,0.99871314,0.99871314,True
9B,256,1.0,2,69,x,70,0.002332611,291576.38,0.9987005,0.9987005,True
9B,256,1.0,2,70,x,71,0.0022997572,287469.66,0.99862945,0.99862945,True
9B,256,1.0,2,71,x,72,0.0022678163,283477.03,0.99858415,0.99858415,True
9B,256,1.0,2,72,x,73,0.0022367502,279593.78,0.99872017,0.99872017,True
9B,256,1.0,2,73,x,74,0.002206524,275815.5,0.99871266,0.99871266,True
9B,256,1.0,2,74,x,75,0.0021771037,272137.97,0.99876326,0.99876326,True
9B,256,1.0,2,75,x,76,0.0021484576,268557.2,0.9987124,0.9987124,True
9B,256,1.0,2,76,x,77,0.0021205554,265069.44,0.9989089,0.9989089,True
9B,256,1.0,2,77,x,78,0.002093369,261671.11,0.99889386,0.99889386,True
9B,256,1.0,2,78,x,79,0.0020668707,258358.83,0.99856997,0.99856997,True
9B,256,1.0,2,79,x,80,0.0020410346,255129.33,0.9988061,0.9988061,True
9B,256,1.0,2,80,x,81,0.0020158368,251979.6,0.9987543,0.9987543,True
9B,256,1.0,2,81,x,82,0.0019912533,248906.67,0.99878013,0.99878013,True
9B,256,1.0,2,82,x,83,0.0019672622,245907.78,0.9987808,0.9987808,True
9B,256,1.0,2,83,x,84,0.0019438425,242980.31,0.998664,0.998664,True
9B,256,1.0,2,84,x,85,0.0019209739,240121.73,0.9986789,0.9986789,True
9B,256,1.0,2,85,x,86,0.0018986369,237329.61,0.99873304,0.99873304,True
9B,256,1.0,2,86,x,87,0.0018768135,234601.69,0.78882617,0.78882617,False
9B,256,1.0,2,87,x,88,0.0018554861,231935.77,0.9937726,0.9937726,True
9B,256,1.0,2,88,x,89,0.001834638,229329.75,0.9987607,0.9987607,True
9B,256,1.0,2,89,x,90,0.001814253,226781.62,0.9983673,0.9983673,True
9B,256,1.0,2,90,x,91,0.0017943162,224289.53,0.9988605,0.9988605,True
9B,256,1.0,2,91,x,92,0.0017748128,221851.61,0.99877965,0.99877965,True
9B,256,1.0,2,92,x,93,0.0017557287,219466.1,0.9987866,0.9987866,True
9B,256,1.0,2,93,x,94,0.0017370507,217131.34,0.9988499,0.9988499,True
9B,256,1.0,2,94,x,95,0.001718766,214845.75,0.9987401,0.9987401,True
9B,256,1.0,2,95,x,96,0.0017008623,212607.78,0.9989179,0.9989179,True
9B,256,1.0,2,96,x,97,0.0016833275,210415.94,0.99851716,0.99851716,True
9B,256,1.0,2,97,x,98,0.0016661508,208268.84,0.9986949,0.9986949,True
9B,256,1.0,2,98,x,99,0.0016493209,206165.12,0.9985943,0.9985943,True
9B,256,1.0,2,99,x,100,0.0016328277,204103.45,0.99882823,0.99882823,True
9B,256,1.0,2,100,x,101,0.0016166611,202082.64,0.9988245,0.9988245,True
9B,256,1.0,2,101,x,102,0.0016008115,200101.44,0.998628,0.998628,True
9B,256,1.0,2,102,x,103,0.0015852697,198158.72,0.9987182,0.9987182,True
9B,256,1.0,2,103,x,104,0.0015700267,196253.34,0.9987786,0.9987786,True
9B,256,1.0,2,104,x,105,0.0015550741,194384.27,0.99869186,0.99869186,True
9B,256,1.0,2,105,x,106,0.0015404036,192550.45,0.99836314,0.99836314,True
9B,256,1.0,2,106,x,107,0.0015260072,190750.9,0.9989413,0.9989413,True
9B,256,1.0,2,107,x,108,0.0015118775,188984.69,0.9986461,0.9986461,True
9B,256,1.0,2,108,x,109,0.001498007,187250.88,0.99904716,0.99904716,True
9B,256,1.0,2,109,x,110,0.0014843888,185548.61,0.9987605,0.9987605,True
9B,256,1.0,2,110,x,111,0.001471016,183877.0,0.99876225,0.99876225,True
9B,256,1.0,2,111,x,112,0.001457882,182235.25,0.99845445,0.99845445,True
9B,256,1.0,2,112,x,113,0.0014449803,180622.53,0.9986015,0.9986015,True
9B,256,1.0,2,113,x,114,0.0014323051,179038.14,0.9987423,0.9987423,True
9B,256,1.0,2,114,x,115,0.0014198502,177481.27,0.9987576,0.9987576,True
9B,256,1.0,2,115,x,116,0.0014076101,175951.27,0.9988646,0.9987885,True
9B,256,1.0,2,116,x,117,0.0013955793,174447.4,0.99883384,0.99883384,True
9B,256,1.0,2,117,x,118,0.0013837523,172969.05,0.99870217,0.99870217,True
9B,256,1.0,2,118,x,119,0.0013721242,171515.52,0.99879026,0.99879026,True
9B,256,1.0,2,119,x,120,0.0013606899,170086.23,0.9987359,0.9987359,True
9B,256,1.0,2,120,x,121,0.0013494444,168680.55,0.9928471,0.9928471,True
9B,256,1.0,2,121,x,122,0.0013383833,167297.9,0.66973364,0.0039872313,False
9B,256,1.0,2,122,x,123,0.0013275022,165937.78,0.99867594,0.99867594,True
9B,256,1.0,2,123,x,124,0.0013167965,164599.56,0.998777,0.998777,True
9B,256,1.0,2,124,x,125,0.0013062622,163282.78,0.9987192,0.9987192,True
9B,256,1.0,2,125,x,126,0.0012958951,161986.89,0.99872506,0.99872506,True
9B,256,1.0,2,126,x,127,0.0012856912,160711.39,0.9986607,0.9986607,True
9B,256,1.0,2,127,x,128,0.0012756466,159455.83,0.998875,0.998875,True
9B,256,1.0,2,128,x,129,0.001265758,158219.75,0.9987962,0.9987962,True
9B,256,1.0,2,129,x,130,0.0012560213,157002.67,0.99889123,0.99889123,True
9B,256,1.0,2,130,x,131,0.0012464334,155804.17,0.9988433,0.9988433,True
9B,256,1.0,2,131,x,132,0.0012369907,154623.83,0.99863285,0.99863285,True
9B,256,1.0,2,132,x,133,0.00122769,153461.25,0.9933238,0.9933238,True
9B,256,1.0,2,133,x,134,0.0012185281,152316.02,0.7074995,0.13891852,False
9B,256,1.0,2,134,x,135,0.001209502,151187.75,0.9987,0.9987,True
9B,256,1.0,2,135,x,136,0.0012006087,150076.08,0.99877965,0.99877965,True
9B,256,1.0,2,136,x,137,0.001191845,148980.62,0.9987011,0.9987011,True
9B,256,1.0,2,137,x,138,0.0011832085,147901.06,0.998778,0.998778,True
9B,256,1.0,2,138,x,139,0.0011746963,146837.03,0.9936716,0.9936716,True
9B,256,1.0,2,139,x,140,0.0011663055,145788.19,0.7760056,0.7760056,False
9B,256,1.0,2,140,x,141,0.0011580338,144754.23,0.99855125,0.99855125,True
9B,256,1.0,2,141,x,142,0.0011498786,143734.83,0.9988148,0.9988148,True
9B,256,1.0,2,142,x,143,0.0011418376,142729.7,0.99871147,0.99871147,True
9B,256,1.0,2,143,x,144,0.0011339082,141738.52,0.99869573,0.99869573,True
9B,256,1.0,2,144,x,145,0.0011260881,140761.02,0.9988056,0.9988056,True
9B,256,1.0,2,145,x,146,0.0011183751,139796.89,0.9987651,0.9987651,True
9B,256,1.0,2,146,x,147,0.0011107671,138845.89,0.9987949,0.9987949,True
9B,256,1.0,2,147,x,148,0.001103262,137907.75,0.9987844,0.9987844,True
9B,256,1.0,2,148,x,149,0.0010958576,136982.2,0.9988854,0.9988854,True
9B,256,1.0,2,149,x,150,0.0010885518,136068.98,0.9986196,0.9986196,True
9B,256,1.0,2,150,x,151,0.0010813428,135167.84,0.99878085,0.99878085,True
9B,256,1.0,2,151,x,152,0.0010742288,134278.6,0.99870396,0.99870396,True
9B,256,1.0,2,152,x,153,0.0010672077,133400.95,0.9988233,0.9988233,True
9B,256,1.0,2,153,x,154,0.0010602777,132534.72,0.99871576,0.99871576,True
9B,256,1.0,2,154,x,155,0.0010534372,131679.66,0.9986954,0.9986954,True
9B,256,1.0,2,155,x,156,0.0010466845,130835.555,0.9987968,0.9987968,True
9B,256,1.0,2,156,x,157,0.0010400177,130002.21,0.998822,0.998822,True
9B,256,1.0,2,157,x,158,0.0010334353,129179.414,0.9986806,0.9986806,True
9B,256,1.0,2,158,x,159,0.0010269356,128366.95,0.9948507,0.9948507,True
9B,256,1.0,2,159,x,160,0.0010205173,127564.664,0.7779913,0.7779913,False
9B,256,1.0,2,160,x,161,0.0010141787,126772.34,0.99870706,0.99870706,True
9B,256,1.0,2,161,x,162,0.0010079184,125989.8,0.9987302,0.9987302,True
9B,256,1.0,2,162,x,163,0.0010017348,125216.84,0.99446857,0.99446857,True
9B,256,1.0,2,163,x,164,0.0009956267,124453.336,0.73696774,0.73696774,False
9B,256,1.0,2,164,x,165,0.0009895925,123699.06,0.9987115,0.9987115,True
9B,256,1.0,2,165,x,166,0.0009836311,122953.89,0.99876887,0.99876887,True
9B,256,1.0,2,166,x,167,0.0009777412,122217.65,0.99866307,0.99866307,True
9B,256,1.0,2,167,x,168,0.00097192125,121490.16,0.9986888,0.9986888,True
9B,256,1.0,2,168,x,169,0.0009661703,120771.28,0.9987438,0.9987438,True
9B,256,1.0,2,169,x,170,0.00096048694,120060.87,0.99862784,0.99862784,True
9B,256,1.0,2,170,x,171,0.00095487,119358.75,0.99314815,0.99314815,True
9B,256,1.0,2,171,x,172,0.00094931846,118664.805,0.7468387,0.7468387,False
9B,256,1.0,2,172,x,173,0.00094383105,117978.88,0.9988284,0.9988284,True
9B,256,1.0,2,173,x,174,0.00093840674,117300.84,0.9987743,0.9987743,True
9B,256,1.0,2,174,x,175,0.0009330444,116630.555,0.99297374,0.99297374,True
9B,256,1.0,2,175,x,176,0.00092774304,115967.88,0.7575761,0.7575761,False
9B,256,1.0,2,176,x,177,0.00092250155,115312.695,0.99877095,0.99877095,True
9B,256,1.0,2,177,x,178,0.000917319,114664.875,0.998677,0.998677,True
9B,256,1.0,2,178,x,179,0.00091219426,114024.28,0.9986484,0.9986484,True
9B,256,1.0,2,179,x,180,0.0009071265,113390.81,0.998525,0.998525,True
9B,256,1.0,2,180,x,181,0.0009021148,112764.35,0.9987332,0.9987332,True
9B,256,1.0,2,181,x,182,0.0008971581,112144.766,0.9987405,0.9987405,True
9B,256,1.0,2,182,x,183,0.0008922556,111531.945,0.99878097,0.99878097,True
9B,256,1.0,2,183,x,184,0.0008874064,110925.805,0.9988574,0.9988574,True
9B,256,1.0,2,184,x,185,0.0008826096,110326.195,0.9989518,0.9989518,True
9B,256,1.0,2,185,x,186,0.00087786437,109733.05,0.99878496,0.99878496,True
9B,256,1.0,2,186,x,187,0.0008731699,109146.24,0.992851,0.992851,True
9B,256,1.0,2,187,x,188,0.00086852536,108565.67,0.7211472,0.7211472,False
9B,256,1.0,2,188,x,189,0.00086393,107991.25,0.99869716,0.99869716,True
9B,256,1.0,2,189,x,190,0.000859383,107422.875,0.9988222,0.9988222,True
9B,256,1.0,2,190,x,191,0.00085488363,106860.45,0.9985826,0.9985826,True
9B,256,1.0,2,191,x,192,0.00085043116,106303.89,0.9987618,0.9987618,True
9B,256,1.0,2,192,x,193,0.0008460247,105753.09,0.6968726,0.029585123,False
9B,256,1.0,2,193,x,194,0.00084166374,105207.97,0.9923031,0.9923031,True
9B,256,1.0,2,194,x,195,0.0008373476,104668.445,0.619239,0.059660472,False
9B,256,1.0,2,195,x,196,0.0008330754,104134.42,0.98834455,0.98834455,True
9B,256,1.0,2,196,x,197,0.00082884653,103605.82,0.99879396,0.99879396,True
9B,256,1.0,2,197,x,198,0.00082466047,103082.56,0.9987575,0.9987575,True
9B,256,1.0,2,198,x,199,0.00082051643,102564.555,0.71942663,0.71942663,False
9B,256,1.0,2,199,x,200,0.00081641384,102051.73,0.9913943,0.9913943,True
9B,256,1.0,2,200,x,201,0.00081235205,101544.01,0.99887896,0.99887896,True
9B,256,1.0,2,201,x,202,0.00080833054,101041.32,0.99872816,0.99872816,True
9B,256,1.0,2,202,x,203,0.0008043486,100543.58,0.9985672,0.9985672,True
9B,256,1.0,2,203,x,204,0.00080040575,100050.72,0.9984633,0.9984633,True
9B,256,1.0,2,204,x,205,0.00079650135,99562.67,0.99890316,0.99890316,True
9B,256,1.0,2,205,x,206,0.00079263485,99079.36,0.99873686,0.99873686,True
9B,256,1.0,2,206,x,207,0.00078880566,98600.71,0.9987134,0.9987134,True
9B,256,1.0,2,207,x,208,0.00078501337,98126.67,0.998857,0.998857,True
9B,256,1.0,2,208,x,209,0.00078125723,97657.16,0.9987178,0.9987178,True
9B,256,1.0,2,209,x,210,0.00077753706,97192.13,0.9987651,0.9987651,True
9B,256,1.0,2,210,x,211,0.00077385205,96731.51,0.019297421,0.0060472563,False
9B,256,1.0,2,211,x,212,0.0007702018,96275.23,0.9987062,0.9987062,True
9B,256,1.0,2,212,x,213,0.0007665858,95823.23,0.6944066,-0.00036528334,False
9B,256,1.0,2,213,x,214,0.0007630036,95375.45,0.99285674,0.99285674,True
9B,256,1.0,2,214,x,215,0.00075945474,94931.84,0.95497,0.95497,True
9B,256,1.0,2,215,x,216,0.00075593876,94492.34,0.9565959,0.9565959,True
9B,256,1.0,2,216,x,217,0.00075245515,94056.89,0.99870217,0.99870217,True
9B,256,1.0,2,217,x,218,0.0007490035,93625.44,0.02567363,0.007528577,False
9B,256,1.0,2,218,x,219,0.0007455834,93197.92,0.99875474,0.99875474,True
9B,256,1.0,2,219,x,220,0.0007421944,92774.305,0.99874943,0.99874943,True
9B,256,1.0,2,220,x,221,0.0007388361,92354.516,0.99888986,0.99888986,True
9B,256,1.0,2,221,x,222,0.000735508,91938.5,0.99867284,0.99867284,True
9B,256,1.0,2,222,x,223,0.00073220977,91526.22,0.9987693,0.9987693,True
9B,256,1.0,2,223,x,224,0.000728941,91117.625,0.9985715,0.9985715,True
9B,256,1.0,2,224,x,225,0.0007257012,90712.65,0.9985818,0.9985818,True
9B,256,1.0,2,225,x,226,0.00072249013,90311.266,0.99877465,0.99877465,True
9B,256,1.0,2,226,x,227,0.00071930734,89913.414,0.9987817,0.9987817,True
9B,256,1.0,2,227,x,228,0.00071615254,89519.07,0.9988139,0.9988139,True
9B,256,1.0,2,228,x,229,0.0007130252,89128.16,0.99890345,0.99890345,True
9B,256,1.0,2,229,x,230,0.0007099251,88740.63,0.9986625,0.9986625,True
9B,256,1.0,2,230,x,231,0.00070685183,88356.48,0.02784025,0.0021235533,False
9B,256,1.0,2,231,x,232,0.00070380507,87975.63,0.012091105,0.0016313465,False
9B,256,1.0,2,232,x,233,0.00070078444,87598.055,0.99865353,0.99865353,True
9B,256,1.0,2,233,x,234,0.00069778966,87223.7,0.99866724,0.99866724,True
9B,256,1.0,2,234,x,235,0.0006948203,86852.54,0.6305345,0.0004798621,False
9B,256,1.0,2,235,x,236,0.00069187616,86484.52,0.98919165,0.98919165,True
9B,256,1.0,2,236,x,237,0.0006889568,86119.6,0.9987465,0.9987465,True
9B,256,1.0,2,237,x,238,0.0006860621,85757.76,0.9987164,0.9987164,True
9B,256,1.0,2,238,x,239,0.0006831915,85398.94,0.9987223,0.9987223,True
9B,256,1.0,2,239,x,240,0.00068034494,85043.12,0.998783,0.998783,True
9B,256,1.0,2,240,x,241,0.0006775219,84690.24,0.99862933,0.99862933,True
9B,256,1.0,2,241,x,242,0.0006747222,84340.27,0.9987018,0.9987018,True
9B,256,1.0,2,242,x,243,0.00067194557,83993.195,0.99844563,0.99844563,True
9B,256,1.0,2,243,x,244,0.00066919165,83648.95,0.02453974,0.0075456947,False
9B,256,1.0,2,244,x,245,0.00066646026,83307.53,0.9986222,0.9986222,True
9B,256,1.0,2,245,x,246,0.0006637511,82968.89,0.9986698,0.9986698,True
9B,256,1.0,2,246,x,247,0.0006610639,82632.984,0.99865854,0.99865854,True
9B,256,1.0,2,247,x,248,0.00065839826,82299.78,0.033356518,0.01652743,False
9B,256,1.0,2,248,x,249,0.00065575406,81969.26,0.9944915,0.9944915,True
9B,256,1.0,2,249,x,250,0.0006531311,81641.39,0.7119987,0.7119987,False
9B,256,1.0,2,250,x,251,0.000650529,81316.125,0.65255725,0.00078178965,False
9B,256,1.0,2,251,x,252,0.00064794754,80993.445,0.9908414,0.9908414,True
9B,256,1.0,2,252,x,253,0.00064538646,80673.305,0.030293385,0.002914602,False
9B,256,1.0,2,253,x,254,0.0006428456,80355.695,0.022001125,0.0040325057,False
9B,256,1.0,2,254,x,255,0.0006403246,80040.58,0.037666507,0.027696647,False
9B,256,1.0,2,255,x,256,0.0006378233,79727.914,0.99854887,0.99854887,True
9B,256,1.0,2,256,y,1,0.16328277,20410346.0,0.999647,0.999647,True
9B,256,1.0,2,257,y,2,0.08164138,10205173.0,0.9996614,0.9996614,True
9B,256,1.0,2,258,y,3,0.054427594,6803449.0,0.99885595,0.9980569,True
9B,256,1.0,2,259,y,4,0.04082069,5102586.5,0.9988214,0.9988214,True
9B,256,1.0,2,260,y,5,0.032656554,4082069.2,0.99885446,0.99885446,True
9B,256,1.0,2,261,y,6,0.027213797,3401724.5,0.9989914,0.9989914,True
9B,256,1.0,2,262,y,7,0.023326112,2915764.0,0.9985677,0.9985677,True
9B,256,1.0,2,263,y,8,0.020410346,2551293.2,0.9986851,0.9986851,True
9B,256,1.0,2,264,y,9,0.01814253,2267816.2,0.99899596,0.99899596,True
9B,256,1.0,2,265,y,10,0.016328277,2041034.6,0.99891615,0.99891615,True
9B,256,1.0,2,266,y,11,0.014843889,1855486.1,0.9987991,0.9987991,True
9B,256,1.0,2,267,y,12,0.0136068985,1700862.2,0.9987003,0.9987003,True
9B,256,1.0,2,268,y,13,0.012560214,1570026.8,0.998785,0.9981662,True
9B,256,1.0,2,269,y,14,0.011663056,1457882.0,0.9990625,0.99856734,True
9B,256,1.0,2,270,y,15,0.010885519,1360689.9,0.99870974,0.99870974,True
9B,256,1.0,2,271,y,16,0.010205173,1275646.6,0.9986185,0.9986185,True
9B,256,1.0,2,272,y,17,0.009604869,1200608.6,0.99872184,0.99872184,True
9B,256,1.0,2,273,y,18,0.009071265,1133908.1,0.99877596,0.99877596,True
9B,256,1.0,2,274,y,19,0.00859383,1074228.8,0.99874437,0.99874437,True
9B,256,1.0,2,275,y,20,0.0081641385,1020517.3,0.99873054,0.99873054,True
9B,256,1.0,2,276,y,21,0.00777537,971921.25,0.9986396,0.9986396,True
9B,256,1.0,2,277,y,22,0.0074219443,927743.06,0.9987463,0.9987463,True
9B,256,1.0,2,278,y,23,0.0070992513,887406.44,0.9986839,0.9986839,True
9B,256,1.0,2,279,y,24,0.0068034492,850431.1,0.9988309,0.99852455,True
9B,256,1.0,2,280,y,25,0.0065313107,816413.8,0.9986338,0.9986338,True
9B,256,1.0,2,281,y,26,0.006280107,785013.4,0.99855626,0.99855626,True
9B,256,1.0,2,282,y,27,0.00604751,755938.75,0.99867404,0.99867404,True
9B,256,1.0,2,283,y,28,0.005831528,728941.0,0.99875313,0.99875313,True
9B,256,1.0,2,284,y,29,0.0056304405,703805.06,0.9987129,0.9987129,True
9B,256,1.0,2,285,y,30,0.0054427595,680344.94,0.9988438,0.9988438,True
9B,256,1.0,2,286,y,31,0.005267186,658398.25,0.99871457,0.99871457,True
9B,256,1.0,2,287,y,32,0.0051025865,637823.3,0.9986908,0.9986908,True
9B,256,1.0,2,288,y,33,0.0049479627,618495.3,0.998453,0.998453,True
9B,256,1.0,2,289,y,34,0.0048024347,600304.3,0.9987092,0.9987092,True
9B,256,1.0,2,290,y,35,0.004665222,583152.75,0.9987042,0.9987042,True
9B,256,1.0,2,291,y,36,0.0045356327,566954.06,0.9987626,0.9987626,True
9B,256,1.0,2,292,y,37,0.004413048,551631.0,0.99877155,0.99877155,True
9B,256,1.0,2,293,y,38,0.004296915,537114.4,0.998611,0.998611,True
9B,256,1.0,2,294,y,39,0.004186738,523342.22,0.99873734,0.99873734,True
9B,256,1.0,2,295,y,40,0.0040820693,510258.66,0.9986809,0.9986809,True
9B,256,1.0,2,296,y,41,0.0039825067,497813.34,0.9986781,0.9986781,True
9B,256,1.0,2,297,y,42,0.003887685,485960.62,0.99846995,0.99846995,True
9B,256,1.0,2,298,y,43,0.0037972739,474659.22,0.99867356,0.99867356,True
9B,256,1.0,2,299,y,44,0.0037109721,463871.53,0.998804,0.998804,True
9B,256,1.0,2,300,y,45,0.003628506,453563.25,0.9986795,0.9986795,True
9B,256,1.0,2,301,y,46,0.0035496256,443703.22,0.9987632,0.9987632,True
9B,256,1.0,2,302,y,47,0.0034741014,434262.7,0.9986932,0.9986932,True
9B,256,1.0,2,303,y,48,0.0034017246,425215.56,0.99867696,0.99867696,True
9B,256,1.0,2,304,y,49,0.0033323015,416537.7,0.99868894,0.99868894,True
9B,256,1.0,2,305,y,50,0.0032656554,408206.9,0.99854434,0.99854434,True
9B,256,1.0,2,306,y,51,0.003201623,400202.88,0.99869406,0.99869406,True
9B,256,1.0,2,307,y,52,0.0031400535,392506.7,0.9986824,0.9986824,True
9B,256,1.0,2,308,y,53,0.0030808072,385100.9,0.9987279,0.9987279,True
9B,256,1.0,2,309,y,54,0.003023755,377969.38,0.99864674,0.99864674,True
9B,256,1.0,2,310,y,55,0.0029687777,371097.22,0.9986793,0.9986793,True
9B,256,1.0,2,311,y,56,0.002915764,364470.5,0.9987153,0.9987153,True
9B,256,1.0,2,312,y,57,0.0028646102,358076.28,0.998613,0.998613,True
9B,256,1.0,2,313,y,58,0.0028152203,351902.53,0.998798,0.998798,True
9B,256,1.0,2,314,y,59,0.0027675047,345938.1,0.99874556,0.99874556,True
9B,256,1.0,2,315,y,60,0.0027213797,340172.47,0.99875534,0.99875534,True
9B,256,1.0,2,316,y,61,0.0026767666,334595.8,0.99868655,0.99868655,True
9B,256,1.0,2,317,y,62,0.002633593,329199.12,0.9986528,0.9986528,True
9B,256,1.0,2,318,y,63,0.0025917902,323973.78,0.9988574,0.9988574,True
9B,256,1.0,2,319,y,64,0.0025512932,318911.66,0.99866164,0.99866164,True
9B,256,1.0,2,320,y,65,0.0025120426,314005.34,0.9987534,0.9987534,True
9B,256,1.0,2,321,y,66,0.0024739814,309247.66,0.99868524,0.99868524,True
9B,256,1.0,2,322,y,67,0.0024370563,304632.03,0.99876714,0.99876714,True
9B,256,1.0,2,323,y,68,0.0024012174,300152.16,0.9986997,0.9986997,True
9B,256,1.0,2,324,y,69,0.002366417,295802.12,0.9986385,0.9986385,True
9B,256,1.0,2,325,y,70,0.002332611,291576.38,0.99882126,0.99882126,True
9B,256,1.0,2,326,y,71,0.0022997572,287469.66,0.9987469,0.9987469,True
9B,256,1.0,2,327,y,72,0.0022678163,283477.03,0.9987129,0.9987129,True
9B,256,1.0,2,328,y,73,0.0022367502,279593.78,0.99883103,0.99883103,True
9B,256,1.0,2,329,y,74,0.002206524,275815.5,0.99869984,0.99869984,True
9B,256,1.0,2,330,y,75,0.0021771037,272137.97,0.99876344,0.99876344,True
9B,256,1.0,2,331,y,76,0.0021484576,268557.2,0.99873114,0.99873114,True
9B,256,1.0,2,332,y,77,0.0021205554,265069.44,0.9987241,0.9987241,True
9B,256,1.0,2,333,y,78,0.002093369,261671.11,0.9986701,0.9986701,True
9B,256,1.0,2,334,y,79,0.0020668707,258358.83,0.998585,0.998585,True
9B,256,1.0,2,335,y,80,0.0020410346,255129.33,0.99865615,0.99865615,True
9B,256,1.0,2,336,y,81,0.0020158368,251979.6,0.9987106,0.9987106,True
9B,256,1.0,2,337,y,82,0.0019912533,248906.67,0.9987432,0.9987432,True
9B,256,1.0,2,338,y,83,0.0019672622,245907.78,0.99861467,0.99861467,True
9B,256,1.0,2,339,y,84,0.0019438425,242980.31,0.9987354,0.9987354,True
9B,256,1.0,2,340,y,85,0.0019209739,240121.73,0.9987961,0.9987961,True
9B,256,1.0,2,341,y,86,0.0018986369,237329.61,0.998793,0.998793,True
9B,256,1.0,2,342,y,87,0.0018768135,234601.69,0.9987457,0.9987457,True
9B,256,1.0,2,343,y,88,0.0018554861,231935.77,0.9986206,0.9986206,True
9B,256,1.0,2,344,y,89,0.001834638,229329.75,0.9987314,0.9987314,True
9B,256,1.0,2,345,y,90,0.001814253,226781.62,0.9987112,0.9987112,True
9B,256,1.0,2,346,y,91,0.0017943162,224289.53,0.9986951,0.9986951,True
9B,256,1.0,2,347,y,92,0.0017748128,221851.61,0.9987566,0.9987566,True
9B,256,1.0,2,348,y,93,0.0017557287,219466.1,0.9987961,0.9987961,True
9B,256,1.0,2,349,y,94,0.0017370507,217131.34,0.9988599,0.9988599,True
9B,256,1.0,2,350,y,95,0.001718766,214845.75,0.9987807,0.9987807,True
9B,256,1.0,2,351,y,96,0.0017008623,212607.78,0.9985903,0.9985903,True
9B,256,1.0,2,352,y,97,0.0016833275,210415.94,0.9924016,0.9924016,True
9B,256,1.0,2,353,y,98,0.0016661508,208268.84,0.7425144,0.7425144,False
9B,256,1.0,2,354,y,99,0.0016493209,206165.12,0.9987523,0.9987523,True
9B,256,1.0,2,355,y,100,0.0016328277,204103.45,0.99891007,0.99891007,True
9B,256,1.0,2,356,y,101,0.0016166611,202082.64,0.8302318,0.8302318,False
9B,256,1.0,2,357,y,102,0.0016008115,200101.44,0.9944829,0.9944829,True
9B,256,1.0,2,358,y,103,0.0015852697,198158.72,0.99875915,0.99875915,True
9B,256,1.0,2,359,y,104,0.0015700267,196253.34,0.99876606,0.99876606,True
9B,256,1.0,2,360,y,105,0.0015550741,194384.27,0.9987416,0.9987416,True
9B,256,1.0,2,361,y,106,0.0015404036,192550.45,0.9985755,0.9985755,True
9B,256,1.0,2,362,y,107,0.0015260072,190750.9,0.99860376,0.99860376,True
9B,256,1.0,2,363,y,108,0.0015118775,188984.69,0.9987156,0.9987156,True
9B,256,1.0,2,364,y,109,0.001498007,187250.88,0.99861264,0.99861264,True
9B,256,1.0,2,365,y,110,0.0014843888,185548.61,0.9985961,0.9985961,True
9B,256,1.0,2,366,y,111,0.001471016,183877.0,0.9985871,0.9985871,True
9B,256,1.0,2,367,y,112,0.001457882,182235.25,0.99867755,0.99867755,True
9B,256,1.0,2,368,y,113,0.0014449803,180622.53,0.99133515,0.99133515,True
9B,256,1.0,2,369,y,114,0.0014323051,179038.14,0.5936881,0.0031720027,False
9B,256,1.0,2,370,y,115,0.0014198502,177481.27,0.9987253,0.9987253,True
9B,256,1.0,2,371,y,116,0.0014076101,175951.27,0.99862856,0.99862856,True
9B,256,1.0,2,372,y,117,0.0013955793,174447.4,0.9985205,0.9985205,True
9B,256,1.0,2,373,y,118,0.0013837523,172969.05,0.998654,0.998654,True
9B,256,1.0,2,374,y,119,0.0013721242,171515.52,0.78516936,0.78516936,False
9B,256,1.0,2,375,y,120,0.0013606899,170086.23,0.99449635,0.99449635,True
9B,256,1.0,2,376,y,121,0.0013494444,168680.55,0.9985334,0.9985334,True
9B,256,1.0,2,377,y,122,0.0013383833,167297.9,0.9986549,0.9986549,True
9B,256,1.0,2,378,y,123,0.0013275022,165937.78,0.99872005,0.99872005,True
9B,256,1.0,2,379,y,124,0.0013167965,164599.56,0.9987334,0.9987334,True
9B,256,1.0,2,380,y,125,0.0013062622,163282.78,0.9987898,0.9987898,True
9B,256,1.0,2,381,y,126,0.0012958951,161986.89,0.99865913,0.99865913,True
9B,256,1.0,2,382,y,127,0.0012856912,160711.39,0.99880195,0.99880195,True
9B,256,1.0,2,383,y,128,0.0012756466,159455.83,0.9986582,0.9986582,True
9B,256,1.0,2,384,y,129,0.001265758,158219.75,0.9986521,0.9986521,True
9B,256,1.0,2,385,y,130,0.0012560213,157002.67,0.9987458,0.9987458,True
9B,256,1.0,2,386,y,131,0.0012464334,155804.17,0.9929271,0.9929271,True
9B,256,1.0,2,387,y,132,0.0012369907,154623.83,0.7066752,0.7066752,False
9B,256,1.0,2,388,y,133,0.00122769,153461.25,0.9986883,0.9986883,True
9B,256,1.0,2,389,y,134,0.0012185281,152316.02,0.99868727,0.99868727,True
9B,256,1.0,2,390,y,135,0.001209502,151187.75,0.9986892,0.9986892,True
9B,256,1.0,2,391,y,136,0.0012006087,150076.08,0.9986416,0.9986416,True
9B,256,1.0,2,392,y,137,0.001191845,148980.62,0.99848056,0.99848056,True
9B,256,1.0,2,393,y,138,0.0011832085,147901.06,0.99870706,0.99870706,True
9B,256,1.0,2,394,y,139,0.0011746963,146837.03,0.61457866,0.002288418,False
9B,256,1.0,2,395,y,140,0.0011663055,145788.19,0.99365985,0.99365985,True
9B,256,1.0,2,396,y,141,0.0011580338,144754.23,0.99875665,0.99875665,True
9B,256,1.0,2,397,y,142,0.0011498786,143734.83,0.99871635,0.99871635,True
9B,256,1.0,2,398,y,143,0.0011418376,142729.7,0.99862576,0.99862576,True
9B,256,1.0,2,399,y,144,0.0011339082,141738.52,0.9986727,0.9986727,True
9B,256,1.0,2,400,y,145,0.0011260881,140761.02,0.9987588,0.9987588,True
9B,256,1.0,2,401,y,146,0.0011183751,139796.89,0.9986454,0.9986454,True
9B,256,1.0,2,402,y,147,0.0011107671,138845.89,0.9988232,0.9988232,True
9B,256,1.0,2,403,y,148,0.001103262,137907.75,0.9988041,0.9988041,True
9B,256,1.0,2,404,y,149,0.0010958576,136982.2,0.9986111,0.9986111,True
9B,256,1.0,2,405,y,150,0.0010885518,136068.98,0.99856883,0.99856883,True
9B,256,1.0,2,406,y,151,0.0010813428,135167.84,0.99883294,0.99883294,True
9B,256,1.0,2,407,y,152,0.0010742288,134278.6,0.9988343,0.9988343,True
9B,256,1.0,2,408,y,153,0.0010672077,133400.95,0.99879307,0.99879307,True
9B,256,1.0,2,409,y,154,0.0010602777,132534.72,0.99886227,0.99886227,True
9B,256,1.0,2,410,y,155,0.0010534372,131679.66,0.9985583,0.9985583,True
9B,256,1.0,2,411,y,156,0.0010466845,130835.555,0.9981063,0.9981063,True
9B,256,1.0,2,412,y,157,0.0010400177,130002.21,0.7568378,0.7568378,False
9B,256,1.0,2,413,y,158,0.0010334353,129179.414,0.99222255,0.99222255,True
9B,256,1.0,2,414,y,159,0.0010269356,128366.95,0.9987426,0.9987426,True
9B,256,1.0,2,415,y,160,0.0010205173,127564.664,0.9986329,0.9986329,True
9B,256,1.0,2,416,y,161,0.0010141787,126772.34,0.998819,0.998819,True
9B,256,1.0,2,417,y,162,0.0010079184,125989.8,0.9984849,0.9984849,True
9B,256,1.0,2,418,y,163,0.0010017348,125216.84,0.9988228,0.9988228,True
9B,256,1.0,2,419,y,164,0.0009956267,124453.336,0.99878573,0.99878573,True
9B,256,1.0,2,420,y,165,0.0009895925,123699.06,0.99875236,0.99875236,True
9B,256,1.0,2,421,y,166,0.0009836311,122953.89,0.99875927,0.99875927,True
9B,256,1.0,2,422,y,167,0.0009777412,122217.65,0.99873275,0.99873275,True
9B,256,1.0,2,423,y,168,0.00097192125,121490.16,0.998803,0.998803,True
9B,256,1.0,2,424,y,169,0.0009661703,120771.28,0.99878407,0.99878407,True
9B,256,1.0,2,425,y,170,0.00096048694,120060.87,0.9988393,0.9988393,True
9B,256,1.0,2,426,y,171,0.00095487,119358.75,0.9987827,0.9987827,True
9B,256,1.0,2,427,y,172,0.00094931846,118664.805,0.9987447,0.9987447,True
9B,256,1.0,2,428,y,173,0.00094383105,117978.88,0.71716356,0.71716356,False
9B,256,1.0,2,429,y,174,0.00093840674,117300.84,0.9940596,0.9940596,True
9B,256,1.0,2,430,y,175,0.0009330444,116630.555,0.9985529,0.9985529,True
9B,256,1.0,2,431,y,176,0.00092774304,115967.88,0.998667,0.998667,True
9B,256,1.0,2,432,y,177,0.00092250155,115312.695,0.9986547,0.9986547,True
9B,256,1.0,2,433,y,178,0.000917319,114664.875,0.9987049,0.9987049,True
9B,256,1.0,2,434,y,179,0.00091219426,114024.28,0.9988024,0.9988024,True
9B,256,1.0,2,435,y,180,0.0009071265,113390.81,0.9988895,0.9988895,True
9B,256,1.0,2,436,y,181,0.0009021148,112764.35,0.99872655,0.99872655,True
9B,256,1.0,2,437,y,182,0.0008971581,112144.766,0.9988551,0.9988551,True
9B,256,1.0,2,438,y,183,0.0008922556,111531.945,0.99869984,0.99869984,True
9B,256,1.0,2,439,y,184,0.0008874064,110925.805,0.99868226,0.99868226,True
9B,256,1.0,2,440,y,185,0.0008826096,110326.195,0.7406447,0.7406447,False
9B,256,1.0,2,441,y,186,0.00087786437,109733.05,0.9923102,0.9923102,True
9B,256,1.0,2,442,y,187,0.0008731699,109146.24,0.99870205,0.99870205,True
9B,256,1.0,2,443,y,188,0.00086852536,108565.67,0.99849784,0.99849784,True
9B,256,1.0,2,444,y,189,0.00086393,107991.25,0.99856985,0.99856985,True
9B,256,1.0,2,445,y,190,0.000859383,107422.875,0.99886227,0.99886227,True
9B,256,1.0,2,446,y,191,0.00085488363,106860.45,0.99885666,0.99885666,True
9B,256,1.0,2,447,y,192,0.00085043116,106303.89,0.9988426,0.9988426,True
9B,256,1.0,2,448,y,193,0.0008460247,105753.09,0.7203996,0.7203996,False
9B,256,1.0,2,449,y,194,0.00084166374,105207.97,0.9919441,0.9919441,True
9B,256,1.0,2,450,y,195,0.0008373476,104668.445,0.99862564,0.99862564,True
9B,256,1.0,2,451,y,196,0.0008330754,104134.42,0.99878883,0.99878883,True
9B,256,1.0,2,452,y,197,0.00082884653,103605.82,0.99875,0.99875,True
9B,256,1.0,2,453,y,198,0.00082466047,103082.56,0.99857783,0.99857783,True
9B,256,1.0,2,454,y,199,0.00082051643,102564.555,0.9982392,0.9982392,True
9B,256,1.0,2,455,y,200,0.00081641384,102051.73,0.9987427,0.9987427,True
9B,256,1.0,2,456,y,201,0.00081235205,101544.01,0.67588615,0.0013419911,False
9B,256,1.0,2,457,y,202,0.00080833054,101041.32,0.99259675,0.99259675,True
9B,256,1.0,2,458,y,203,0.0008043486,100543.58,0.99862456,0.99862456,True
9B,256,1.0,2,459,y,204,0.00080040575,100050.72,0.9987656,0.9987656,True
9B,256,1.0,2,460,y,205,0.00079650135,99562.67,0.9923483,0.9923483,True
9B,256,1.0,2,461,y,206,0.00079263485,99079.36,0.66497743,0.0010668542,False
9B,256,1.0,2,462,y,207,0.00078880566,98600.71,0.99103415,0.99103415,True
9B,256,1.0,2,463,y,208,0.00078501337,98126.67,0.692731,0.00319607,False
9B,256,1.0,2,464,y,209,0.00078125723,97657.16,0.9987235,0.9987235,True
9B,256,1.0,2,465,y,210,0.00077753706,97192.13,0.9987489,0.9987489,True
9B,256,1.0,2,466,y,211,0.00077385205,96731.51,0.9927715,0.9927715,True
9B,256,1.0,2,467,y,212,0.0007702018,96275.23,0.6933625,0.045231666,False
9B,256,1.0,2,468,y,213,0.0007665858,95823.23,0.9986819,0.9986819,True
9B,256,1.0,2,469,y,214,0.0007630036,95375.45,0.99859655,0.99859655,True
9B,256,1.0,2,470,y,215,0.00075945474,94931.84,0.9987956,0.9987956,True
9B,256,1.0,2,471,y,216,0.00075593876,94492.34,0.998718,0.998718,True
9B,256,1.0,2,472,y,217,0.00075245515,94056.89,0.99876106,0.99876106,True
9B,256,1.0,2,473,y,218,0.0007490035,93625.44,0.9986479,0.9986479,True
9B,256,1.0,2,474,y,219,0.0007455834,93197.92,0.6534724,0.00050850585,False
9B,256,1.0,2,475,y,220,0.0007421944,92774.305,0.9911212,0.9911212,True
9B,256,1.0,2,476,y,221,0.0007388361,92354.516,0.95384675,0.95384675,True
9B,256,1.0,2,477,y,222,0.000735508,91938.5,0.95032823,0.95032823,True
9B,256,1.0,2,478,y,223,0.00073220977,91526.22,0.99862355,0.99862355,True
9B,256,1.0,2,479,y,224,0.000728941,91117.625,0.9986758,0.9986758,True
9B,256,1.0,2,480,y,225,0.0007257012,90712.65,0.99856997,0.99856997,True
9B,256,1.0,2,481,y,226,0.00072249013,90311.266,0.99877036,0.99877036,True
9B,256,1.0,2,482,y,227,0.00071930734,89913.414,0.9908779,0.9908779,True
9B,256,1.0,2,483,y,228,0.00071615254,89519.07,0.6716888,0.10393472,False
9B,256,1.0,2,484,y,229,0.0007130252,89128.16,0.02411183,0.0043844767,False
9B,256,1.0,2,485,y,230,0.0007099251,88740.63,0.9984195,0.9984195,True
9B,256,1.0,2,486,y,231,0.00070685183,88356.48,0.9987978,0.9987978,True
9B,256,1.0,2,487,y,232,0.00070380507,87975.63,0.33169428,0.0014531147,False
9B,256,1.0,2,488,y,233,0.00070078444,87598.055,0.9985167,0.9985167,True
9B,256,1.0,2,489,y,234,0.00069778966,87223.7,0.99874806,0.99874806,True
9B,256,1.0,2,490,y,235,0.0006948203,86852.54,0.99855095,0.99855095,True
9B,256,1.0,2,491,y,236,0.00069187616,86484.52,0.29529852,0.0034003193,False
9B,256,1.0,2,492,y,237,0.0006889568,86119.6,0.3099556,0.0016294755,False
9B,256,1.0,2,493,y,238,0.0006860621,85757.76,0.9988773,0.9988773,True
9B,256,1.0,2,494,y,239,0.0006831915,85398.94,0.9988085,0.9988085,True
9B,256,1.0,2,495,y,240,0.00068034494,85043.12,0.9987229,0.9987229,True
9B,256,1.0,2,496,y,241,0.0006775219,84690.24,0.9428697,0.9428697,True
9B,256,1.0,2,497,y,242,0.0006747222,84340.27,0.94636977,0.94636977,True
9B,256,1.0,2,498,y,243,0.00067194557,83993.195,0.6282409,0.0039061755,False
9B,256,1.0,2,499,y,244,0.00066919165,83648.95,0.99196935,0.99196935,True
9B,256,1.0,2,500,y,245,0.00066646026,83307.53,0.70214665,0.00090110675,False
9B,256,1.0,2,501,y,246,0.0006637511,82968.89,0.9923537,0.9923537,True
9B,256,1.0,2,502,y,247,0.0006610639,82632.984,0.99292624,0.99292624,True
9B,256,1.0,2,503,y,248,0.00065839826,82299.78,0.71845967,0.71845967,False
9B,256,1.0,2,504,y,249,0.00065575406,81969.26,0.99862623,0.99862623,True
9B,256,1.0,2,505,y,250,0.0006531311,81641.39,0.024125598,0.0040411274,False
9B,256,1.0,2,506,y,251,0.000650529,81316.125,0.69536114,0.014368972,False
9B,256,1.0,2,507,y,252,0.00064794754,80993.445,0.9929739,0.9929739,True
9B,256,1.0,2,508,y,253,0.00064538646,80673.305,0.98801637,0.98801637,True
9B,256,1.0,2,509,y,254,0.0006428456,80355.695,0.55718696,0.0009261966,False
9B,256,1.0,2,510,y,255,0.0006403246,80040.58,0.028759096,0.008377981,False
9B,256,1.0,2,511,y,256,0.0006378233,79727.914,0.029310452,0.029310452,False
9B,256,1.0,3,0,x,1,0.16328277,20410346.0,0.999557,0.999557,True
9B,256,1.0,3,1,x,2,0.08164138,10205173.0,0.99964345,0.99964345,True
9B,256,1.0,3,2,x,3,0.054427594,6803449.0,0.99865365,0.99865365,True
9B,256,1.0,3,3,x,4,0.04082069,5102586.5,0.9985757,0.9985757,True
9B,256,1.0,3,4,x,5,0.032656554,4082069.2,0.99848914,0.99848914,True
9B,256,1.0,3,5,x,6,0.027213797,3401724.5,0.9985969,0.9985969,True
9B,256,1.0,3,6,x,7,0.023326112,2915764.0,0.9984753,0.9984753,True
9B,256,1.0,3,7,x,8,0.020410346,2551293.2,0.9984739,0.9984739,True
9B,256,1.0,3,8,x,9,0.01814253,2267816.2,0.9982923,0.9982923,True
9B,256,1.0,3,9,x,10,0.016328277,2041034.6,0.9983287,0.9983287,True
9B,256,1.0,3,10,x,11,0.014843889,1855486.1,0.9984565,0.9984565,True
9B,256,1.0,3,11,x,12,0.0136068985,1700862.2,0.9984015,0.9984015,True
9B,256,1.0,3,12,x,13,0.012560214,1570026.8,0.9984468,0.9984468,True
9B,256,1.0,3,13,x,14,0.011663056,1457882.0,0.9984194,0.9984194,True
9B,256,1.0,3,14,x,15,0.010885519,1360689.9,0.9984879,0.9984879,True
9B,256,1.0,3,15,x,16,0.010205173,1275646.6,0.99829185,0.99829185,True
9B,256,1.0,3,16,x,17,0.009604869,1200608.6,0.99838185,0.99838185,True
9B,256,1.0,3,17,x,18,0.009071265,1133908.1,0.9983577,0.9983577,True
9B,256,1.0,3,18,x,19,0.00859383,1074228.8,0.9984007,0.9984007,True
9B,256,1.0,3,19,x,20,0.0081641385,1020517.3,0.9983225,0.9983225,True
9B,256,1.0,3,20,x,21,0.00777537,971921.25,0.998361,0.998361,True
9B,256,1.0,3,21,x,22,0.0074219443,927743.06,0.99831605,0.99831605,True
9B,256,1.0,3,22,x,23,0.0070992513,887406.44,0.99838644,0.99838644,True
9B,256,1.0,3,23,x,24,0.0068034492,850431.1,0.9982672,0.9982672,True
9B,256,1.0,3,24,x,25,0.0065313107,816413.8,0.99840677,0.99840677,True
9B,256,1.0,3,25,x,26,0.006280107,785013.4,0.99843514,0.99843514,True
9B,256,1.0,3,26,x,27,0.00604751,755938.75,0.9984528,0.9984528,True
9B,256,1.0,3,27,x,28,0.005831528,728941.0,0.9984156,0.9984156,True
9B,256,1.0,3,28,x,29,0.0056304405,703805.06,0.9984735,0.9984735,True
9B,256,1.0,3,29,x,30,0.0054427595,680344.94,0.9983381,0.9983381,True
9B,256,1.0,3,30,x,31,0.005267186,658398.25,0.9981736,0.9981736,True
9B,256,1.0,3,31,x,32,0.0051025865,637823.3,0.99826723,0.99826723,True
9B,256,1.0,3,32,x,33,0.0049479627,618495.3,0.99850994,0.99850994,True
9B,256,1.0,3,33,x,34,0.0048024347,600304.3,0.9981446,0.9981446,True
9B,256,1.0,3,34,x,35,0.004665222,583152.75,0.9983218,0.9983218,True
9B,256,1.0,3,35,x,36,0.0045356327,566954.06,0.9982413,0.9982413,True
9B,256,1.0,3,36,x,37,0.004413048,551631.0,0.99848604,0.99848604,True
9B,256,1.0,3,37,x,38,0.004296915,537114.4,0.99842054,0.99842054,True
9B,256,1.0,3,38,x,39,0.004186738,523342.22,0.99847674,0.99847674,True
9B,256,1.0,3,39,x,40,0.0040820693,510258.66,0.99832284,0.99832284,True
9B,256,1.0,3,40,x,41,0.0039825067,497813.34,0.9980887,0.9980887,True
9B,256,1.0,3,41,x,42,0.003887685,485960.62,0.9981954,0.9981954,True
9B,256,1.0,3,42,x,43,0.0037972739,474659.22,0.9983621,0.9983621,True
9B,256,1.0,3,43,x,44,0.0037109721,463871.53,0.99841845,0.99841845,True
9B,256,1.0,3,44,x,45,0.003628506,453563.25,0.9982133,0.9982133,True
9B,256,1.0,3,45,x,46,0.0035496256,443703.22,0.9984455,0.9984455,True
9B,256,1.0,3,46,x,47,0.0034741014,434262.7,0.9984132,0.9984132,True
9B,256,1.0,3,47,x,48,0.0034017246,425215.56,0.99844205,0.99844205,True
9B,256,1.0,3,48,x,49,0.0033323015,416537.7,0.99829876,0.99829876,True
9B,256,1.0,3,49,x,50,0.0032656554,408206.9,0.9981759,0.9981759,True
9B,256,1.0,3,50,x,51,0.003201623,400202.88,0.99825644,0.99825644,True
9B,256,1.0,3,51,x,52,0.0031400535,392506.7,0.9983772,0.9983772,True
9B,256,1.0,3,52,x,53,0.0030808072,385100.9,0.998453,0.998453,True
9B,256,1.0,3,53,x,54,0.003023755,377969.38,0.99841595,0.99841595,True
9B,256,1.0,3,54,x,55,0.0029687777,371097.22,0.9984211,0.9984211,True
9B,256,1.0,3,55,x,56,0.002915764,364470.5,0.998268,0.998268,True
9B,256,1.0,3,56,x,57,0.0028646102,358076.28,0.9983732,0.9983732,True
9B,256,1.0,3,57,x,58,0.0028152203,351902.53,0.99848014,0.99848014,True
9B,256,1.0,3,58,x,59,0.0027675047,345938.1,0.9982028,0.9982028,True
9B,256,1.0,3,59,x,60,0.0027213797,340172.47,0.99845403,0.99845403,True
9B,256,1.0,3,60,x,61,0.0026767666,334595.8,0.9981942,0.9981942,True
9B,256,1.0,3,61,x,62,0.002633593,329199.12,0.99850106,0.99850106,True
9B,256,1.0,3,62,x,63,0.0025917902,323973.78,0.99840546,0.99840546,True
9B,256,1.0,3,63,x,64,0.0025512932,318911.66,0.9982466,0.9982466,True
9B,256,1.0,3,64,x,65,0.0025120426,314005.34,0.9984596,0.9984596,True
9B,256,1.0,3,65,x,66,0.0024739814,309247.66,0.9983307,0.9983307,True
9B,256,1.0,3,66,x,67,0.0024370563,304632.03,0.9982652,0.9982652,True
9B,256,1.0,3,67,x,68,0.0024012174,300152.16,0.998837,0.998837,True
9B,256,1.0,3,68,x,69,0.002366417,295802.12,0.99832463,0.99832463,True
9B,256,1.0,3,69,x,70,0.002332611,291576.38,0.99836624,0.99836624,True
9B,256,1.0,3,70,x,71,0.0022997572,287469.66,0.9981911,0.9981911,True
9B,256,1.0,3,71,x,72,0.0022678163,283477.03,0.99826616,0.99826616,True
9B,256,1.0,3,72,x,73,0.0022367502,279593.78,0.9983653,0.9983653,True
9B,256,1.0,3,73,x,74,0.002206524,275815.5,0.99832296,0.99832296,True
9B,256,1.0,3,74,x,75,0.0021771037,272137.97,0.9983001,0.9983001,True
9B,256,1.0,3,75,x,76,0.0021484576,268557.2,0.998308,0.998308,True
9B,256,1.0,3,76,x,77,0.0021205554,265069.44,0.99855876,0.99855876,True
9B,256,1.0,3,77,x,78,0.002093369,261671.11,0.99857295,0.99857295,True
9B,256,1.0,3,78,x,79,0.0020668707,258358.83,0.99826926,0.99826926,True
9B,256,1.0,3,79,x,80,0.0020410346,255129.33,0.9984228,0.9984228,True
9B,256,1.0,3,80,x,81,0.0020158368,251979.6,0.99832237,0.99832237,True
9B,256,1.0,3,81,x,82,0.0019912533,248906.67,0.9983972,0.9983972,True
9B,256,1.0,3,82,x,83,0.0019672622,245907.78,0.99834347,0.99834347,True
9B,256,1.0,3,83,x,84,0.0019438425,242980.31,0.9982785,0.9982785,True
9B,256,1.0,3,84,x,85,0.0019209739,240121.73,0.9982127,0.9982127,True
9B,256,1.0,3,85,x,86,0.0018986369,237329.61,0.99840224,0.99840224,True
9B,256,1.0,3,86,x,87,0.0018768135,234601.69,0.99832237,0.99832237,True
9B,256,1.0,3,87,x,88,0.0018554861,231935.77,0.99835974,0.99835974,True
9B,256,1.0,3,88,x,89,0.001834638,229329.75,0.99845827,0.99845827,True
9B,256,1.0,3,89,x,90,0.001814253,226781.62,0.9980177,0.9980177,True
9B,256,1.0,3,90,x,91,0.0017943162,224289.53,0.9984993,0.9984993,True
9B,256,1.0,3,91,x,92,0.0017748128,221851.61,0.998404,0.998404,True
9B,256,1.0,3,92,x,93,0.0017557287,219466.1,0.99846286,0.99846286,True
9B,256,1.0,3,93,x,94,0.0017370507,217131.34,0.9975306,0.9975306,True
9B,256,1.0,3,94,x,95,0.001718766,214845.75,0.9984405,0.9984405,True
9B,256,1.0,3,95,x,96,0.0017008623,212607.78,0.9986259,0.9986259,True
9B,256,1.0,3,96,x,97,0.0016833275,210415.94,0.9980823,0.9980823,True
9B,256,1.0,3,97,x,98,0.0016661508,208268.84,0.9983121,0.9983121,True
9B,256,1.0,3,98,x,99,0.0016493209,206165.12,0.9982617,0.9982617,True
9B,256,1.0,3,99,x,100,0.0016328277,204103.45,0.9984129,0.9984129,True
9B,256,1.0,3,100,x,101,0.0016166611,202082.64,0.9984471,0.9984471,True
9B,256,1.0,3,101,x,102,0.0016008115,200101.44,0.9982835,0.9982835,True
9B,256,1.0,3,102,x,103,0.0015852697,198158.72,0.99412,0.99412,True
9B,256,1.0,3,103,x,104,0.0015700267,196253.34,0.8278998,0.8278998,False
9B,256,1.0,3,104,x,105,0.0015550741,194384.27,0.998312,0.998312,True
9B,256,1.0,3,105,x,106,0.0015404036,192550.45,0.9979847,0.9979847,True
9B,256,1.0,3,106,x,107,0.0015260072,190750.9,0.9985394,0.9985394,True
9B,256,1.0,3,107,x,108,0.0015118775,188984.69,0.99829257,0.99829257,True
9B,256,1.0,3,108,x,109,0.001498007,187250.88,0.9983345,0.9983345,True
9B,256,1.0,3,109,x,110,0.0014843888,185548.61,0.9984168,0.9984168,True
9B,256,1.0,3,110,x,111,0.001471016,183877.0,0.9983475,0.9983475,True
9B,256,1.0,3,111,x,112,0.001457882,182235.25,0.998067,0.998067,True
9B,256,1.0,3,112,x,113,0.0014449803,180622.53,0.99830115,0.99830115,True
9B,256,1.0,3,113,x,114,0.0014323051,179038.14,0.99839914,0.99839914,True
9B,256,1.0,3,114,x,115,0.0014198502,177481.27,0.9983629,0.9983629,True
9B,256,1.0,3,115,x,116,0.0014076101,175951.27,0.99847543,0.99847543,True
9B,256,1.0,3,116,x,117,0.0013955793,174447.4,0.9984727,0.9984727,True
9B,256,1.0,3,117,x,118,0.0013837523,172969.05,0.99825466,0.99825466,True
9B,256,1.0,3,118,x,119,0.0013721242,171515.52,0.99844,0.99844,True
9B,256,1.0,3,119,x,120,0.0013606899,170086.23,0.9984577,0.9984577,True
9B,256,1.0,3,120,x,121,0.0013494444,168680.55,0.99844944,0.99844944,True
9B,256,1.0,3,121,x,122,0.0013383833,167297.9,0.9982956,0.9982956,True
9B,256,1.0,3,122,x,123,0.0013275022,165937.78,0.9983227,0.9983227,True
9B,256,1.0,3,123,x,124,0.0013167965,164599.56,0.99832183,0.99832183,True
9B,256,1.0,3,124,x,125,0.0013062622,163282.78,0.9983412,0.9983412,True
9B,256,1.0,3,125,x,126,0.0012958951,161986.89,0.9984009,0.9984009,True
9B,256,1.0,3,126,x,127,0.0012856912,160711.39,0.9983151,0.9983151,True
9B,256,1.0,3,127,x,128,0.0012756466,159455.83,0.9984977,0.9984977,True
9B,256,1.0,3,128,x,129,0.001265758,158219.75,0.99840736,0.99840736,True
9B,256,1.0,3,129,x,130,0.0012560213,157002.67,0.99843985,0.99843985,True
9B,256,1.0,3,130,x,131,0.0012464334,155804.17,0.78999364,0.78999364,False
9B,256,1.0,3,131,x,132,0.0012369907,154623.83,0.9940982,0.9940982,True
9B,256,1.0,3,132,x,133,0.00122769,153461.25,0.99844086,0.99844086,True
9B,256,1.0,3,133,x,134,0.0012185281,152316.02,0.99819666,0.99819666,True
9B,256,1.0,3,134,x,135,0.001209502,151187.75,0.99838746,0.99838746,True
9B,256,1.0,3,135,x,136,0.0012006087,150076.08,0.99835885,0.99835885,True
9B,256,1.0,3,136,x,137,0.001191845,148980.62,0.9984403,0.9984403,True
9B,256,1.0,3,137,x,138,0.0011832085,147901.06,0.99837655,0.99837655,True
9B,256,1.0,3,138,x,139,0.0011746963,146837.03,0.99850285,0.99850285,True
9B,256,1.0,3,139,x,140,0.0011663055,145788.19,0.9983025,0.9983025,True
9B,256,1.0,3,140,x,141,0.0011580338,144754.23,0.9982604,0.9982604,True
9B,256,1.0,3,141,x,142,0.0011498786,143734.83,0.9984289,0.9984289,True
9B,256,1.0,3,142,x,143,0.0011418376,142729.7,0.9983208,0.9983208,True
9B,256,1.0,3,143,x,144,0.0011339082,141738.52,0.9982949,0.9982949,True
9B,256,1.0,3,144,x,145,0.0011260881,140761.02,0.9984544,0.9984544,True
9B,256,1.0,3,145,x,146,0.0011183751,139796.89,0.9984285,0.9984285,True
9B,256,1.0,3,146,x,147,0.0011107671,138845.89,0.9983935,0.9983935,True
9B,256,1.0,3,147,x,148,0.001103262,137907.75,0.99840975,0.99840975,True
9B,256,1.0,3,148,x,149,0.0010958576,136982.2,0.9674947,0.9674947,True
9B,256,1.0,3,149,x,150,0.0010885518,136068.98,0.96320534,0.96320534,True
9B,256,1.0,3,150,x,151,0.0010813428,135167.84,0.9984176,0.9984176,True
9B,256,1.0,3,151,x,152,0.0010742288,134278.6,0.99842405,0.99842405,True
9B,256,1.0,3,152,x,153,0.0010672077,133400.95,0.9930315,0.9930315,True
9B,256,1.0,3,153,x,154,0.0010602777,132534.72,0.7550551,0.7550551,False
9B,256,1.0,3,154,x,155,0.0010534372,131679.66,0.9931077,0.9931077,True
9B,256,1.0,3,155,x,156,0.0010466845,130835.555,0.7364019,0.7364019,False
9B,256,1.0,3,156,x,157,0.0010400177,130002.21,0.9984535,0.9984535,True
9B,256,1.0,3,157,x,158,0.0010334353,129179.414,0.99835575,0.99835575,True
9B,256,1.0,3,158,x,159,0.0010269356,128366.95,0.99831617,0.99831617,True
9B,256,1.0,3,159,x,160,0.0010205173,127564.664,0.99852437,0.99852437,True
9B,256,1.0,3,160,x,161,0.0010141787,126772.34,0.9920011,0.9920011,True
9B,256,1.0,3,161,x,162,0.0010079184,125989.8,0.7081616,0.7081616,False
9B,256,1.0,3,162,x,163,0.0010017348,125216.84,0.9928267,0.9928267,True
9B,256,1.0,3,163,x,164,0.0009956267,124453.336,0.7058979,0.004859984,False
9B,256,1.0,3,164,x,165,0.0009895925,123699.06,0.99331105,0.99331105,True
9B,256,1.0,3,165,x,166,0.0009836311,122953.89,0.7245431,0.7245431,False
9B,256,1.0,3,166,x,167,0.0009777412,122217.65,0.9982847,0.9982847,True
9B,256,1.0,3,167,x,168,0.00097192125,121490.16,0.99834394,0.99834394,True
9B,256,1.0,3,168,x,169,0.0009661703,120771.28,0.9984312,0.9984312,True
9B,256,1.0,3,169,x,170,0.00096048694,120060.87,0.99829376,0.99829376,True
9B,256,1.0,3,170,x,171,0.00095487,119358.75,0.752621,0.752621,False
9B,256,1.0,3,171,x,172,0.00094931846,118664.805,0.9935535,0.9935535,True
9B,256,1.0,3,172,x,173,0.00094383105,117978.88,0.99872804,0.99872804,True
9B,256,1.0,3,173,x,174,0.00093840674,117300.84,0.9983982,0.9983982,True
9B,256,1.0,3,174,x,175,0.0009330444,116630.555,0.99835324,0.99835324,True
9B,256,1.0,3,175,x,176,0.00092774304,115967.88,0.99810886,0.99810886,True
9B,256,1.0,3,176,x,177,0.00092250155,115312.695,0.99850106,0.99850106,True
9B,256,1.0,3,177,x,178,0.000917319,114664.875,0.9982842,0.9982842,True
9B,256,1.0,3,178,x,179,0.00091219426,114024.28,0.99842036,0.99842036,True
9B,256,1.0,3,179,x,180,0.0009071265,113390.81,0.353606,0.0016723834,False
9B,256,1.0,3,180,x,181,0.0009021148,112764.35,0.9984335,0.9984335,True
9B,256,1.0,3,181,x,182,0.0008971581,112144.766,0.99840206,0.99840206,True
9B,256,1.0,3,182,x,183,0.0008922556,111531.945,0.99835443,0.99835443,True
9B,256,1.0,3,183,x,184,0.0008874064,110925.805,0.9985194,0.9985194,True
9B,256,1.0,3,184,x,185,0.0008826096,110326.195,0.9984431,0.9984431,True
9B,256,1.0,3,185,x,186,0.00087786437,109733.05,0.9988855,0.9988855,True
9B,256,1.0,3,186,x,187,0.0008731699,109146.24,0.9981104,0.9981104,True
9B,256,1.0,3,187,x,188,0.00086852536,108565.67,0.99844575,0.99844575,True
9B,256,1.0,3,188,x,189,0.00086393,107991.25,0.9897941,0.9897941,True
9B,256,1.0,3,189,x,190,0.000859383,107422.875,0.676385,0.029916126,False
9B,256,1.0,3,190,x,191,0.00085488363,106860.45,0.9981799,0.9981799,True
9B,256,1.0,3,191,x,192,0.00085043116,106303.89,0.99839365,0.99839365,True
9B,256,1.0,3,192,x,193,0.0008460247,105753.09,0.95908105,0.95908105,True
9B,256,1.0,3,193,x,194,0.00084166374,105207.97,0.95689404,0.95689404,True
9B,256,1.0,3,194,x,195,0.0008373476,104668.445,0.9903245,0.9903245,True
9B,256,1.0,3,195,x,196,0.0008330754,104134.42,0.53915215,0.014055055,False
9B,256,1.0,3,196,x,197,0.00082884653,103605.82,0.998371,0.998371,True
9B,256,1.0,3,197,x,198,0.00082466047,103082.56,0.9983803,0.9983803,True
9B,256,1.0,3,198,x,199,0.00082051643,102564.555,0.99835074,0.99835074,True
9B,256,1.0,3,199,x,200,0.00081641384,102051.73,0.9984435,0.9984435,True
9B,256,1.0,3,200,x,201,0.00081235205,101544.01,0.99401355,0.99401355,True
9B,256,1.0,3,201,x,202,0.00080833054,101041.32,0.70119226,0.02428592,False
9B,256,1.0,3,202,x,203,0.0008043486,100543.58,0.9982121,0.9982121,True
9B,256,1.0,3,203,x,204,0.00080040575,100050.72,0.9980664,0.9980664,True
9B,256,1.0,3,204,x,205,0.00079650135,99562.67,0.951741,0.951741,True
9B,256,1.0,3,205,x,206,0.00079263485,99079.36,0.95063347,0.95063347,True
9B,256,1.0,3,206,x,207,0.00078880566,98600.71,0.9919491,0.9919491,True
9B,256,1.0,3,207,x,208,0.00078501337,98126.67,0.6890591,0.000540606,False
9B,256,1.0,3,208,x,209,0.00078125723,97657.16,0.99239767,0.99239767,True
9B,256,1.0,3,209,x,210,0.00077753706,97192.13,0.72878575,0.72878575,False
9B,256,1.0,3,210,x,211,0.00077385205,96731.51,0.9983071,0.9983071,True
9B,256,1.0,3,211,x,212,0.0007702018,96275.23,0.99838257,0.99838257,True
9B,256,1.0,3,212,x,213,0.0007665858,95823.23,0.99840194,0.99840194,True
9B,256,1.0,3,213,x,214,0.0007630036,95375.45,0.99840033,0.99840033,True
9B,256,1.0,3,214,x,215,0.00075945474,94931.84,0.9909575,0.9909575,True
9B,256,1.0,3,215,x,216,0.00075593876,94492.34,0.6554474,0.0006425821,False
9B,256,1.0,3,216,x,217,0.00075245515,94056.89,0.99831736,0.99831736,True
9B,256,1.0,3,217,x,218,0.0007490035,93625.44,0.31738088,0.005313672,False
9B,256,1.0,3,218,x,219,0.0007455834,93197.92,0.6845397,-0.00010301173,False
9B,256,1.0,3,219,x,220,0.0007421944,92774.305,0.99093187,0.99093187,True
9B,256,1.0,3,220,x,221,0.0007388361,92354.516,0.99840236,0.99840236,True
9B,256,1.0,3,221,x,222,0.000735508,91938.5,0.31640908,0.0030117314,False
9B,256,1.0,3,222,x,223,0.00073220977,91526.22,0.998355,0.998355,True
9B,256,1.0,3,223,x,224,0.000728941,91117.625,0.9981986,0.9981986,True
9B,256,1.0,3,224,x,225,0.0007257012,90712.65,0.99830484,0.99830484,True
9B,256,1.0,3,225,x,226,0.00072249013,90311.266,0.9985321,0.9985321,True
9B,256,1.0,3,226,x,227,0.00071930734,89913.414,0.6499652,0.0013733879,False
9B,256,1.0,3,227,x,228,0.00071615254,89519.07,0.991941,0.991941,True
9B,256,1.0,3,228,x,229,0.0007130252,89128.16,0.9985305,0.9985305,True
9B,256,1.0,3,229,x,230,0.0007099251,88740.63,0.99830616,0.99830616,True
9B,256,1.0,3,230,x,231,0.00070685183,88356.48,0.024809545,0.024809545,False
9B,256,1.0,3,231,x,232,0.00070380507,87975.63,0.9981905,0.9981905,True
9B,256,1.0,3,232,x,233,0.00070078444,87598.055,0.9347816,0.9347816,True
9B,256,1.0,3,233,x,234,0.00069778966,87223.7,0.9442586,0.9442586,True
9B,256,1.0,3,234,x,235,0.0006948203,86852.54,0.9983884,0.9983884,True
9B,256,1.0,3,235,x,236,0.00069187616,86484.52,0.99847865,0.99847865,True
9B,256,1.0,3,236,x,237,0.0006889568,86119.6,0.65823996,0.018822007,False
9B,256,1.0,3,237,x,238,0.0006860621,85757.76,0.9905175,0.9905175,True
9B,256,1.0,3,238,x,239,0.0006831915,85398.94,0.044148438,0.0022709211,False
9B,256,1.0,3,239,x,240,0.00068034494,85043.12,0.015408859,0.009868403,False
9B,256,1.0,3,240,x,241,0.0006775219,84690.24,0.99831367,0.99831367,True
9B,256,1.0,3,241,x,242,0.0006747222,84340.27,0.28861502,0.0019052774,False
9B,256,1.0,3,242,x,243,0.00067194557,83993.195,0.56054115,0.0009638965,False
9B,256,1.0,3,243,x,244,0.00066919165,83648.95,0.98732185,0.98732185,True
9B,256,1.0,3,244,x,245,0.00066646026,83307.53,0.9982681,0.9982681,True
9B,256,1.0,3,245,x,246,0.0006637511,82968.89,0.9983828,0.9983828,True
9B,256,1.0,3,246,x,247,0.0006610639,82632.984,0.9983276,0.9983276,True
9B,256,1.0,3,247,x,248,0.00065839826,82299.78,0.99833417,0.99833417,True
9B,256,1.0,3,248,x,249,0.00065575406,81969.26,0.99843943,0.99843943,True
9B,256,1.0,3,249,x,250,0.0006531311,81641.39,0.99845374,0.99845374,True
9B,256,1.0,3,250,x,251,0.000650529,81316.125,0.018593544,0.005003795,False
9B,256,1.0,3,251,x,252,0.00064794754,80993.445,0.04707296,0.011577595,False
9B,256,1.0,3,252,x,253,0.00064538646,80673.305,0.01775121,0.005865584,False
9B,256,1.0,3,253,x,254,0.0006428456,80355.695,0.99824417,0.99824417,True
9B,256,1.0,3,254,x,255,0.0006403246,80040.58,0.99788666,0.99788666,True
9B,256,1.0,3,255,x,256,0.0006378233,79727.914,0.9983709,0.9983709,True
9B,256,1.0,3,256,y,1,0.16328277,20410346.0,0.9994319,0.9994319,True
9B,256,1.0,3,257,y,2,0.08164138,10205173.0,0.99964476,0.99964476,True
9B,256,1.0,3,258,y,3,0.054427594,6803449.0,0.9989169,0.9981835,True
9B,256,1.0,3,259,y,4,0.04082069,5102586.5,0.9984501,0.9984501,True
9B,256,1.0,3,260,y,5,0.032656554,4082069.2,0.9986987,0.9986987,True
9B,256,1.0,3,261,y,6,0.027213797,3401724.5,0.9986645,0.9986645,True
9B,256,1.0,3,262,y,7,0.023326112,2915764.0,0.9983481,0.9983481,True
9B,256,1.0,3,263,y,8,0.020410346,2551293.2,0.9984294,0.9984294,True
9B,256,1.0,3,264,y,9,0.01814253,2267816.2,0.99859846,0.99859846,True
9B,256,1.0,3,265,y,10,0.016328277,2041034.6,0.9989034,0.9989034,True
9B,256,1.0,3,266,y,11,0.014843889,1855486.1,0.99847054,0.99847054,True
9B,256,1.0,3,267,y,12,0.0136068985,1700862.2,0.9984588,0.9984588,True
9B,256,1.0,3,268,y,13,0.012560214,1570026.8,0.99832904,0.99832904,True
9B,256,1.0,3,269,y,14,0.011663056,1457882.0,0.99845755,0.99845755,True
9B,256,1.0,3,270,y,15,0.010885519,1360689.9,0.9984809,0.9984809,True
9B,256,1.0,3,271,y,16,0.010205173,1275646.6,0.9983434,0.9983434,True
9B,256,1.0,3,272,y,17,0.009604869,1200608.6,0.99842334,0.99842334,True
9B,256,1.0,3,273,y,18,0.009071265,1133908.1,0.998477,0.998477,True
9B,256,1.0,3,274,y,19,0.00859383,1074228.8,0.99845564,0.99845564,True
9B,256,1.0,3,275,y,20,0.0081641385,1020517.3,0.9984642,0.9984642,True
9B,256,1.0,3,276,y,21,0.00777537,971921.25,0.998417,0.99812853,True
9B,256,1.0,3,277,y,22,0.0074219443,927743.06,0.99856895,0.99856895,True
9B,256,1.0,3,278,y,23,0.0070992513,887406.44,0.9983429,0.9983429,True
9B,256,1.0,3,279,y,24,0.0068034492,850431.1,0.99841595,0.99841595,True
9B,256,1.0,3,280,y,25,0.0065313107,816413.8,0.9983845,0.9983845,True
9B,256,1.0,3,281,y,26,0.006280107,785013.4,0.99830097,0.99830097,True
9B,256,1.0,3,282,y,27,0.00604751,755938.75,0.9983485,0.9983485,True
9B,256,1.0,3,283,y,28,0.005831528,728941.0,0.9983492,0.9983492,True
9B,256,1.0,3,284,y,29,0.0056304405,703805.06,0.99835515,0.99835515,True
9B,256,1.0,3,285,y,30,0.0054427595,680344.94,0.9983729,0.9983729,True
9B,256,1.0,3,286,y,31,0.005267186,658398.25,0.99818844,0.99818844,True
9B,256,1.0,3,287,y,32,0.0051025865,637823.3,0.9984077,0.9984077,True
9B,256,1.0,3,288,y,33,0.0049479627,618495.3,0.99832493,0.99832493,True
9B,256,1.0,3,289,y,34,0.0048024347,600304.3,0.9983728,0.9983728,True
9B,256,1.0,3,290,y,35,0.004665222,583152.75,0.99836606,0.99836606,True
9B,256,1.0,3,291,y,36,0.0045356327,566954.06,0.9983877,0.9983877,True
9B,256,1.0,3,292,y,37,0.004413048,551631.0,0.99852437,0.99852437,True
9B,256,1.0,3,293,y,38,0.004296915,537114.4,0.99834335,0.99834335,True
9B,256,1.0,3,294,y,39,0.004186738,523342.22,0.9983877,0.9983877,True
9B,256,1.0,3,295,y,40,0.0040820693,510258.66,0.9984182,0.9984182,True
9B,256,1.0,3,296,y,41,0.0039825067,497813.34,0.99844855,0.99844855,True
9B,256,1.0,3,297,y,42,0.003887685,485960.62,0.99835503,0.99835503,True
9B,256,1.0,3,298,y,43,0.0037972739,474659.22,0.99838936,0.99838936,True
9B,256,1.0,3,299,y,44,0.0037109721,463871.53,0.9984112,0.9984112,True
9B,256,1.0,3,300,y,45,0.003628506,453563.25,0.9984379,0.9984379,True
9B,256,1.0,3,301,y,46,0.0035496256,443703.22,0.99846953,0.99846953,True
9B,256,1.0,3,302,y,47,0.0034741014,434262.7,0.99838156,0.99838156,True
9B,256,1.0,3,303,y,48,0.0034017246,425215.56,0.998345,0.998345,True
9B,256,1.0,3,304,y,49,0.0033323015,416537.7,0.99835587,0.99835587,True
9B,256,1.0,3,305,y,50,0.0032656554,408206.9,0.9982476,0.9982476,True
9B,256,1.0,3,306,y,51,0.003201623,400202.88,0.9984349,0.9984349,True
9B,256,1.0,3,307,y,52,0.0031400535,392506.7,0.9983786,0.9983786,True
9B,256,1.0,3,308,y,53,0.0030808072,385100.9,0.99840033,0.99840033,True
9B,256,1.0,3,309,y,54,0.003023755,377969.38,0.9983259,0.9983259,True
9B,256,1.0,3,310,y,55,0.0029687777,371097.22,0.9983833,0.9983833,True
9B,256,1.0,3,311,y,56,0.002915764,364470.5,0.9984365,0.9984365,True
9B,256,1.0,3,312,y,57,0.0028646102,358076.28,0.9983561,0.9983561,True
9B,256,1.0,3,313,y,58,0.0028152203,351902.53,0.99848163,0.99848163,True
9B,256,1.0,3,314,y,59,0.0027675047,345938.1,0.99847007,0.99847007,True
9B,256,1.0,3,315,y,60,0.0027213797,340172.47,0.9984635,0.9984635,True
9B,256,1.0,3,316,y,61,0.0026767666,334595.8,0.99828875,0.99828875,True
9B,256,1.0,3,317,y,62,0.002633593,329199.12,0.998363,0.998363,True
9B,256,1.0,3,318,y,63,0.0025917902,323973.78,0.9986129,0.9986129,True
9B,256,1.0,3,319,y,64,0.0025512932,318911.66,0.99835515,0.99835515,True
9B,256,1.0,3,320,y,65,0.0025120426,314005.34,0.9985105,0.9985105,True
9B,256,1.0,3,321,y,66,0.0024739814,309247.66,0.9983753,0.9983753,True
9B,256,1.0,3,322,y,67,0.0024370563,304632.03,0.99845326,0.99845326,True
9B,256,1.0,3,323,y,68,0.0024012174,300152.16,0.99839306,0.99839306,True
9B,256,1.0,3,324,y,69,0.002366417,295802.12,0.99836004,0.99836004,True
9B,256,1.0,3,325,y,70,0.002332611,291576.38,0.99851406,0.99851406,True
9B,256,1.0,3,326,y,71,0.0022997572,287469.66,0.99845415,0.99845415,True
9B,256,1.0,3,327,y,72,0.0022678163,283477.03,0.99830914,0.99830914,True
9B,256,1.0,3,328,y,73,0.0022367502,279593.78,0.99867237,0.99867237,True
9B,256,1.0,3,329,y,74,0.002206524,275815.5,0.99832916,0.99832916,True
9B,256,1.0,3,330,y,75,0.0021771037,272137.97,0.9984931,0.9984931,True
9B,256,1.0,3,331,y,76,0.0021484576,268557.2,0.99844885,0.99844885,True
9B,256,1.0,3,332,y,77,0.0021205554,265069.44,0.9984042,0.9984042,True
9B,256,1.0,3,333,y,78,0.002093369,261671.11,0.99831426,0.99831426,True
9B,256,1.0,3,334,y,79,0.0020668707,258358.83,0.9966186,0.9966186,True
9B,256,1.0,3,335,y,80,0.0020410346,255129.33,0.84202266,0.84202266,False
9B,256,1.0,3,336,y,81,0.0020158368,251979.6,0.99840844,0.99840844,True
9B,256,1.0,3,337,y,82,0.0019912533,248906.67,0.9983535,0.9983535,True
9B,256,1.0,3,338,y,83,0.0019672622,245907.78,0.9983263,0.9983263,True
9B,256,1.0,3,339,y,84,0.0019438425,242980.31,0.9983865,0.9983865,True
9B,256,1.0,3,340,y,85,0.0019209739,240121.73,0.9983915,0.9983915,True
9B,256,1.0,3,341,y,86,0.0018986369,237329.61,0.99849534,0.99849534,True
9B,256,1.0,3,342,y,87,0.0018768135,234601.69,0.9983988,0.9983988,True
9B,256,1.0,3,343,y,88,0.0018554861,231935.77,0.99828,0.99828,True
9B,256,1.0,3,344,y,89,0.001834638,229329.75,0.9983288,0.9983288,True
9B,256,1.0,3,345,y,90,0.001814253,226781.62,0.9984131,0.9984131,True
9B,256,1.0,3,346,y,91,0.0017943162,224289.53,0.9984625,0.9984625,True
9B,256,1.0,3,347,y,92,0.0017748128,221851.61,0.9984468,0.9984468,True
9B,256,1.0,3,348,y,93,0.0017557287,219466.1,0.9985486,0.9985486,True
9B,256,1.0,3,349,y,94,0.0017370507,217131.34,0.99851155,0.99851155,True
9B,256,1.0,3,350,y,95,0.001718766,214845.75,0.998487,0.998487,True
9B,256,1.0,3,351,y,96,0.0017008623,212607.78,0.9983002,0.9983002,True
9B,256,1.0,3,352,y,97,0.0016833275,210415.94,0.9982377,0.9982377,True
9B,256,1.0,3,353,y,98,0.0016661508,208268.84,0.9985951,0.9985951,True
9B,256,1.0,3,354,y,99,0.0016493209,206165.12,0.9983953,0.9983953,True
9B,256,1.0,3,355,y,100,0.0016328277,204103.45,0.9986452,0.9986452,True
9B,256,1.0,3,356,y,101,0.0016166611,202082.64,0.9984453,0.9984453,True
9B,256,1.0,3,357,y,102,0.0016008115,200101.44,0.99826074,0.99826074,True
9B,256,1.0,3,358,y,103,0.0015852697,198158.72,0.99874675,0.99874675,True
9B,256,1.0,3,359,y,104,0.0015700267,196253.34,0.99846923,0.99846923,True
9B,256,1.0,3,360,y,105,0.0015550741,194384.27,0.99842936,0.99842936,True
9B,256,1.0,3,361,y,106,0.0015404036,192550.45,0.99828875,0.99828875,True
9B,256,1.0,3,362,y,107,0.0015260072,190750.9,0.9984404,0.9984404,True
9B,256,1.0,3,363,y,108,0.0015118775,188984.69,0.998458,0.998458,True
9B,256,1.0,3,364,y,109,0.001498007,187250.88,0.9983934,0.9983934,True
9B,256,1.0,3,365,y,110,0.0014843888,185548.61,0.9982525,0.9982525,True
9B,256,1.0,3,366,y,111,0.001471016,183877.0,0.9982581,0.9982581,True
9B,256,1.0,3,367,y,112,0.001457882,182235.25,0.9984565,0.9984565,True
9B,256,1.0,3,368,y,113,0.0014449803,180622.53,0.99854946,0.99854946,True
9B,256,1.0,3,369,y,114,0.0014323051,179038.14,0.9983449,0.9983449,True
9B,256,1.0,3,370,y,115,0.0014198502,177481.27,0.9983437,0.9983437,True
9B,256,1.0,3,371,y,116,0.0014076101,175951.27,0.9983352,0.9983352,True
9B,256,1.0,3,372,y,117,0.0013955793,174447.4,0.99817896,0.99817896,True
9B,256,1.0,3,373,y,118,0.0013837523,172969.05,0.9983655,0.9983655,True
9B,256,1.0,3,374,y,119,0.0013721242,171515.52,0.9983361,0.9983361,True
9B,256,1.0,3,375,y,120,0.0013606899,170086.23,0.99843353,0.99843353,True
9B,256,1.0,3,376,y,121,0.0013494444,168680.55,0.99818754,0.99818754,True
9B,256,1.0,3,377,y,122,0.0013383833,167297.9,0.9983257,0.9983257,True
9B,256,1.0,3,378,y,123,0.0013275022,165937.78,0.4048209,0.001802519,False
9B,256,1.0,3,379,y,124,0.0013167965,164599.56,0.9983988,0.9983988,True
9B,256,1.0,3,380,y,125,0.0013062622,163282.78,0.9984841,0.9984841,True
9B,256,1.0,3,381,y,126,0.0012958951,161986.89,0.9983561,0.9983561,True
9B,256,1.0,3,382,y,127,0.0012856912,160711.39,0.9985417,0.9985417,True
9B,256,1.0,3,383,y,128,0.0012756466,159455.83,0.9974891,0.9974891,True
9B,256,1.0,3,384,y,129,0.001265758,158219.75,0.9983167,0.9983167,True
9B,256,1.0,3,385,y,130,0.0012560213,157002.67,0.99847585,0.99847585,True
9B,256,1.0,3,386,y,131,0.0012464334,155804.17,0.99837744,0.99837744,True
9B,256,1.0,3,387,y,132,0.0012369907,154623.83,0.9984519,0.9984519,True
9B,256,1.0,3,388,y,133,0.00122769,153461.25,0.9983854,0.9983854,True
9B,256,1.0,3,389,y,134,0.0012185281,152316.02,0.9983434,0.9983434,True
9B,256,1.0,3,390,y,135,0.001209502,151187.75,0.9983844,0.9983844,True
9B,256,1.0,3,391,y,136,0.0012006087,150076.08,0.9982982,0.9982982,True
9B,256,1.0,3,392,y,137,0.001191845,148980.62,0.9981252,0.9981252,True
9B,256,1.0,3,393,y,138,0.0011832085,147901.06,0.99846137,0.99846137,True
9B,256,1.0,3,394,y,139,0.0011746963,146837.03,0.9983602,0.9983602,True
9B,256,1.0,3,395,y,140,0.0011663055,145788.19,0.99832726,0.99832726,True
9B,256,1.0,3,396,y,141,0.0011580338,144754.23,0.9984443,0.9984443,True
9B,256,1.0,3,397,y,142,0.0011498786,143734.83,0.9984329,0.9984329,True
9B,256,1.0,3,398,y,143,0.0011418376,142729.7,0.9982383,0.9982383,True
9B,256,1.0,3,399,y,144,0.0011339082,141738.52,0.9983672,0.9983672,True
9B,256,1.0,3,400,y,145,0.0011260881,140761.02,0.9984306,0.9984306,True
9B,256,1.0,3,401,y,146,0.0011183751,139796.89,0.99832815,0.99832815,True
9B,256,1.0,3,402,y,147,0.0011107671,138845.89,0.99853945,0.99853945,True
9B,256,1.0,3,403,y,148,0.001103262,137907.75,0.9984658,0.9984658,True
9B,256,1.0,3,404,y,149,0.0010958576,136982.2,0.9983874,0.9983874,True
9B,256,1.0,3,405,y,150,0.0010885518,136068.98,0.9982257,0.9982257,True
9B,256,1.0,3,406,y,151,0.0010813428,135167.84,0.99854475,0.99854475,True
9B,256,1.0,3,407,y,152,0.0010742288,134278.6,0.99839437,0.99839437,True
9B,256,1.0,3,408,y,153,0.0010672077,133400.95,0.998495,0.998495,True
9B,256,1.0,3,409,y,154,0.0010602777,132534.72,0.9984858,0.9984858,True
9B,256,1.0,3,410,y,155,0.0010534372,131679.66,0.998173,0.998173,True
9B,256,1.0,3,411,y,156,0.0010466845,130835.555,0.99838257,0.99838257,True
9B,256,1.0,3,412,y,157,0.0010400177,130002.21,0.99536294,0.99536294,True
9B,256,1.0,3,413,y,158,0.0010334353,129179.414,0.7599071,0.7599071,False
9B,256,1.0,3,414,y,159,0.0010269356,128366.95,0.9984373,0.9984373,True
9B,256,1.0,3,415,y,160,0.0010205173,127564.664,0.35997355,0.0029650107,False
9B,256,1.0,3,416,y,161,0.0010141787,126772.34,0.9984123,0.9984123,True
9B,256,1.0,3,417,y,162,0.0010079184,125989.8,0.9981576,0.9981576,True
9B,256,1.0,3,418,y,163,0.0010017348,125216.84,0.99854255,0.99854255,True
9B,256,1.0,3,419,y,164,0.0009956267,124453.336,0.99840605,0.99840605,True
9B,256,1.0,3,420,y,165,0.0009895925,123699.06,0.99858147,0.99858147,True
9B,256,1.0,3,421,y,166,0.0009836311,122953.89,0.9985119,0.9985119,True
9B,256,1.0,3,422,y,167,0.0009777412,122217.65,0.99837863,0.99837863,True
9B,256,1.0,3,423,y,168,0.00097192125,121490.16,0.99843895,0.99843895,True
9B,256,1.0,3,424,y,169,0.0009661703,120771.28,0.7212419,0.7212419,False
9B,256,1.0,3,425,y,170,0.00096048694,120060.87,0.99236894,0.99236894,True
9B,256,1.0,3,426,y,171,0.00095487,119358.75,0.9983971,0.9983971,True
9B,256,1.0,3,427,y,172,0.00094931846,118664.805,0.99840283,0.99840283,True
9B,256,1.0,3,428,y,173,0.00094383105,117978.88,0.9984788,0.9984788,True
9B,256,1.0,3,429,y,174,0.00093840674,117300.84,0.998468,0.998468,True
9B,256,1.0,3,430,y,175,0.0009330444,116630.555,0.9981573,0.9981573,True
9B,256,1.0,3,431,y,176,0.00092774304,115967.88,0.9982896,0.9982896,True
9B,256,1.0,3,432,y,177,0.00092250155,115312.695,0.99741226,0.99741226,True
9B,256,1.0,3,433,y,178,0.000917319,114664.875,0.99836767,0.99836767,True
9B,256,1.0,3,434,y,179,0.00091219426,114024.28,0.9914558,0.9914558,True
9B,256,1.0,3,435,y,180,0.0009071265,113390.81,0.69251037,0.00043535978,False
9B,256,1.0,3,436,y,181,0.0009021148,112764.35,0.9983954,0.9983954,True
9B,256,1.0,3,437,y,182,0.0008971581,112144.766,0.9984421,0.9984421,True
9B,256,1.0,3,438,y,183,0.0008922556,111531.945,0.9984776,0.9984776,True
9B,256,1.0,3,439,y,184,0.0008874064,110925.805,0.998402,0.998402,True
9B,256,1.0,3,440,y,185,0.0008826096,110326.195,0.9982871,0.9982871,True
9B,256,1.0,3,441,y,186,0.00087786437,109733.05,0.99837327,0.99837327,True
9B,256,1.0,3,442,y,187,0.0008731699,109146.24,0.99839574,0.99839574,True
9B,256,1.0,3,443,y,188,0.00086852536,108565.67,0.99821115,0.99821115,True
9B,256,1.0,3,444,y,189,0.00086393,107991.25,0.99825716,0.99825716,True
9B,256,1.0,3,445,y,190,0.000859383,107422.875,0.9985913,0.9985913,True
9B,256,1.0,3,446,y,191,0.00085488363,106860.45,0.99244714,0.99244714,True
9B,256,1.0,3,447,y,192,0.00085043116,106303.89,0.71294135,0.71294135,False
9B,256,1.0,3,448,y,193,0.0008460247,105753.09,0.9981642,0.9981642,True
9B,256,1.0,3,449,y,194,0.00084166374,105207.97,0.31023854,0.028981684,False
9B,256,1.0,3,450,y,195,0.0008373476,104668.445,0.9983187,0.9983187,True
9B,256,1.0,3,451,y,196,0.0008330754,104134.42,0.9984523,0.9984523,True
9B,256,1.0,3,452,y,197,0.00082884653,103605.82,0.99841285,0.99841285,True
9B,256,1.0,3,453,y,198,0.00082466047,103082.56,0.9984474,0.9984474,True
9B,256,1.0,3,454,y,199,0.00082051643,102564.555,0.99841917,0.99841917,True
9B,256,1.0,3,455,y,200,0.00081641384,102051.73,0.9984708,0.9984708,True
9B,256,1.0,3,456,y,201,0.00081235205,101544.01,0.9983773,0.9983773,True
9B,256,1.0,3,457,y,202,0.00080833054,101041.32,0.99826705,0.99826705,True
9B,256,1.0,3,458,y,203,0.0008043486,100543.58,0.9983522,0.9983522,True
9B,256,1.0,3,459,y,204,0.00080040575,100050.72,0.99837697,0.99837697,True
9B,256,1.0,3,460,y,205,0.00079650135,99562.67,0.99846095,0.99846095,True
9B,256,1.0,3,461,y,206,0.00079263485,99079.36,0.9983449,0.9983449,True
9B,256,1.0,3,462,y,207,0.00078880566,98600.71,0.7072312,0.7072312,False
9B,256,1.0,3,463,y,208,0.00078501337,98126.67,0.99388134,0.99388134,True
9B,256,1.0,3,464,y,209,0.00078125723,97657.16,0.9984414,0.9984414,True
9B,256,1.0,3,465,y,210,0.00077753706,97192.13,0.9983975,0.9983975,True
9B,256,1.0,3,466,y,211,0.00077385205,96731.51,0.7068157,0.0003466357,False
9B,256,1.0,3,467,y,212,0.0007702018,96275.23,0.991571,0.991571,True
9B,256,1.0,3,468,y,213,0.0007665858,95823.23,0.9981084,0.9981084,True
9B,256,1.0,3,469,y,214,0.0007630036,95375.45,0.044524938,0.004661586,False
9B,256,1.0,3,470,y,215,0.00075945474,94931.84,0.9985031,0.9985031,True
9B,256,1.0,3,471,y,216,0.00075593876,94492.34,0.99840915,0.99840915,True
9B,256,1.0,3,472,y,217,0.00075245515,94056.89,0.99841464,0.99841464,True
9B,256,1.0,3,473,y,218,0.0007490035,93625.44,0.9982027,0.9982027,True
9B,256,1.0,3,474,y,219,0.0007455834,93197.92,0.9984579,0.9984579,True
9B,256,1.0,3,475,y,220,0.0007421944,92774.305,0.9984303,0.9984303,True
9B,256,1.0,3,476,y,221,0.0007388361,92354.516,0.9982289,0.9982289,True
9B,256,1.0,3,477,y,222,0.000735508,91938.5,0.99824405,0.99824405,True
9B,256,1.0,3,478,y,223,0.00073220977,91526.22,0.94824183,0.94824183,True
9B,256,1.0,3,479,y,224,0.000728941,91117.625,0.95121753,0.95121753,True
9B,256,1.0,3,480,y,225,0.0007257012,90712.65,0.9485871,0.9485871,True
9B,256,1.0,3,481,y,226,0.00072249013,90311.266,0.95519817,0.95519817,True
9B,256,1.0,3,482,y,227,0.00071930734,89913.414,0.61304367,0.0014558546,False
9B,256,1.0,3,483,y,228,0.00071615254,89519.07,0.9927387,0.9927387,True
9B,256,1.0,3,484,y,229,0.0007130252,89128.16,0.02655417,0.022705302,False
9B,256,1.0,3,485,y,230,0.0007099251,88740.63,0.015210148,0.0030379277,False
9B,256,1.0,3,486,y,231,0.00070685183,88356.48,0.99834275,0.99834275,True
9B,256,1.0,3,487,y,232,0.00070380507,87975.63,0.030900419,0.02583601,False
9B,256,1.0,3,488,y,233,0.00070078444,87598.055,0.023462202,0.002060555,False
9B,256,1.0,3,489,y,234,0.00069778966,87223.7,0.022253502,0.005032515,False
9B,256,1.0,3,490,y,235,0.0006948203,86852.54,0.99861145,0.99815166,True
9B,256,1.0,3,491,y,236,0.00069187616,86484.52,0.99835694,0.99835694,True
9B,256,1.0,3,492,y,237,0.0006889568,86119.6,0.93548775,0.93548775,True
9B,256,1.0,3,493,y,238,0.0006860621,85757.76,0.9324347,0.9324347,True
9B,256,1.0,3,494,y,239,0.0006831915,85398.94,0.99832964,0.99832964,True
9B,256,1.0,3,495,y,240,0.00068034494,85043.12,0.01700574,0.00649238,False
9B,256,1.0,3,496,y,241,0.0006775219,84690.24,0.9982219,0.9982219,True
9B,256,1.0,3,497,y,242,0.0006747222,84340.27,0.9983307,0.9983307,True
9B,256,1.0,3,498,y,243,0.00067194557,83993.195,0.9981568,0.9981568,True
9B,256,1.0,3,499,y,244,0.00066919165,83648.95,0.012763998,0.0083838105,False
9B,256,1.0,3,500,y,245,0.00066646026,83307.53,0.99832046,0.99832046,True
9B,256,1.0,3,501,y,246,0.0006637511,82968.89,0.99839985,0.99839985,True
9B,256,1.0,3,502,y,247,0.0006610639,82632.984,0.26864114,0.0055239517,False
9B,256,1.0,3,503,y,248,0.00065839826,82299.78,0.99784666,0.99784666,True
9B,256,1.0,3,504,y,249,0.00065575406,81969.26,0.9138107,0.9138107,True
9B,256,1.0,3,505,y,250,0.0006531311,81641.39,0.91509926,0.91509926,True
9B,256,1.0,3,506,y,251,0.000650529,81316.125,0.9984008,0.9984008,True
9B,256,1.0,3,507,y,252,0.00064794754,80993.445,0.99845994,0.99845994,True
9B,256,1.0,3,508,y,253,0.00064538646,80673.305,0.99840176,0.99840176,True
9B,256,1.0,3,509,y,254,0.0006428456,80355.695,0.9984735,0.9984735,True
9B,256,1.0,3,510,y,255,0.0006403246,80040.58,0.031000368,0.0036071688,False
9B,256,1.0,3,511,y,256,0.0006378233,79727.914,0.9983176,0.9983176,True
9B,256,1.0,4,0,x,1,0.16328277,20410346.0,0.9996407,0.9996407,True
9B,256,1.0,4,1,x,2,0.08164138,10205173.0,0.9994968,0.9994968,True
9B,256,1.0,4,2,x,3,0.054427594,6803449.0,0.9987508,0.9987508,True
9B,256,1.0,4,3,x,4,0.04082069,5102586.5,0.998739,0.998739,True
9B,256,1.0,4,4,x,5,0.032656554,4082069.2,0.9984778,0.9984778,True
9B,256,1.0,4,5,x,6,0.027213797,3401724.5,0.9987654,0.9987654,True
9B,256,1.0,4,6,x,7,0.023326112,2915764.0,0.9985471,0.9985471,True
9B,256,1.0,4,7,x,8,0.020410346,2551293.2,0.99852514,0.99852514,True
9B,256,1.0,4,8,x,9,0.01814253,2267816.2,0.9987519,0.998255,True
9B,256,1.0,4,9,x,10,0.016328277,2041034.6,0.9984938,0.9984938,True
9B,256,1.0,4,10,x,11,0.014843889,1855486.1,0.9985219,0.9985219,True
9B,256,1.0,4,11,x,12,0.0136068985,1700862.2,0.9985749,0.9985749,True
9B,256,1.0,4,12,x,13,0.012560214,1570026.8,0.9986292,0.9986292,True
9B,256,1.0,4,13,x,14,0.011663056,1457882.0,0.9985974,0.9985974,True
9B,256,1.0,4,14,x,15,0.010885519,1360689.9,0.9988116,0.9988116,True
9B,256,1.0,4,15,x,16,0.010205173,1275646.6,0.99845684,0.99845684,True
9B,256,1.0,4,16,x,17,0.009604869,1200608.6,0.9986559,0.9986559,True
9B,256,1.0,4,17,x,18,0.009071265,1133908.1,0.998548,0.998548,True
9B,256,1.0,4,18,x,19,0.00859383,1074228.8,0.9985697,0.9985697,True
9B,256,1.0,4,19,x,20,0.0081641385,1020517.3,0.9985033,0.9985033,True
9B,256,1.0,4,20,x,21,0.00777537,971921.25,0.99856615,0.99856615,True
9B,256,1.0,4,21,x,22,0.0074219443,927743.06,0.99850935,0.99850935,True
9B,256,1.0,4,22,x,23,0.0070992513,887406.44,0.99852383,0.99852383,True
9B,256,1.0,4,23,x,24,0.0068034492,850431.1,0.99845016,0.99845016,True
9B,256,1.0,4,24,x,25,0.0065313107,816413.8,0.9985603,0.9985603,True
9B,256,1.0,4,25,x,26,0.006280107,785013.4,0.99854827,0.99854827,True
9B,256,1.0,4,26,x,27,0.00604751,755938.75,0.99860084,0.99860084,True
9B,256,1.0,4,27,x,28,0.005831528,728941.0,0.99854743,0.99854743,True
9B,256,1.0,4,28,x,29,0.0056304405,703805.06,0.9986759,0.9986759,True
9B,256,1.0,4,29,x,30,0.0054427595,680344.94,0.9984987,0.9984987,True
9B,256,1.0,4,30,x,31,0.005267186,658398.25,0.9983355,0.9983355,True
9B,256,1.0,4,31,x,32,0.0051025865,637823.3,0.99861693,0.99861693,True
9B,256,1.0,4,32,x,33,0.0049479627,618495.3,0.9986043,0.9986043,True
9B,256,1.0,4,33,x,34,0.0048024347,600304.3,0.99832267,0.99832267,True
9B,256,1.0,4,34,x,35,0.004665222,583152.75,0.9985277,0.9985277,True
9B,256,1.0,4,35,x,36,0.0045356327,566954.06,0.9983451,0.9983451,True
9B,256,1.0,4,36,x,37,0.004413048,551631.0,0.9986842,0.9986842,True
9B,256,1.0,4,37,x,38,0.004296915,537114.4,0.99880767,0.99880767,True
9B,256,1.0,4,38,x,39,0.004186738,523342.22,0.99863446,0.99863446,True
9B,256,1.0,4,39,x,40,0.0040820693,510258.66,0.99848115,0.99848115,True
9B,256,1.0,4,40,x,41,0.0039825067,497813.34,0.9981578,0.9981578,True
9B,256,1.0,4,41,x,42,0.003887685,485960.62,0.9983514,0.9983514,True
9B,256,1.0,4,42,x,43,0.0037972739,474659.22,0.99846494,0.99846494,True
9B,256,1.0,4,43,x,44,0.0037109721,463871.53,0.9985799,0.9985799,True
9B,256,1.0,4,44,x,45,0.003628506,453563.25,0.9983111,0.9983111,True
9B,256,1.0,4,45,x,46,0.0035496256,443703.22,0.9985348,0.9985348,True
9B,256,1.0,4,46,x,47,0.0034741014,434262.7,0.9985252,0.9985252,True
9B,256,1.0,4,47,x,48,0.0034017246,425215.56,0.9986063,0.9986063,True
9B,256,1.0,4,48,x,49,0.0033323015,416537.7,0.9984703,0.9984703,True
9B,256,1.0,4,49,x,50,0.0032656554,408206.9,0.99833393,0.99833393,True
9B,256,1.0,4,50,x,51,0.003201623,400202.88,0.9983889,0.9983889,True
9B,256,1.0,4,51,x,52,0.0031400535,392506.7,0.9985493,0.9985493,True
9B,256,1.0,4,52,x,53,0.0030808072,385100.9,0.9986479,0.9986479,True
9B,256,1.0,4,53,x,54,0.003023755,377969.38,0.9985583,0.9985583,True
9B,256,1.0,4,54,x,55,0.0029687777,371097.22,0.99849975,0.99849975,True
9B,256,1.0,4,55,x,56,0.002915764,364470.5,0.9983784,0.9983784,True
9B,256,1.0,4,56,x,57,0.0028646102,358076.28,0.99850285,0.99850285,True
9B,256,1.0,4,57,x,58,0.0028152203,351902.53,0.99855685,0.99855685,True
9B,256,1.0,4,58,x,59,0.0027675047,345938.1,0.9983678,0.9983678,True
9B,256,1.0,4,59,x,60,0.0027213797,340172.47,0.9985172,0.9985172,True
9B,256,1.0,4,60,x,61,0.0026767666,334595.8,0.99835336,0.99835336,True
9B,256,1.0,4,61,x,62,0.002633593,329199.12,0.9986531,0.9986531,True
9B,256,1.0,4,62,x,63,0.0025917902,323973.78,0.9985763,0.9985763,True
9B,256,1.0,4,63,x,64,0.0025512932,318911.66,0.9984848,0.9984848,True
9B,256,1.0,4,64,x,65,0.0025120426,314005.34,0.99862474,0.99862474,True
9B,256,1.0,4,65,x,66,0.0024739814,309247.66,0.99849325,0.99849325,True
9B,256,1.0,4,66,x,67,0.0024370563,304632.03,0.9984098,0.9984098,True
9B,256,1.0,4,67,x,68,0.0024012174,300152.16,0.99852335,0.99852335,True
9B,256,1.0,4,68,x,69,0.002366417,295802.12,0.9985119,0.9985119,True
9B,256,1.0,4,69,x,70,0.002332611,291576.38,0.99847865,0.99847865,True
9B,256,1.0,4,70,x,71,0.0022997572,287469.66,0.9983877,0.9983877,True
9B,256,1.0,4,71,x,72,0.0022678163,283477.03,0.9983882,0.9983882,True
9B,256,1.0,4,72,x,73,0.0022367502,279593.78,0.9985522,0.9985522,True
9B,256,1.0,4,73,x,74,0.002206524,275815.5,0.998436,0.998436,True
9B,256,1.0,4,74,x,75,0.0021771037,272137.97,0.99846023,0.99846023,True
9B,256,1.0,4,75,x,76,0.0021484576,268557.2,0.9984736,0.9984736,True
9B,256,1.0,4,76,x,77,0.0021205554,265069.44,0.9986932,0.9986932,True
9B,256,1.0,4,77,x,78,0.002093369,261671.11,0.9986754,0.9986754,True
9B,256,1.0,4,78,x,79,0.0020668707,258358.83,0.9948692,0.9948692,True
9B,256,1.0,4,79,x,80,0.0020410346,255129.33,0.8281363,0.8281363,False
9B,256,1.0,4,80,x,81,0.0020158368,251979.6,0.99847376,0.99847376,True
9B,256,1.0,4,81,x,82,0.0019912533,248906.67,0.9984968,0.9984968,True
9B,256,1.0,4,82,x,83,0.0019672622,245907.78,0.9986002,0.9986002,True
9B,256,1.0,4,83,x,84,0.0019438425,242980.31,0.99847364,0.99847364,True
9B,256,1.0,4,84,x,85,0.0019209739,240121.73,0.99842227,0.99842227,True
9B,256,1.0,4,85,x,86,0.0018986369,237329.61,0.9985326,0.9985326,True
9B,256,1.0,4,86,x,87,0.0018768135,234601.69,0.9984103,0.9984103,True
9B,256,1.0,4,87,x,88,0.0018554861,231935.77,0.9985465,0.9985465,True
9B,256,1.0,4,88,x,89,0.001834638,229329.75,0.9986502,0.9986502,True
9B,256,1.0,4,89,x,90,0.001814253,226781.62,0.9981184,0.9981184,True
9B,256,1.0,4,90,x,91,0.0017943162,224289.53,0.99866235,0.99866235,True
9B,256,1.0,4,91,x,92,0.0017748128,221851.61,0.99853873,0.99853873,True
9B,256,1.0,4,92,x,93,0.0017557287,219466.1,0.9985747,0.9985747,True
9B,256,1.0,4,93,x,94,0.0017370507,217131.34,0.9986227,0.9986227,True
9B,256,1.0,4,94,x,95,0.001718766,214845.75,0.9985659,0.9985659,True
9B,256,1.0,4,95,x,96,0.0017008623,212607.78,0.9987143,0.9987143,True
9B,256,1.0,4,96,x,97,0.0016833275,210415.94,0.99814594,0.99814594,True
9B,256,1.0,4,97,x,98,0.0016661508,208268.84,0.99840045,0.99840045,True
9B,256,1.0,4,98,x,99,0.0016493209,206165.12,0.99841297,0.99841297,True
9B,256,1.0,4,99,x,100,0.0016328277,204103.45,0.99860126,0.99860126,True
9B,256,1.0,4,100,x,101,0.0016166611,202082.64,0.9986127,0.9986127,True
9B,256,1.0,4,101,x,102,0.0016008115,200101.44,0.99840707,0.99840707,True
9B,256,1.0,4,102,x,103,0.0015852697,198158.72,0.9987494,0.9987494,True
9B,256,1.0,4,103,x,104,0.0015700267,196253.34,0.99855626,0.99855626,True
9B,256,1.0,4,104,x,105,0.0015550741,194384.27,0.9984597,0.9984597,True
9B,256,1.0,4,105,x,106,0.0015404036,192550.45,0.9980717,0.9980717,True
9B,256,1.0,4,106,x,107,0.0015260072,190750.9,0.99869776,0.99869776,True
9B,256,1.0,4,107,x,108,0.0015118775,188984.69,0.99832356,0.99832356,True
9B,256,1.0,4,108,x,109,0.001498007,187250.88,0.99840796,0.99840796,True
9B,256,1.0,4,109,x,110,0.0014843888,185548.61,0.99860644,0.99860644,True
9B,256,1.0,4,110,x,111,0.001471016,183877.0,0.9713845,0.9713845,True
9B,256,1.0,4,111,x,112,0.001457882,182235.25,0.96960306,0.96960306,True
9B,256,1.0,4,112,x,113,0.0014449803,180622.53,0.9982797,0.9982797,True
9B,256,1.0,4,113,x,114,0.0014323051,179038.14,0.9985624,0.9985624,True
9B,256,1.0,4,114,x,115,0.0014198502,177481.27,0.99853206,0.99853206,True
9B,256,1.0,4,115,x,116,0.0014076101,175951.27,0.9985838,0.9985838,True
9B,256,1.0,4,116,x,117,0.0013955793,174447.4,0.9985937,0.9985937,True
9B,256,1.0,4,117,x,118,0.0013837523,172969.05,0.99839544,0.99839544,True
9B,256,1.0,4,118,x,119,0.0013721242,171515.52,0.9985468,0.9985468,True
9B,256,1.0,4,119,x,120,0.0013606899,170086.23,0.998577,0.998577,True
9B,256,1.0,4,120,x,121,0.0013494444,168680.55,0.99855936,0.99855936,True
9B,256,1.0,4,121,x,122,0.0013383833,167297.9,0.9981632,0.9981632,True
9B,256,1.0,4,122,x,123,0.0013275022,165937.78,0.9984611,0.9984611,True
9B,256,1.0,4,123,x,124,0.0013167965,164599.56,0.99851483,0.99851483,True
9B,256,1.0,4,124,x,125,0.0013062622,163282.78,0.99860054,0.99860054,True
9B,256,1.0,4,125,x,126,0.0012958951,161986.89,0.998488,0.998488,True
9B,256,1.0,4,126,x,127,0.0012856912,160711.39,0.9984838,0.9984838,True
9B,256,1.0,4,127,x,128,0.0012756466,159455.83,0.9986407,0.9986407,True
9B,256,1.0,4,128,x,129,0.001265758,158219.75,0.9987074,0.9987074,True
9B,256,1.0,4,129,x,130,0.0012560213,157002.67,0.99864566,0.99864566,True
9B,256,1.0,4,130,x,131,0.0012464334,155804.17,0.6734576,0.029931873,False
9B,256,1.0,4,131,x,132,0.0012369907,154623.83,0.9905991,0.9905991,True
9B,256,1.0,4,132,x,133,0.00122769,153461.25,0.99860203,0.99860203,True
9B,256,1.0,4,133,x,134,0.0012185281,152316.02,0.9983326,0.9983326,True
9B,256,1.0,4,134,x,135,0.001209502,151187.75,0.9985554,0.9985554,True
9B,256,1.0,4,135,x,136,0.0012006087,150076.08,0.9985583,0.9985583,True
9B,256,1.0,4,136,x,137,0.001191845,148980.62,0.9984834,0.9984834,True
9B,256,1.0,4,137,x,138,0.0011832085,147901.06,0.99850696,0.99850696,True
9B,256,1.0,4,138,x,139,0.0011746963,146837.03,0.99388164,0.99388164,True
9B,256,1.0,4,139,x,140,0.0011663055,145788.19,0.76179934,0.76179934,False
9B,256,1.0,4,140,x,141,0.0011580338,144754.23,0.39043444,0.002879491,False
9B,256,1.0,4,141,x,142,0.0011498786,143734.83,0.99856484,0.99856484,True
9B,256,1.0,4,142,x,143,0.0011418376,142729.7,0.99844825,0.99844825,True
9B,256,1.0,4,143,x,144,0.0011339082,141738.52,0.9984721,0.9984721,True
9B,256,1.0,4,144,x,145,0.0011260881,140761.02,0.99856853,0.99856853,True
9B,256,1.0,4,145,x,146,0.0011183751,139796.89,0.9985484,0.9985484,True
9B,256,1.0,4,146,x,147,0.0011107671,138845.89,0.9985328,0.9985328,True
9B,256,1.0,4,147,x,148,0.001103262,137907.75,0.9985502,0.9985502,True
9B,256,1.0,4,148,x,149,0.0010958576,136982.2,0.9987016,0.9987016,True
9B,256,1.0,4,149,x,150,0.0010885518,136068.98,0.9984577,0.9984577,True
9B,256,1.0,4,150,x,151,0.0010813428,135167.84,0.9985672,0.9985672,True
9B,256,1.0,4,151,x,152,0.0010742288,134278.6,0.9985258,0.9985258,True
9B,256,1.0,4,152,x,153,0.0010672077,133400.95,0.9985831,0.9985831,True
9B,256,1.0,4,153,x,154,0.0010602777,132534.72,0.9984895,0.9984895,True
9B,256,1.0,4,154,x,155,0.0010534372,131679.66,0.99846184,0.99846184,True
9B,256,1.0,4,155,x,156,0.0010466845,130835.555,0.99861753,0.99861753,True
9B,256,1.0,4,156,x,157,0.0010400177,130002.21,0.9985884,0.9985884,True
9B,256,1.0,4,157,x,158,0.0010334353,129179.414,0.9984853,0.9984853,True
9B,256,1.0,4,158,x,159,0.0010269356,128366.95,0.9984279,0.9984279,True
9B,256,1.0,4,159,x,160,0.0010205173,127564.664,0.998595,0.998595,True
9B,256,1.0,4,160,x,161,0.0010141787,126772.34,0.9985637,0.9985637,True
9B,256,1.0,4,161,x,162,0.0010079184,125989.8,0.9986284,0.9986284,True
9B,256,1.0,4,162,x,163,0.0010017348,125216.84,0.9924458,0.9924458,True
9B,256,1.0,4,163,x,164,0.0009956267,124453.336,0.66031873,0.0029297248,False
9B,256,1.0,4,164,x,165,0.0009895925,123699.06,0.9985586,0.9985586,True
9B,256,1.0,4,165,x,166,0.0009836311,122953.89,0.9985672,0.9985672,True
9B,256,1.0,4,166,x,167,0.0009777412,122217.65,0.992852,0.992852,True
9B,256,1.0,4,167,x,168,0.00097192125,121490.16,0.70738775,0.70738775,False
9B,256,1.0,4,168,x,169,0.0009661703,120771.28,0.9985689,0.9985689,True
9B,256,1.0,4,169,x,170,0.00096048694,120060.87,0.9983256,0.9983256,True
9B,256,1.0,4,170,x,171,0.00095487,119358.75,0.99841094,0.99841094,True
9B,256,1.0,4,171,x,172,0.00094931846,118664.805,0.99848527,0.99848527,True
9B,256,1.0,4,172,x,173,0.00094383105,117978.88,0.99868065,0.99868065,True
9B,256,1.0,4,173,x,174,0.00093840674,117300.84,0.99855924,0.99855924,True
9B,256,1.0,4,174,x,175,0.0009330444,116630.555,0.9984677,0.9984677,True
9B,256,1.0,4,175,x,176,0.00092774304,115967.88,0.9982736,0.9982736,True
9B,256,1.0,4,176,x,177,0.00092250155,115312.695,0.99258274,0.99258274,True
9B,256,1.0,4,177,x,178,0.000917319,114664.875,0.75664973,0.75664973,False
9B,256,1.0,4,178,x,179,0.00091219426,114024.28,0.99846333,0.99846333,True
9B,256,1.0,4,179,x,180,0.0009071265,113390.81,0.99826556,0.99826556,True
9B,256,1.0,4,180,x,181,0.0009021148,112764.35,0.9984908,0.9984908,True
9B,256,1.0,4,181,x,182,0.0008971581,112144.766,0.9984962,0.9984962,True
9B,256,1.0,4,182,x,183,0.0008922556,111531.945,0.6571693,0.06424051,False
9B,256,1.0,4,183,x,184,0.0008874064,110925.805,0.9934022,0.9934022,True
9B,256,1.0,4,184,x,185,0.0008826096,110326.195,0.9987161,0.9987161,True
9B,256,1.0,4,185,x,186,0.00087786437,109733.05,0.99853575,0.99853575,True
9B,256,1.0,4,186,x,187,0.0008731699,109146.24,0.99161243,0.99161243,True
9B,256,1.0,4,187,x,188,0.00086852536,108565.67,0.5940894,0.002175456,False
9B,256,1.0,4,188,x,189,0.00086393,107991.25,0.9985115,0.9985115,True
9B,256,1.0,4,189,x,190,0.000859383,107422.875,0.99862814,0.99862814,True
9B,256,1.0,4,190,x,191,0.00085488363,106860.45,0.9982654,0.9982654,True
9B,256,1.0,4,191,x,192,0.00085043116,106303.89,0.99860203,0.99860203,True
9B,256,1.0,4,192,x,193,0.0008460247,105753.09,0.9983648,0.9983648,True
9B,256,1.0,4,193,x,194,0.00084166374,105207.97,0.9981772,0.9981772,True
9B,256,1.0,4,194,x,195,0.0008373476,104668.445,0.99857557,0.99857557,True
9B,256,1.0,4,195,x,196,0.0008330754,104134.42,0.998636,0.998636,True
9B,256,1.0,4,196,x,197,0.00082884653,103605.82,0.99868447,0.99868447,True
9B,256,1.0,4,197,x,198,0.00082466047,103082.56,0.32790342,0.0019613057,False
9B,256,1.0,4,198,x,199,0.00082051643,102564.555,0.99852645,0.99852645,True
9B,256,1.0,4,199,x,200,0.00081641384,102051.73,0.99862754,0.99862754,True
9B,256,1.0,4,200,x,201,0.00081235205,101544.01,0.99867725,0.99867725,True
9B,256,1.0,4,201,x,202,0.00080833054,101041.32,0.9985324,0.9985324,True
9B,256,1.0,4,202,x,203,0.0008043486,100543.58,0.95144093,0.95144093,True
9B,256,1.0,4,203,x,204,0.00080040575,100050.72,0.94422746,0.94422746,True
9B,256,1.0,4,204,x,205,0.00079650135,99562.67,0.99871194,0.99871194,True
9B,256,1.0,4,205,x,206,0.00079263485,99079.36,0.9984697,0.9984697,True
9B,256,1.0,4,206,x,207,0.00078880566,98600.71,0.9984466,0.9984466,True
9B,256,1.0,4,207,x,208,0.00078501337,98126.67,0.9986619,0.9986619,True
9B,256,1.0,4,208,x,209,0.00078125723,97657.16,0.99849534,0.99849534,True
9B,256,1.0,4,209,x,210,0.00077753706,97192.13,0.99857306,0.99857306,True
9B,256,1.0,4,210,x,211,0.00077385205,96731.51,0.99842846,0.99842846,True
9B,256,1.0,4,211,x,212,0.0007702018,96275.23,0.9985014,0.9985014,True
9B,256,1.0,4,212,x,213,0.0007665858,95823.23,0.9984239,0.9984239,True
9B,256,1.0,4,213,x,214,0.0007630036,95375.45,0.019351419,0.010542475,False
9B,256,1.0,4,214,x,215,0.00075945474,94931.84,0.9984362,0.9984362,True
9B,256,1.0,4,215,x,216,0.00075593876,94492.34,0.99847543,0.99847543,True
9B,256,1.0,4,216,x,217,0.00075245515,94056.89,0.9985851,0.9985851,True
9B,256,1.0,4,217,x,218,0.0007490035,93625.44,0.99847984,0.99847984,True
9B,256,1.0,4,218,x,219,0.0007455834,93197.92,0.99854577,0.99854577,True
9B,256,1.0,4,219,x,220,0.0007421944,92774.305,0.9985355,0.9985355,True
9B,256,1.0,4,220,x,221,0.0007388361,92354.516,0.998644,0.998644,True
9B,256,1.0,4,221,x,222,0.000735508,91938.5,0.9984339,0.9984339,True
9B,256,1.0,4,222,x,223,0.00073220977,91526.22,0.99854136,0.99854136,True
9B,256,1.0,4,223,x,224,0.000728941,91117.625,0.34297657,0.006971076,False
9B,256,1.0,4,224,x,225,0.0007257012,90712.65,0.9983716,0.9983716,True
9B,256,1.0,4,225,x,226,0.00072249013,90311.266,0.99850965,0.99850965,True
9B,256,1.0,4,226,x,227,0.00071930734,89913.414,0.9985714,0.9985714,True
9B,256,1.0,4,227,x,228,0.00071615254,89519.07,0.9985789,0.9985789,True
9B,256,1.0,4,228,x,229,0.0007130252,89128.16,0.99867594,0.99867594,True
9B,256,1.0,4,229,x,230,0.0007099251,88740.63,0.9984398,0.9984398,True
9B,256,1.0,4,230,x,231,0.00070685183,88356.48,0.9984822,0.9984822,True
9B,256,1.0,4,231,x,232,0.00070380507,87975.63,0.99857384,0.99857384,True
9B,256,1.0,4,232,x,233,0.00070078444,87598.055,0.9983507,0.9983507,True
9B,256,1.0,4,233,x,234,0.00069778966,87223.7,0.9984051,0.9984051,True
9B,256,1.0,4,234,x,235,0.0006948203,86852.54,0.99858105,0.99858105,True
9B,256,1.0,4,235,x,236,0.00069187616,86484.52,0.9987061,0.9987061,True
9B,256,1.0,4,236,x,237,0.0006889568,86119.6,0.99850804,0.99850804,True
9B,256,1.0,4,237,x,238,0.0006860621,85757.76,0.99846447,0.99846447,True
9B,256,1.0,4,238,x,239,0.0006831915,85398.94,0.99846256,0.99846256,True
9B,256,1.0,4,239,x,240,0.00068034494,85043.12,0.99858725,0.99858725,True
9B,256,1.0,4,240,x,241,0.0006775219,84690.24,0.99836844,0.99836844,True
9B,256,1.0,4,241,x,242,0.0006747222,84340.27,0.9985343,0.9985343,True
9B,256,1.0,4,242,x,243,0.00067194557,83993.195,0.24240002,0.0027396865,False
9B,256,1.0,4,243,x,244,0.00066919165,83648.95,0.9983584,0.9983584,True
9B,256,1.0,4,244,x,245,0.00066646026,83307.53,0.048183534,0.048183534,False
9B,256,1.0,4,245,x,246,0.0006637511,82968.89,0.01686019,0.0023936778,False
9B,256,1.0,4,246,x,247,0.0006610639,82632.984,0.99856627,0.99856627,True
9B,256,1.0,4,247,x,248,0.00065839826,82299.78,0.9984572,0.9984572,True
9B,256,1.0,4,248,x,249,0.00065575406,81969.26,0.99860346,0.99860346,True
9B,256,1.0,4,249,x,250,0.0006531311,81641.39,0.9985688,0.9985688,True
9B,256,1.0,4,250,x,251,0.000650529,81316.125,0.65359867,0.002652064,False
9B,256,1.0,4,251,x,252,0.00064794754,80993.445,0.9914988,0.9914988,True
9B,256,1.0,4,252,x,253,0.00064538646,80673.305,0.024166832,0.0013519067,False
9B,256,1.0,4,253,x,254,0.0006428456,80355.695,0.021088848,0.0005321428,False
9B,256,1.0,4,254,x,255,0.0006403246,80040.58,0.93886125,0.93886125,True
9B,256,1.0,4,255,x,256,0.0006378233,79727.914,0.9493889,0.9493889,True
9B,256,1.0,4,256,y,1,0.16328277,20410346.0,0.9993253,0.9993253,True
9B,256,1.0,4,257,y,2,0.08164138,10205173.0,0.99963963,0.99905694,True
9B,256,1.0,4,258,y,3,0.054427594,6803449.0,0.9985074,0.9985074,True
9B,256,1.0,4,259,y,4,0.04082069,5102586.5,0.99871755,0.99871755,True
9B,256,1.0,4,260,y,5,0.032656554,4082069.2,0.9985077,0.9985077,True
9B,256,1.0,4,261,y,6,0.027213797,3401724.5,0.9985641,0.9985641,True
9B,256,1.0,4,262,y,7,0.023326112,2915764.0,0.9984052,0.9984052,True
9B,256,1.0,4,263,y,8,0.020410346,2551293.2,0.9985234,0.9985234,True
9B,256,1.0,4,264,y,9,0.01814253,2267816.2,0.9985602,0.9985602,True
9B,256,1.0,4,265,y,10,0.016328277,2041034.6,0.9985006,0.9985006,True
9B,256,1.0,4,266,y,11,0.014843889,1855486.1,0.9985647,0.9985647,True
9B,256,1.0,4,267,y,12,0.0136068985,1700862.2,0.99864864,0.99864864,True
9B,256,1.0,4,268,y,13,0.012560214,1570026.8,0.99844867,0.99844867,True
9B,256,1.0,4,269,y,14,0.011663056,1457882.0,0.99855834,0.99855834,True
9B,256,1.0,4,270,y,15,0.010885519,1360689.9,0.9986174,0.9986174,True
9B,256,1.0,4,271,y,16,0.010205173,1275646.6,0.9984456,0.9984456,True
9B,256,1.0,4,272,y,17,0.009604869,1200608.6,0.9984987,0.9984987,True
9B,256,1.0,4,273,y,18,0.009071265,1133908.1,0.99858713,0.99858713,True
9B,256,1.0,4,274,y,19,0.00859383,1074228.8,0.99846196,0.99846196,True
9B,256,1.0,4,275,y,20,0.0081641385,1020517.3,0.9985397,0.9985397,True
9B,256,1.0,4,276,y,21,0.00777537,971921.25,0.9984597,0.9984597,True
9B,256,1.0,4,277,y,22,0.0074219443,927743.06,0.9985118,0.9985118,True
9B,256,1.0,4,278,y,23,0.0070992513,887406.44,0.9984257,0.9984257,True
9B,256,1.0,4,279,y,24,0.0068034492,850431.1,0.998533,0.998533,True
9B,256,1.0,4,280,y,25,0.0065313107,816413.8,0.99844253,0.99844253,True
9B,256,1.0,4,281,y,26,0.006280107,785013.4,0.9983511,0.9983511,True
9B,256,1.0,4,282,y,27,0.00604751,755938.75,0.9985395,0.9985395,True
9B,256,1.0,4,283,y,28,0.005831528,728941.0,0.99840856,0.99840856,True
9B,256,1.0,4,284,y,29,0.0056304405,703805.06,0.998482,0.998482,True
9B,256,1.0,4,285,y,30,0.0054427595,680344.94,0.9985086,0.9985086,True
9B,256,1.0,4,286,y,31,0.005267186,658398.25,0.9985038,0.9985038,True
9B,256,1.0,4,287,y,32,0.0051025865,637823.3,0.99847674,0.99847674,True
9B,256,1.0,4,288,y,33,0.0049479627,618495.3,0.99844086,0.99844086,True
9B,256,1.0,4,289,y,34,0.0048024347,600304.3,0.9985107,0.9985107,True
9B,256,1.0,4,290,y,35,0.004665222,583152.75,0.99847186,0.99847186,True
9B,256,1.0,4,291,y,36,0.0045356327,566954.06,0.99855316,0.99855316,True
9B,256,1.0,4,292,y,37,0.004413048,551631.0,0.99856603,0.99856603,True
9B,256,1.0,4,293,y,38,0.004296915,537114.4,0.9984101,0.9984101,True
9B,256,1.0,4,294,y,39,0.004186738,523342.22,0.99853384,0.99853384,True
9B,256,1.0,4,295,y,40,0.0040820693,510258.66,0.99847674,0.99847674,True
9B,256,1.0,4,296,y,41,0.0039825067,497813.34,0.9984994,0.9984994,True
9B,256,1.0,4,297,y,42,0.003887685,485960.62,0.9984504,0.9984504,True
9B,256,1.0,4,298,y,43,0.0037972739,474659.22,0.99845505,0.99845505,True
9B,256,1.0,4,299,y,44,0.0037109721,463871.53,0.9986969,0.9986969,True
9B,256,1.0,4,300,y,45,0.003628506,453563.25,0.9985207,0.9985207,True
9B,256,1.0,4,301,y,46,0.0035496256,443703.22,0.9985827,0.9985827,True
9B,256,1.0,4,302,y,47,0.0034741014,434262.7,0.9985267,0.9985267,True
9B,256,1.0,4,303,y,48,0.0034017246,425215.56,0.998417,0.998417,True
9B,256,1.0,4,304,y,49,0.0033323015,416537.7,0.998415,0.998415,True
9B,256,1.0,4,305,y,50,0.0032656554,408206.9,0.9983336,0.9983336,True
9B,256,1.0,4,306,y,51,0.003201623,400202.88,0.99851143,0.99851143,True
9B,256,1.0,4,307,y,52,0.0031400535,392506.7,0.9984809,0.9984809,True
9B,256,1.0,4,308,y,53,0.0030808072,385100.9,0.9985186,0.9985186,True
9B,256,1.0,4,309,y,54,0.003023755,377969.38,0.9984015,0.9984015,True
9B,256,1.0,4,310,y,55,0.0029687777,371097.22,0.998455,0.998455,True
9B,256,1.0,4,311,y,56,0.002915764,364470.5,0.99853003,0.99853003,True
9B,256,1.0,4,312,y,57,0.0028646102,358076.28,0.9984486,0.9984486,True
9B,256,1.0,4,313,y,58,0.0028152203,351902.53,0.9986284,0.9986284,True
9B,256,1.0,4,314,y,59,0.0027675047,345938.1,0.998554,0.998554,True
9B,256,1.0,4,315,y,60,0.0027213797,340172.47,0.9985045,0.9985045,True
9B,256,1.0,4,316,y,61,0.0026767666,334595.8,0.99842626,0.99842626,True
9B,256,1.0,4,317,y,62,0.002633593,329199.12,0.99849015,0.99849015,True
9B,256,1.0,4,318,y,63,0.0025917902,323973.78,0.99869716,0.99869716,True
9B,256,1.0,4,319,y,64,0.0025512932,318911.66,0.99845177,0.99845177,True
9B,256,1.0,4,320,y,65,0.0025120426,314005.34,0.9986309,0.9986309,True
9B,256,1.0,4,321,y,66,0.0024739814,309247.66,0.998446,0.998446,True
9B,256,1.0,4,322,y,67,0.0024370563,304632.03,0.99861443,0.99861443,True
9B,256,1.0,4,323,y,68,0.0024012174,300152.16,0.99850106,0.99850106,True
9B,256,1.0,4,324,y,69,0.002366417,295802.12,0.99846447,0.99846447,True
9B,256,1.0,4,325,y,70,0.002332611,291576.38,0.99865836,0.99865836,True
9B,256,1.0,4,326,y,71,0.0022997572,287469.66,0.99854267,0.99854267,True
9B,256,1.0,4,327,y,72,0.0022678163,283477.03,0.99842024,0.99842024,True
9B,256,1.0,4,328,y,73,0.0022367502,279593.78,0.99872386,0.99872386,True
9B,256,1.0,4,329,y,74,0.002206524,275815.5,0.998444,0.998444,True
9B,256,1.0,4,330,y,75,0.0021771037,272137.97,0.99859846,0.99859846,True
9B,256,1.0,4,331,y,76,0.0021484576,268557.2,0.997736,0.997736,True
9B,256,1.0,4,332,y,77,0.0021205554,265069.44,0.99850774,0.99850774,True
9B,256,1.0,4,333,y,78,0.002093369,261671.11,0.9984366,0.9984366,True
9B,256,1.0,4,334,y,79,0.0020668707,258358.83,0.9984236,0.9984236,True
9B,256,1.0,4,335,y,80,0.0020410346,255129.33,0.9984379,0.9984379,True
9B,256,1.0,4,336,y,81,0.0020158368,251979.6,0.9985142,0.9985142,True
9B,256,1.0,4,337,y,82,0.0019912533,248906.67,0.9988085,0.9988085,True
9B,256,1.0,4,338,y,83,0.0019672622,245907.78,0.99844825,0.99844825,True
9B,256,1.0,4,339,y,84,0.0019438425,242980.31,0.9985289,0.9985289,True
9B,256,1.0,4,340,y,85,0.0019209739,240121.73,0.998554,0.998554,True
9B,256,1.0,4,341,y,86,0.0018986369,237329.61,0.99860615,0.99860615,True
9B,256,1.0,4,342,y,87,0.0018768135,234601.69,0.9985163,0.9985163,True
9B,256,1.0,4,343,y,88,0.0018554861,231935.77,0.9984294,0.9984294,True
9B,256,1.0,4,344,y,89,0.001834638,229329.75,0.9984237,0.9984237,True
9B,256,1.0,4,345,y,90,0.001814253,226781.62,0.9984964,0.9984964,True
9B,256,1.0,4,346,y,91,0.0017943162,224289.53,0.9984526,0.9984526,True
9B,256,1.0,4,347,y,92,0.0017748128,221851.61,0.9985335,0.9985335,True
9B,256,1.0,4,348,y,93,0.0017557287,219466.1,0.9986253,0.9986253,True
9B,256,1.0,4,349,y,94,0.0017370507,217131.34,0.9986708,0.9986708,True
9B,256,1.0,4,350,y,95,0.001718766,214845.75,0.9985939,0.9985939,True
9B,256,1.0,4,351,y,96,0.0017008623,212607.78,0.9983853,0.9983853,True
9B,256,1.0,4,352,y,97,0.0016833275,210415.94,0.9982946,0.9982946,True
9B,256,1.0,4,353,y,98,0.0016661508,208268.84,0.9984813,0.9984813,True
9B,256,1.0,4,354,y,99,0.0016493209,206165.12,0.8043389,0.8043389,False
9B,256,1.0,4,355,y,100,0.0016328277,204103.45,0.9936349,0.9936349,True
9B,256,1.0,4,356,y,101,0.0016166611,202082.64,0.99849504,0.99849504,True
9B,256,1.0,4,357,y,102,0.0016008115,200101.44,0.9983713,0.9983713,True
9B,256,1.0,4,358,y,103,0.0015852697,198158.72,0.9986471,0.9986471,True
9B,256,1.0,4,359,y,104,0.0015700267,196253.34,0.99854803,0.99854803,True
9B,256,1.0,4,360,y,105,0.0015550741,194384.27,0.9986182,0.9986182,True
9B,256,1.0,4,361,y,106,0.0015404036,192550.45,0.99841857,0.99841857,True
9B,256,1.0,4,362,y,107,0.0015260072,190750.9,0.998579,0.998579,True
9B,256,1.0,4,363,y,108,0.0015118775,188984.69,0.9985337,0.9985337,True
9B,256,1.0,4,364,y,109,0.001498007,187250.88,0.73918855,0.73918855,False
9B,256,1.0,4,365,y,110,0.0014843888,185548.61,0.99528,0.99528,True
9B,256,1.0,4,366,y,111,0.001471016,183877.0,0.9982234,0.9982234,True
9B,256,1.0,4,367,y,112,0.001457882,182235.25,0.9985137,0.9985137,True
9B,256,1.0,4,368,y,113,0.0014449803,180622.53,0.99861,0.99861,True
9B,256,1.0,4,369,y,114,0.0014323051,179038.14,0.9984859,0.9984859,True
9B,256,1.0,4,370,y,115,0.0014198502,177481.27,0.9984822,0.9984822,True
9B,256,1.0,4,371,y,116,0.0014076101,175951.27,0.9984486,0.9984486,True
9B,256,1.0,4,372,y,117,0.0013955793,174447.4,0.9983294,0.9983294,True
9B,256,1.0,4,373,y,118,0.0013837523,172969.05,0.9984179,0.9984179,True
9B,256,1.0,4,374,y,119,0.0013721242,171515.52,0.99848485,0.99848485,True
9B,256,1.0,4,375,y,120,0.0013606899,170086.23,0.99859154,0.99859154,True
9B,256,1.0,4,376,y,121,0.0013494444,168680.55,0.9983148,0.9983148,True
9B,256,1.0,4,377,y,122,0.0013383833,167297.9,0.99848676,0.99848676,True
9B,256,1.0,4,378,y,123,0.0013275022,165937.78,0.9985287,0.9985287,True
9B,256,1.0,4,379,y,124,0.0013167965,164599.56,0.99852824,0.99852824,True
9B,256,1.0,4,380,y,125,0.0013062622,163282.78,0.75090563,0.75090563,False
9B,256,1.0,4,381,y,126,0.0012958951,161986.89,0.9920012,0.9920012,True
9B,256,1.0,4,382,y,127,0.0012856912,160711.39,0.998652,0.998652,True
9B,256,1.0,4,383,y,128,0.0012756466,159455.83,0.99845576,0.99845576,True
9B,256,1.0,4,384,y,129,0.001265758,158219.75,0.9984183,0.9984183,True
9B,256,1.0,4,385,y,130,0.0012560213,157002.67,0.99860156,0.99860156,True
9B,256,1.0,4,386,y,131,0.0012464334,155804.17,0.9985171,0.9985171,True
9B,256,1.0,4,387,y,132,0.0012369907,154623.83,0.99852216,0.99852216,True
9B,256,1.0,4,388,y,133,0.00122769,153461.25,0.9984766,0.9984766,True
9B,256,1.0,4,389,y,134,0.0012185281,152316.02,0.9984542,0.9984542,True
9B,256,1.0,4,390,y,135,0.001209502,151187.75,0.75370526,0.75370526,False
9B,256,1.0,4,391,y,136,0.0012006087,150076.08,0.99403083,0.99403083,True
9B,256,1.0,4,392,y,137,0.001191845,148980.62,0.9681363,0.9681363,True
9B,256,1.0,4,393,y,138,0.0011832085,147901.06,0.9682281,0.9682281,True
9B,256,1.0,4,394,y,139,0.0011746963,146837.03,0.9984522,0.9984522,True
9B,256,1.0,4,395,y,140,0.0011663055,145788.19,0.99836445,0.99836445,True
9B,256,1.0,4,396,y,141,0.0011580338,144754.23,0.9985418,0.9985418,True
9B,256,1.0,4,397,y,142,0.0011498786,143734.83,0.9985121,0.9985121,True
9B,256,1.0,4,398,y,143,0.0011418376,142729.7,0.9984405,0.9984405,True
9B,256,1.0,4,399,y,144,0.0011339082,141738.52,0.9984586,0.9984586,True
9B,256,1.0,4,400,y,145,0.0011260881,140761.02,0.9984677,0.9984677,True
9B,256,1.0,4,401,y,146,0.0011183751,139796.89,0.99849474,0.99849474,True
9B,256,1.0,4,402,y,147,0.0011107671,138845.89,0.99863565,0.99863565,True
9B,256,1.0,4,403,y,148,0.001103262,137907.75,0.9985895,0.9985895,True
9B,256,1.0,4,404,y,149,0.0010958576,136982.2,0.71987,0.71987,False
9B,256,1.0,4,405,y,150,0.0010885518,136068.98,0.9935766,0.9935766,True
9B,256,1.0,4,406,y,151,0.0010813428,135167.84,0.9986104,0.9986104,True
9B,256,1.0,4,407,y,152,0.0010742288,134278.6,0.9986149,0.9986149,True
9B,256,1.0,4,408,y,153,0.0010672077,133400.95,0.99855006,0.99855006,True
9B,256,1.0,4,409,y,154,0.0010602777,132534.72,0.99862725,0.99862725,True
9B,256,1.0,4,410,y,155,0.0010534372,131679.66,0.9982883,0.9982883,True
9B,256,1.0,4,411,y,156,0.0010466845,130835.555,0.99848914,0.99848914,True
9B,256,1.0,4,412,y,157,0.0010400177,130002.21,0.99866706,0.99866706,True
9B,256,1.0,4,413,y,158,0.0010334353,129179.414,0.9984813,0.9984813,True
9B,256,1.0,4,414,y,159,0.0010269356,128366.95,0.99845624,0.99845624,True
9B,256,1.0,4,415,y,160,0.0010205173,127564.664,0.99839246,0.99839246,True
9B,256,1.0,4,416,y,161,0.0010141787,126772.34,0.69394505,0.00062520616,False
9B,256,1.0,4,417,y,162,0.0010079184,125989.8,0.9899645,0.9899645,True
9B,256,1.0,4,418,y,163,0.0010017348,125216.84,0.9605252,0.9605252,True
9B,256,1.0,4,419,y,164,0.0009956267,124453.336,0.9640396,0.9640396,True
9B,256,1.0,4,420,y,165,0.0009895925,123699.06,0.99861914,0.99861914,True
9B,256,1.0,4,421,y,166,0.0009836311,122953.89,0.9985249,0.9985249,True
9B,256,1.0,4,422,y,167,0.0009777412,122217.65,0.9985531,0.9985531,True
9B,256,1.0,4,423,y,168,0.00097192125,121490.16,0.99857056,0.99857056,True
9B,256,1.0,4,424,y,169,0.0009661703,120771.28,0.9985447,0.9985447,True
9B,256,1.0,4,425,y,170,0.00096048694,120060.87,0.99854726,0.99854726,True
9B,256,1.0,4,426,y,171,0.00095487,119358.75,0.9985069,0.9985069,True
9B,256,1.0,4,427,y,172,0.00094931846,118664.805,0.9985466,0.9985466,True
9B,256,1.0,4,428,y,173,0.00094383105,117978.88,0.706784,0.0016084816,False
9B,256,1.0,4,429,y,174,0.00093840674,117300.84,0.9940617,0.9940617,True
9B,256,1.0,4,430,y,175,0.0009330444,116630.555,0.99830234,0.99830234,True
9B,256,1.0,4,431,y,176,0.00092774304,115967.88,0.99844575,0.99844575,True
9B,256,1.0,4,432,y,177,0.00092250155,115312.695,0.9984609,0.9984609,True
9B,256,1.0,4,433,y,178,0.000917319,114664.875,0.9984999,0.9984999,True
9B,256,1.0,4,434,y,179,0.00091219426,114024.28,0.99861944,0.99861944,True
9B,256,1.0,4,435,y,180,0.0009071265,113390.81,0.9986365,0.9986365,True
9B,256,1.0,4,436,y,181,0.0009021148,112764.35,0.9984901,0.9984901,True
9B,256,1.0,4,437,y,182,0.0008971581,112144.766,0.9985304,0.9985304,True
9B,256,1.0,4,438,y,183,0.0008922556,111531.945,0.9986096,0.9986096,True
9B,256,1.0,4,439,y,184,0.0008874064,110925.805,0.9984374,0.9984374,True
9B,256,1.0,4,440,y,185,0.0008826096,110326.195,0.99838305,0.99838305,True
9B,256,1.0,4,441,y,186,0.00087786437,109733.05,0.99853337,0.99853337,True
9B,256,1.0,4,442,y,187,0.0008731699,109146.24,0.9984876,0.9984876,True
9B,256,1.0,4,443,y,188,0.00086852536,108565.67,0.9982432,0.9982432,True
9B,256,1.0,4,444,y,189,0.00086393,107991.25,0.99846077,0.99846077,True
9B,256,1.0,4,445,y,190,0.000859383,107422.875,0.9986504,0.9986504,True
9B,256,1.0,4,446,y,191,0.00085488363,106860.45,0.998711,0.998711,True
9B,256,1.0,4,447,y,192,0.00085043116,106303.89,0.9985703,0.9985703,True
9B,256,1.0,4,448,y,193,0.0008460247,105753.09,0.9984382,0.9984382,True
9B,256,1.0,4,449,y,194,0.00084166374,105207.97,0.9984095,0.9984095,True
9B,256,1.0,4,450,y,195,0.0008373476,104668.445,0.9984437,0.9984437,True
9B,256,1.0,4,451,y,196,0.0008330754,104134.42,0.99858797,0.99858797,True
9B,256,1.0,4,452,y,197,0.00082884653,103605.82,0.9928271,0.9928271,True
9B,256,1.0,4,453,y,198,0.00082466047,103082.56,0.6477777,0.0046761744,False
9B,256,1.0,4,454,y,199,0.00082051643,102564.555,0.9929018,0.9929018,True
9B,256,1.0,4,455,y,200,0.00081641384,102051.73,0.7381639,0.09987719,False
9B,256,1.0,4,456,y,201,0.00081235205,101544.01,0.9985045,0.9985045,True
9B,256,1.0,4,457,y,202,0.00080833054,101041.32,0.99843,0.99843,True
9B,256,1.0,4,458,y,203,0.0008043486,100543.58,0.9984596,0.9984596,True
9B,256,1.0,4,459,y,204,0.00080040575,100050.72,0.9984816,0.9984816,True
9B,256,1.0,4,460,y,205,0.00079650135,99562.67,0.560391,0.0026299674,False
9B,256,1.0,4,461,y,206,0.00079263485,99079.36,0.98761255,0.98761255,True
9B,256,1.0,4,462,y,207,0.00078880566,98600.71,0.99857646,0.99857646,True
9B,256,1.0,4,463,y,208,0.00078501337,98126.67,0.9985635,0.9985635,True
9B,256,1.0,4,464,y,209,0.00078125723,97657.16,0.9571956,0.9571956,True
9B,256,1.0,4,465,y,210,0.00077753706,97192.13,0.95426583,0.95426583,True
9B,256,1.0,4,466,y,211,0.00077385205,96731.51,0.9985825,0.9985825,True
9B,256,1.0,4,467,y,212,0.0007702018,96275.23,0.9984293,0.9984293,True
9B,256,1.0,4,468,y,213,0.0007665858,95823.23,0.9984657,0.9984657,True
9B,256,1.0,4,469,y,214,0.0007630036,95375.45,0.9983301,0.9983301,True
9B,256,1.0,4,470,y,215,0.00075945474,94931.84,0.9986218,0.9986218,True
9B,256,1.0,4,471,y,216,0.00075593876,94492.34,0.99860656,0.99860656,True
9B,256,1.0,4,472,y,217,0.00075245515,94056.89,0.998494,0.998494,True
9B,256,1.0,4,473,y,218,0.0007490035,93625.44,0.99837196,0.99837196,True
9B,256,1.0,4,474,y,219,0.0007455834,93197.92,0.998549,0.998549,True
9B,256,1.0,4,475,y,220,0.0007421944,92774.305,0.9985461,0.9985461,True
9B,256,1.0,4,476,y,221,0.0007388361,92354.516,0.9983321,0.9983321,True
9B,256,1.0,4,477,y,222,0.000735508,91938.5,0.9984205,0.9984205,True
9B,256,1.0,4,478,y,223,0.00073220977,91526.22,0.9983789,0.9983789,True
9B,256,1.0,4,479,y,224,0.000728941,91117.625,0.9984583,0.9984583,True
9B,256,1.0,4,480,y,225,0.0007257012,90712.65,0.9984087,0.9984087,True
9B,256,1.0,4,481,y,226,0.00072249013,90311.266,0.99861395,0.99861395,True
9B,256,1.0,4,482,y,227,0.00071930734,89913.414,0.99855685,0.99855685,True
9B,256,1.0,4,483,y,228,0.00071615254,89519.07,0.99844116,0.99844116,True
9B,256,1.0,4,484,y,229,0.0007130252,89128.16,0.9985254,0.9985254,True
9B,256,1.0,4,485,y,230,0.0007099251,88740.63,0.9982756,0.9982756,True
9B,256,1.0,4,486,y,231,0.00070685183,88356.48,0.9985815,0.9985815,True
9B,256,1.0,4,487,y,232,0.00070380507,87975.63,0.99846196,0.99846196,True
9B,256,1.0,4,488,y,233,0.00070078444,87598.055,0.028711885,0.021338895,False
9B,256,1.0,4,489,y,234,0.00069778966,87223.7,0.9984058,0.9984058,True
9B,256,1.0,4,490,y,235,0.0006948203,86852.54,0.9985112,0.9985112,True
9B,256,1.0,4,491,y,236,0.00069187616,86484.52,0.99844337,0.99844337,True
9B,256,1.0,4,492,y,237,0.0006889568,86119.6,0.99839354,0.99839354,True
9B,256,1.0,4,493,y,238,0.0006860621,85757.76,0.9985856,0.9985856,True
9B,256,1.0,4,494,y,239,0.0006831915,85398.94,0.99849176,0.99849176,True
9B,256,1.0,4,495,y,240,0.00068034494,85043.12,0.038002595,0.003999641,False
9B,256,1.0,4,496,y,241,0.0006775219,84690.24,0.24840397,0.0011096075,False
9B,256,1.0,4,497,y,242,0.0006747222,84340.27,0.2765513,0.037046064,False
9B,256,1.0,4,498,y,243,0.00067194557,83993.195,0.92053545,0.92053545,True
9B,256,1.0,4,499,y,244,0.00066919165,83648.95,0.9216176,0.9216176,True
9B,256,1.0,4,500,y,245,0.00066646026,83307.53,0.2973485,0.024735702,False
9B,256,1.0,4,501,y,246,0.0006637511,82968.89,0.026971541,0.0075016897,False
9B,256,1.0,4,502,y,247,0.0006610639,82632.984,0.99846315,0.99846315,True
9B,256,1.0,4,503,y,248,0.00065839826,82299.78,0.023272088,0.0047749868,False
9B,256,1.0,4,504,y,249,0.00065575406,81969.26,0.9985493,0.9985493,True
9B,256,1.0,4,505,y,250,0.0006531311,81641.39,0.9986181,0.9986181,True
9B,256,1.0,4,506,y,251,0.000650529,81316.125,0.9900565,0.9900565,True
9B,256,1.0,4,507,y,252,0.00064794754,80993.445,0.67445886,0.67445886,False
9B,256,1.0,4,508,y,253,0.00064538646,80673.305,0.015636073,0.015636073,False
9B,256,1.0,4,509,y,254,0.0006428456,80355.695,0.9985199,0.9985199,True
9B,256,1.0,4,510,y,255,0.0006403246,80040.58,0.035360217,0.006592255,False
9B,256,1.0,4,511,y,256,0.0006378233,79727.914,0.9984833,0.9984833,True
9B,256,1.5,0,0,x,1,0.40201047,50251308.0,0.96844435,0.96844435,True
9B,256,1.5,0,1,x,2,0.14213216,17766520.0,0.9882463,0.9882463,True
9B,256,1.5,0,2,x,3,0.077366956,9670869.0,0.9682265,0.9682265,True
9B,256,1.5,0,3,x,4,0.05025131,6281413.5,0.96634734,0.96634734,True
9B,256,1.5,0,4,x,5,0.03595691,4494614.0,0.9664767,0.9664767,True
9B,256,1.5,0,5,x,6,0.02735335,3419168.8,0.9659653,0.9659653,True
9B,256,1.5,0,6,x,7,0.021706525,2713315.8,0.96698534,0.96698534,True
9B,256,1.5,0,7,x,8,0.01776652,2220815.0,0.9684417,0.9684417,True
9B,256,1.5,0,8,x,9,0.0148892775,1861159.8,0.9658632,0.9658632,True
9B,256,1.5,0,9,x,10,0.012712687,1589085.9,0.96500444,0.96500444,True
9B,256,1.5,0,10,x,11,0.011019156,1377394.5,0.9640958,0.9640958,True
9B,256,1.5,0,11,x,12,0.009670869,1208858.6,0.9641788,0.9641788,True
9B,256,1.5,0,12,x,13,0.008576742,1072092.8,0.9686386,0.9686386,True
9B,256,1.5,0,13,x,14,0.0076744156,959301.94,0.9642725,0.9642725,True
9B,256,1.5,0,14,x,15,0.0069199107,864988.8,0.96404314,0.96404314,True
9B,256,1.5,0,15,x,16,0.0062814136,785176.7,0.96375424,0.96375424,True
9B,256,1.5,0,16,x,17,0.0057354034,716925.44,0.96547556,0.96547556,True
9B,256,1.5,0,17,x,18,0.0052641546,658019.3,0.96448094,0.96448094,True
9B,256,1.5,0,18,x,19,0.0048540807,606760.06,0.9659368,0.9659368,True
9B,256,1.5,0,19,x,20,0.004494614,561826.75,0.9643923,0.9643923,True
9B,256,1.5,0,20,x,21,0.004177423,522177.9,0.96565384,0.96565384,True
9B,256,1.5,0,21,x,22,0.00389586,486982.5,0.96537554,0.96537554,True
9B,256,1.5,0,22,x,23,0.0036445644,455570.56,0.9654336,0.9654336,True
9B,256,1.5,0,23,x,24,0.0034191688,427396.1,0.9650482,0.9650482,True
9B,256,1.5,0,24,x,25,0.003216084,402010.5,0.96539474,0.96539474,True
9B,256,1.5,0,25,x,26,0.0030323362,379042.03,0.96424484,0.96424484,True
9B,256,1.5,0,26,x,27,0.0028654425,358180.3,0.9652683,0.9652683,True
9B,256,1.5,0,27,x,28,0.0027133157,339164.47,0.9654809,0.9654809,True
9B,256,1.5,0,28,x,29,0.0025741886,321773.6,0.965085,0.965085,True
9B,256,1.5,0,29,x,30,0.0024465579,305819.72,0.9643624,0.9643624,True
9B,256,1.5,0,30,x,31,0.002329136,291142.0,0.9647411,0.9647411,True
9B,256,1.5,0,31,x,32,0.002220815,277601.88,0.9651054,0.9651054,True
9B,256,1.5,0,32,x,33,0.0021206376,265079.7,0.96499133,0.96499133,True
9B,256,1.5,0,33,x,34,0.0020277714,253471.42,0.96617126,0.96617126,True
9B,256,1.5,0,34,x,35,0.0019414907,242686.33,0.9647827,0.9647827,True
9B,256,1.5,0,35,x,36,0.0018611597,232644.97,0.96607506,0.96607506,True
9B,256,1.5,0,36,x,37,0.0017862193,223277.4,0.96439433,0.96439433,True
9B,256,1.5,0,37,x,38,0.0017161766,214522.08,0.9639876,0.9639876,True
9B,256,1.5,0,38,x,39,0.0016505948,206324.34,0.96508825,0.96508825,True
9B,256,1.5,0,39,x,40,0.0015890859,198635.73,0.9670614,0.9670614,True
9B,256,1.5,0,40,x,41,0.0015313046,191413.06,0.9649677,0.9649677,True
9B,256,1.5,0,41,x,42,0.001476942,184617.75,0.96523803,0.96523803,True
9B,256,1.5,0,42,x,43,0.0014257216,178215.2,0.9649993,0.9649993,True
9B,256,1.5,0,43,x,44,0.0013773945,172174.31,0.9635329,0.9635329,True
9B,256,1.5,0,44,x,45,0.0013317374,166467.17,0.96598333,0.96598333,True
9B,256,1.5,0,45,x,46,0.0012885481,161068.52,0.9657096,0.9657096,True
9B,256,1.5,0,46,x,47,0.0012476437,155955.47,0.9628829,0.9628829,True
9B,256,1.5,0,47,x,48,0.0012088587,151107.33,0.9647741,0.9647741,True
9B,256,1.5,0,48,x,49,0.0011720422,146505.28,0.96519244,0.96519244,True
9B,256,1.5,0,49,x,50,0.0011370573,142132.17,0.9632789,0.9632789,True
9B,256,1.5,0,50,x,51,0.001103779,137972.38,0.9652873,0.9652873,True
9B,256,1.5,0,51,x,52,0.0010720928,134011.6,0.96379876,0.96379876,True
9B,256,1.5,0,52,x,53,0.0010418941,130236.76,0.9635197,0.9635197,True
9B,256,1.5,0,53,x,54,0.001013087,126635.875,0.966604,0.966604,True
9B,256,1.5,0,54,x,55,0.0009855833,123197.914,0.9647327,0.9647327,True
9B,256,1.5,0,55,x,56,0.00095930195,119912.74,0.96308297,0.96308297,True
9B,256,1.5,0,56,x,57,0.0009341683,116771.04,0.9633539,0.9633539,True
9B,256,1.5,0,57,x,58,0.00091011316,113764.15,0.9667913,0.9667913,True
9B,256,1.5,0,58,x,59,0.000887073,110884.125,0.965083,0.965083,True
9B,256,1.5,0,59,x,60,0.00086498883,108123.6,0.9644125,0.9644125,True
9B,256,1.5,0,60,x,61,0.000843806,105475.75,0.96415436,0.96415436,True
9B,256,1.5,0,61,x,62,0.00082347385,102934.234,0.9649947,0.9649947,True
9B,256,1.5,0,62,x,63,0.00080394535,100493.17,0.9631492,0.9631492,True
9B,256,1.5,0,63,x,64,0.0007851767,98147.086,0.96538734,0.96538734,True
9B,256,1.5,0,64,x,65,0.0007671271,95890.88,0.9644344,0.9644344,True
9B,256,1.5,0,65,x,66,0.0007497586,93719.83,0.9651483,0.9651483,True
9B,256,1.5,0,66,x,67,0.0007330358,91629.48,0.96422064,0.96422064,True
9B,256,1.5,0,67,x,68,0.0007169254,89615.68,0.9660788,0.9660788,True
9B,256,1.5,0,68,x,69,0.0007013967,87674.59,0.9643044,0.9643044,True
9B,256,1.5,0,69,x,70,0.0006864206,85802.57,0.9647411,0.9647411,True
9B,256,1.5,0,70,x,71,0.00067196996,83996.24,0.9646698,0.9646698,True
9B,256,1.5,0,71,x,72,0.00065801933,82252.414,0.9643543,0.9643543,True
9B,256,1.5,0,72,x,73,0.0006445448,80568.09,0.9649463,0.9649463,True
9B,256,1.5,0,73,x,74,0.0006315239,78940.484,0.964061,0.964061,True
9B,256,1.5,0,74,x,75,0.0006189356,77366.95,0.9652339,0.96504325,True
9B,256,1.5,0,75,x,76,0.0006067601,75845.01,0.96465373,0.96465373,True
9B,256,1.5,0,76,x,77,0.00059497857,74372.32,0.9625871,0.9625871,True
9B,256,1.5,0,77,x,78,0.00058357336,72946.67,0.96419525,0.96419525,True
9B,256,1.5,0,78,x,79,0.00057252805,71566.01,0.9627372,0.9627372,True
9B,256,1.5,0,79,x,80,0.00056182675,70228.34,0.96547985,0.96547985,True
9B,256,1.5,0,80,x,81,0.0005514547,68931.84,0.9665227,0.9665227,True
9B,256,1.5,0,81,x,82,0.00054139795,67674.74,0.9616298,0.9616298,True
9B,256,1.5,0,82,x,83,0.00053164316,66455.4,0.96338546,0.96338546,True
9B,256,1.5,0,83,x,84,0.0005221779,65272.24,0.9651631,0.9651631,True
9B,256,1.5,0,84,x,85,0.0005129901,64123.766,0.9626014,0.9626014,True
9B,256,1.5,0,85,x,86,0.0005040687,63008.586,0.9663485,0.9663485,True
9B,256,1.5,0,86,x,87,0.00049540284,61925.355,0.96663,0.96663,True
9B,256,1.5,0,87,x,88,0.0004869825,60872.812,0.96407855,0.96407855,True
9B,256,1.5,0,88,x,89,0.00047879803,59849.754,0.9622344,0.9622344,True
9B,256,1.5,0,89,x,90,0.00047084028,58855.035,0.96511257,0.96511257,True
9B,256,1.5,0,90,x,91,0.00046310056,57887.57,0.96427834,0.96427834,True
9B,256,1.5,0,91,x,92,0.00045557055,56946.32,0.96555495,0.96555495,True
9B,256,1.5,0,92,x,93,0.00044824244,56030.305,0.9650893,0.9650893,True
9B,256,1.5,0,93,x,94,0.00044110868,55138.586,0.963797,0.963797,True
9B,256,1.5,0,94,x,95,0.00043416218,54270.273,0.96453846,0.96453846,True
9B,256,1.5,0,95,x,96,0.0004273961,53424.51,0.9639737,0.9639737,True
9B,256,1.5,0,96,x,97,0.0004208039,52600.49,0.96413434,0.96413434,True
9B,256,1.5,0,97,x,98,0.0004143795,51797.438,0.96471953,0.96471953,True
9B,256,1.5,0,98,x,99,0.0004081169,51014.613,0.9646541,0.9646541,True
9B,256,1.5,0,99,x,100,0.0004020105,50251.312,0.96232784,0.96232784,True
9B,256,1.5,0,100,x,101,0.00039605485,49506.855,0.96420395,0.96420395,True
9B,256,1.5,0,101,x,102,0.0003902448,48780.598,0.965763,0.965763,True
9B,256,1.5,0,102,x,103,0.00038457545,48071.934,0.9654217,0.9654217,True
9B,256,1.5,0,103,x,104,0.00037904203,47380.254,0.9635625,0.9635625,True
9B,256,1.5,0,104,x,105,0.00037364004,46705.004,0.96516955,0.96516955,True
9B,256,1.5,0,105,x,106,0.0003683652,46045.65,0.9655678,0.9655678,True
9B,256,1.5,0,106,x,107,0.00036321327,45401.66,0.9592303,0.9592303,True
9B,256,1.5,0,107,x,108,0.00035818032,44772.54,0.9656311,0.9656311,True
9B,256,1.5,0,108,x,109,0.00035326256,44157.82,0.9654752,0.9654752,True
9B,256,1.5,0,109,x,110,0.00034845632,43557.04,0.96413326,0.96413326,True
9B,256,1.5,0,110,x,111,0.0003437581,42969.76,0.7692852,0.7692852,False
9B,256,1.5,0,111,x,112,0.00033916446,42395.56,0.9645153,0.9645153,True
9B,256,1.5,0,112,x,113,0.00033467225,41834.03,0.9636661,0.9636661,True
9B,256,1.5,0,113,x,114,0.00033027836,41284.793,0.96541214,0.96541214,True
9B,256,1.5,0,114,x,115,0.00032597975,40747.47,0.96491075,0.96491075,True
9B,256,1.5,0,115,x,116,0.00032177358,40221.7,0.9642042,0.9642042,True
9B,256,1.5,0,116,x,117,0.0003176571,39707.137,0.9628299,0.9628299,True
9B,256,1.5,0,117,x,118,0.00031362765,39203.457,0.96451735,0.96451735,True
9B,256,1.5,0,118,x,119,0.00030968268,38710.336,0.9634608,0.9634608,True
9B,256,1.5,0,119,x,120,0.00030581973,38227.465,0.9657682,0.9657682,True
9B,256,1.5,0,120,x,121,0.00030203644,37754.555,0.96678156,0.96678156,True
9B,256,1.5,0,121,x,122,0.00029833047,37291.31,0.9646027,0.9646027,True
9B,256,1.5,0,122,x,123,0.0002946997,36837.465,0.9612217,0.9612217,True
9B,256,1.5,0,123,x,124,0.000291142,36392.75,0.967584,0.967584,True
9B,256,1.5,0,124,x,125,0.0002876553,35956.914,0.9640267,0.9640267,True
9B,256,1.5,0,125,x,126,0.0002842376,35529.703,0.96460116,0.96460116,True
9B,256,1.5,0,126,x,127,0.0002808871,35110.887,0.96539307,0.96539307,True
9B,256,1.5,0,127,x,128,0.00027760188,34700.234,0.96406233,0.96406233,True
9B,256,1.5,0,128,x,129,0.00027438023,34297.527,0.96506774,0.96506774,True
9B,256,1.5,0,129,x,130,0.0002712204,33902.55,0.9631959,0.9631959,True
9B,256,1.5,0,130,x,131,0.00026812076,33515.094,0.96262634,0.96262634,True
9B,256,1.5,0,131,x,132,0.0002650797,33134.96,0.96622086,0.96622086,True
9B,256,1.5,0,132,x,133,0.00026209574,32761.967,0.96385866,0.96385866,True
9B,256,1.5,0,133,x,134,0.0002591673,32395.914,0.96608746,0.96608746,True
9B,256,1.5,0,134,x,135,0.000256293,32036.623,0.9632485,0.9632485,True
9B,256,1.5,0,135,x,136,0.00025347143,31683.928,0.9644935,0.9644935,True
9B,256,1.5,0,136,x,137,0.00025070127,31337.658,0.96680975,0.96680975,True
9B,256,1.5,0,137,x,138,0.0002479812,30997.65,0.96459043,0.96459043,True
9B,256,1.5,0,138,x,139,0.00024530996,30663.744,0.9629554,0.9629554,True
9B,256,1.5,0,139,x,140,0.00024268634,30335.791,0.69912267,0.000306461,False
9B,256,1.5,0,140,x,141,0.00024010913,30013.643,0.7100445,0.7100445,False
9B,256,1.5,0,141,x,142,0.00023757725,29697.156,0.9598105,0.9598105,True
9B,256,1.5,0,142,x,143,0.00023508954,29386.191,0.9635425,0.9635425,True
9B,256,1.5,0,143,x,144,0.00023264496,29080.621,0.9669971,0.9669971,True
9B,256,1.5,0,144,x,145,0.00023024244,28780.305,0.9639275,0.9639275,True
9B,256,1.5,0,145,x,146,0.00022788098,28485.123,0.9644691,0.9644691,True
9B,256,1.5,0,146,x,147,0.00022555962,28194.953,0.9654707,0.9654707,True
9B,256,1.5,0,147,x,148,0.00022327741,27909.676,0.96319497,0.96319497,True
9B,256,1.5,0,148,x,149,0.00022103344,27629.18,0.96479857,0.96479857,True
9B,256,1.5,0,149,x,150,0.00021882678,27353.348,0.9639237,0.9639237,True
9B,256,1.5,0,150,x,151,0.00021665661,27082.076,0.96181965,0.96181965,True
9B,256,1.5,0,151,x,152,0.00021452208,26815.26,0.96546996,0.96546996,True
9B,256,1.5,0,152,x,153,0.00021242237,26552.797,0.9692906,0.9692906,True
9B,256,1.5,0,153,x,154,0.00021035668,26294.586,0.9608443,0.9608443,True
9B,256,1.5,0,154,x,155,0.00020832426,26040.533,0.9682518,0.9682518,True
9B,256,1.5,0,155,x,156,0.00020632434,25790.543,0.47432756,0.07880671,False
9B,256,1.5,0,156,x,157,0.00020435624,25544.53,0.9582057,0.9582057,True
9B,256,1.5,0,157,x,158,0.00020241922,25302.402,0.6318318,0.00026430935,False
9B,256,1.5,0,158,x,159,0.00020051262,25064.076,0.96367687,0.96367687,True
9B,256,1.5,0,159,x,160,0.00019863574,24829.467,0.96602815,0.96602815,True
9B,256,1.5,0,160,x,161,0.00019678797,24598.496,0.96463513,0.96463513,True
9B,256,1.5,0,161,x,162,0.00019496868,24371.086,0.9634803,0.9634803,True
9B,256,1.5,0,162,x,163,0.00019317724,24147.154,0.96281743,0.96281743,True
9B,256,1.5,0,163,x,164,0.00019141307,23926.633,0.96640474,0.96640474,True
9B,256,1.5,0,164,x,165,0.0001896756,23709.45,0.9649154,0.9649154,True
9B,256,1.5,0,165,x,166,0.00018796424,23495.53,0.96147096,0.96147096,True
9B,256,1.5,0,166,x,167,0.00018627847,23284.809,0.9635017,0.9635017,True
9B,256,1.5,0,167,x,168,0.00018461775,23077.219,0.9678302,0.9678302,True
9B,256,1.5,0,168,x,169,0.00018298156,22872.695,0.95106816,0.95106816,True
9B,256,1.5,0,169,x,170,0.0001813694,22671.174,0.95387375,0.95387375,True
9B,256,1.5,0,170,x,171,0.00017978076,22472.596,0.3805766,0.0004721582,False
9B,256,1.5,0,171,x,172,0.0001782152,22276.9,0.96541864,0.96541864,True
9B,256,1.5,0,172,x,173,0.0001766722,22084.025,0.96734136,0.96734136,True
9B,256,1.5,0,173,x,174,0.00017515136,21893.92,0.962078,0.962078,True
9B,256,1.5,0,174,x,175,0.00017365221,21706.525,0.96575975,0.96575975,True
9B,256,1.5,0,175,x,176,0.00017217432,21521.79,0.9644574,0.9644574,True
9B,256,1.5,0,176,x,177,0.00017071728,21339.66,0.96546745,0.96546745,True
9B,256,1.5,0,177,x,178,0.00016928067,21160.084,0.7577386,0.7577386,False
9B,256,1.5,0,178,x,179,0.0001678641,20983.012,0.9668447,0.9668447,True
9B,256,1.5,0,179,x,180,0.00016646717,20808.396,0.96444404,0.96444404,True
9B,256,1.5,0,180,x,181,0.00016508953,20636.191,0.9607738,0.9607738,True
9B,256,1.5,0,181,x,182,0.00016373077,20466.346,0.69406825,0.0009404551,False
9B,256,1.5,0,182,x,183,0.00016239056,20298.82,0.9658984,0.9658984,True
9B,256,1.5,0,183,x,184,0.00016106851,20133.564,0.9640596,0.9640596,True
9B,256,1.5,0,184,x,185,0.00015976431,19970.54,0.9739256,0.9739256,True
9B,256,1.5,0,185,x,186,0.00015847762,19809.703,0.96502316,0.96502316,True
9B,256,1.5,0,186,x,187,0.00015720812,19651.016,0.67439055,0.00013306132,False
9B,256,1.5,0,187,x,188,0.00015595547,19494.434,0.9636004,0.9636004,True
9B,256,1.5,0,188,x,189,0.00015471935,19339.92,0.9641078,0.9641078,True
9B,256,1.5,0,189,x,190,0.0001534995,19187.438,0.96348166,0.96348166,True
9B,256,1.5,0,190,x,191,0.00015229559,19036.95,0.72938925,0.72938925,False
9B,256,1.5,0,191,x,192,0.00015110734,18888.416,0.9621147,0.9621147,True
9B,256,1.5,0,192,x,193,0.00014993445,18741.807,0.9596807,0.9596807,True
9B,256,1.5,0,193,x,194,0.00014877664,18597.08,0.85435736,0.85435736,False
9B,256,1.5,0,194,x,195,0.00014763368,18454.209,0.96672416,0.96672416,True
9B,256,1.5,0,195,x,196,0.00014650528,18313.16,0.96968234,0.96968234,True
9B,256,1.5,0,196,x,197,0.00014539117,18173.896,0.96590495,0.96590495,True
9B,256,1.5,0,197,x,198,0.00014429112,18036.389,0.9613923,0.9613923,True
9B,256,1.5,0,198,x,199,0.00014320486,17900.607,0.9675261,0.9675261,True
9B,256,1.5,0,199,x,200,0.00014213216,17766.521,0.36609164,0.00021030009,False
9B,256,1.5,0,200,x,201,0.0001410728,17634.1,0.9751201,0.9751201,True
9B,256,1.5,0,201,x,202,0.00014002652,17503.314,0.9672712,0.9672712,True
9B,256,1.5,0,202,x,203,0.00013899313,17374.14,0.9692554,0.9692554,True
9B,256,1.5,0,203,x,204,0.00013797237,17246.547,0.96054673,0.96054673,True
9B,256,1.5,0,204,x,205,0.00013696405,17120.506,0.9641514,0.9641514,True
9B,256,1.5,0,205,x,206,0.00013596796,16995.994,0.7810968,0.7810968,False
9B,256,1.5,0,206,x,207,0.00013498386,16872.982,0.969083,0.969083,True
9B,256,1.5,0,207,x,208,0.0001340116,16751.45,0.85727555,0.85727555,False
9B,256,1.5,0,208,x,209,0.00013305094,16631.367,0.96662873,0.96662873,True
9B,256,1.5,0,209,x,210,0.0001321017,16512.713,0.96736777,0.96736777,True
9B,256,1.5,0,210,x,211,0.0001311637,16395.463,0.9591421,0.9591421,True
9B,256,1.5,0,211,x,212,0.00013023676,16279.595,0.7125976,0.7125976,False
9B,256,1.5,0,212,x,213,0.00012932067,16165.084,0.9635632,0.9635632,True
9B,256,1.5,0,213,x,214,0.00012841528,16051.91,0.9250828,0.9250828,True
9B,256,1.5,0,214,x,215,0.0001275204,15940.05,0.96525455,0.96525455,True
9B,256,1.5,0,215,x,216,0.00012663587,15829.484,0.97582984,0.97582984,True
9B,256,1.5,0,216,x,217,0.00012576151,15720.188,0.9336808,0.9336808,True
9B,256,1.5,0,217,x,218,0.00012489718,15612.147,0.9443138,0.9443138,True
9B,256,1.5,0,218,x,219,0.0001240427,15505.337,0.96007085,0.96007085,True
9B,256,1.5,0,219,x,220,0.00012319791,15399.739,0.96031404,0.96031404,True
9B,256,1.5,0,220,x,221,0.00012236268,15295.334,0.7313079,0.7313079,False
9B,256,1.5,0,221,x,222,0.00012153684,15192.1045,0.9613867,0.9613867,True
9B,256,1.5,0,222,x,223,0.00012072023,15090.028,0.865811,0.865811,False
9B,256,1.5,0,223,x,224,0.000119912744,14989.093,0.9459874,0.9459874,True
9B,256,1.5,0,224,x,225,0.000119114215,14889.276,0.9621836,0.9621836,True
9B,256,1.5,0,225,x,226,0.00011832451,14790.563,0.67888814,0.00018713437,False
9B,256,1.5,0,226,x,227,0.000117543495,14692.937,0.9651364,0.9651364,True
9B,256,1.5,0,227,x,228,0.000116771036,14596.38,0.95913255,0.95913255,True
9B,256,1.5,0,228,x,229,0.00011600699,14500.873,0.9347428,0.9347428,True
9B,256,1.5,0,229,x,230,0.00011525125,14406.406,0.96551394,0.96551394,True
9B,256,1.5,0,230,x,231,0.00011450367,14312.959,0.93368745,0.93368745,True
9B,256,1.5,0,231,x,232,0.000113764145,14220.519,0.8656076,0.8656076,False
9B,256,1.5,0,232,x,233,0.00011303254,14129.067,0.9513153,0.9513153,True
9B,256,1.5,0,233,x,234,0.00011230876,14038.595,0.6472645,0.00018139649,False
9B,256,1.5,0,234,x,235,0.00011159264,13949.08,0.9562156,0.9562156,True
9B,256,1.5,0,235,x,236,0.000110884124,13860.516,0.61962533,0.00077609066,False
9B,256,1.5,0,236,x,237,0.000110183064,13772.883,0.90827334,0.90827334,True
9B,256,1.5,0,237,x,238,0.000109489374,13686.172,0.91665757,0.91665757,True
9B,256,1.5,0,238,x,239,0.00010880292,13600.364,0.24357325,0.0028860848,False
9B,256,1.5,0,239,x,240,0.000108123604,13515.45,0.30415046,0.0012025144,False
9B,256,1.5,0,240,x,241,0.00010745134,13431.418,0.9644588,0.9644588,True
9B,256,1.5,0,241,x,242,0.00010678601,13348.251,0.9637581,0.9637581,True
9B,256,1.5,0,242,x,243,0.0001061275,13265.9375,0.96695405,0.96695405,True
9B,256,1.5,0,243,x,244,0.00010547575,13184.469,0.90923727,0.90923727,True
9B,256,1.5,0,244,x,245,0.000104830644,13103.83,0.9625409,0.9625409,True
9B,256,1.5,0,245,x,246,0.000104192084,13024.011,0.9692003,0.9692003,True
9B,256,1.5,0,246,x,247,0.00010355998,12944.997,0.4934282,0.00025147758,False
9B,256,1.5,0,247,x,248,0.00010293423,12866.779,0.96318287,0.96318287,True
9B,256,1.5,0,248,x,249,0.00010231478,12789.348,0.04697919,0.006073674,False
9B,256,1.5,0,249,x,250,0.0001017015,12712.6875,0.021912135,0.016876696,False
9B,256,1.5,0,250,x,251,0.00010109433,12636.791,0.9096504,0.9096504,True
9B,256,1.5,0,251,x,252,0.00010049317,12561.646,0.72826886,0.72826886,False
9B,256,1.5,0,252,x,253,9.989795e-05,12487.244,0.90832216,0.90832216,True
9B,256,1.5,0,253,x,254,9.930859e-05,12413.574,0.92871976,0.92871976,True
9B,256,1.5,0,254,x,255,9.872499e-05,12340.623,0.17678626,0.004579179,False
9B,256,1.5,0,255,x,256,9.814709e-05,12268.386,0.026566643,0.026566643,False
9B,256,1.5,0,256,y,1,0.40201047,50251308.0,0.9684415,0.9684415,True
9B,256,1.5,0,257,y,2,0.14213216,17766520.0,0.98790467,0.98790467,True
9B,256,1.5,0,258,y,3,0.077366956,9670869.0,0.96759355,0.96759355,True
9B,256,1.5,0,259,y,4,0.05025131,6281413.5,0.9649198,0.9649198,True
9B,256,1.5,0,260,y,5,0.03595691,4494614.0,0.9651296,0.9651296,True
9B,256,1.5,0,261,y,6,0.02735335,3419168.8,0.96534646,0.96534646,True
9B,256,1.5,0,262,y,7,0.021706525,2713315.8,0.9660121,0.9660121,True
9B,256,1.5,0,263,y,8,0.01776652,2220815.0,0.96590126,0.96590126,True
9B,256,1.5,0,264,y,9,0.0148892775,1861159.8,0.9657694,0.9657694,True
9B,256,1.5,0,265,y,10,0.012712687,1589085.9,0.965186,0.965186,True
9B,256,1.5,0,266,y,11,0.011019156,1377394.5,0.96552485,0.96552485,True
9B,256,1.5,0,267,y,12,0.009670869,1208858.6,0.96500856,0.96500856,True
9B,256,1.5,0,268,y,13,0.008576742,1072092.8,0.965554,0.965554,True
9B,256,1.5,0,269,y,14,0.0076744156,959301.94,0.9662203,0.9662203,True
9B,256,1.5,0,270,y,15,0.0069199107,864988.8,0.9661205,0.9661205,True
9B,256,1.5,0,271,y,16,0.0062814136,785176.7,0.9661591,0.9661591,True
9B,256,1.5,0,272,y,17,0.0057354034,716925.44,0.9640752,0.9640752,True
9B,256,1.5,0,273,y,18,0.0052641546,658019.3,0.96446276,0.96446276,True
9B,256,1.5,0,274,y,19,0.0048540807,606760.06,0.96358895,0.96358895,True
9B,256,1.5,0,275,y,20,0.004494614,561826.75,0.9642921,0.9642921,True
9B,256,1.5,0,276,y,21,0.004177423,522177.9,0.9637002,0.9637002,True
9B,256,1.5,0,277,y,22,0.00389586,486982.5,0.9642522,0.9642522,True
9B,256,1.5,0,278,y,23,0.0036445644,455570.56,0.9634638,0.9634638,True
9B,256,1.5,0,279,y,24,0.0034191688,427396.1,0.9644346,0.9644346,True
9B,256,1.5,0,280,y,25,0.003216084,402010.5,0.9633366,0.9633366,True
9B,256,1.5,0,281,y,26,0.0030323362,379042.03,0.96436214,0.96436214,True
9B,256,1.5,0,282,y,27,0.0028654425,358180.3,0.96541965,0.96541965,True
9B,256,1.5,0,283,y,28,0.0027133157,339164.47,0.9674451,0.9674451,True
9B,256,1.5,0,284,y,29,0.0025741886,321773.6,0.9645579,0.9645579,True
9B,256,1.5,0,285,y,30,0.0024465579,305819.72,0.9643129,0.9643129,True
9B,256,1.5,0,286,y,31,0.002329136,291142.0,0.96428406,0.96428406,True
9B,256,1.5,0,287,y,32,0.002220815,277601.88,0.9642782,0.96386695,True
9B,256,1.5,0,288,y,33,0.0021206376,265079.7,0.96540964,0.96540964,True
9B,256,1.5,0,289,y,34,0.0020277714,253471.42,0.96492505,0.96492505,True
9B,256,1.5,0,290,y,35,0.0019414907,242686.33,0.965433,0.965433,True
9B,256,1.5,0,291,y,36,0.0018611597,232644.97,0.96453786,0.96453786,True
9B,256,1.5,0,292,y,37,0.0017862193,223277.4,0.962795,0.962795,True
9B,256,1.5,0,293,y,38,0.0017161766,214522.08,0.9664002,0.9664002,True
9B,256,1.5,0,294,y,39,0.0016505948,206324.34,0.9640671,0.9640671,True
9B,256,1.5,0,295,y,40,0.0015890859,198635.73,0.9645866,0.9645866,True
9B,256,1.5,0,296,y,41,0.0015313046,191413.06,0.9632542,0.9632542,True
9B,256,1.5,0,297,y,42,0.001476942,184617.75,0.9657912,0.9657912,True
9B,256,1.5,0,298,y,43,0.0014257216,178215.2,0.96409404,0.96409404,True
9B,256,1.5,0,299,y,44,0.0013773945,172174.31,0.9642545,0.9642545,True
9B,256,1.5,0,300,y,45,0.0013317374,166467.17,0.965235,0.965235,True
9B,256,1.5,0,301,y,46,0.0012885481,161068.52,0.96566415,0.96566415,True
9B,256,1.5,0,302,y,47,0.0012476437,155955.47,0.96548426,0.96548426,True
9B,256,1.5,0,303,y,48,0.0012088587,151107.33,0.9648659,0.9648659,True
9B,256,1.5,0,304,y,49,0.0011720422,146505.28,0.96369493,0.96369493,True
9B,256,1.5,0,305,y,50,0.0011370573,142132.17,0.9651371,0.9651371,True
9B,256,1.5,0,306,y,51,0.001103779,137972.38,0.96525323,0.96525323,True
9B,256,1.5,0,307,y,52,0.0010720928,134011.6,0.9626673,0.9626673,True
9B,256,1.5,0,308,y,53,0.0010418941,130236.76,0.9649879,0.9649879,True
9B,256,1.5,0,309,y,54,0.001013087,126635.875,0.9640739,0.9640739,True
9B,256,1.5,0,310,y,55,0.0009855833,123197.914,0.9654827,0.9654827,True
9B,256,1.5,0,311,y,56,0.00095930195,119912.74,0.9640825,0.9640825,True
9B,256,1.5,0,312,y,57,0.0009341683,116771.04,0.96419966,0.96419966,True
9B,256,1.5,0,313,y,58,0.00091011316,113764.15,0.96483946,0.96483946,True
9B,256,1.5,0,314,y,59,0.000887073,110884.125,0.96353114,0.96353114,True
9B,256,1.5,0,315,y,60,0.00086498883,108123.6,0.96522164,0.96522164,True
9B,256,1.5,0,316,y,61,0.000843806,105475.75,0.96522367,0.96522367,True
9B,256,1.5,0,317,y,62,0.00082347385,102934.234,0.9637984,0.9637984,True
9B,256,1.5,0,318,y,63,0.00080394535,100493.17,0.96476924,0.96476924,True
9B,256,1.5,0,319,y,64,0.0007851767,98147.086,0.9649924,0.9649924,True
9B,256,1.5,0,320,y,65,0.0007671271,95890.88,0.96224636,0.96224636,True
9B,256,1.5,0,321,y,66,0.0007497586,93719.83,0.964115,0.964115,True
9B,256,1.5,0,322,y,67,0.0007330358,91629.48,0.96398413,0.96398413,True
9B,256,1.5,0,323,y,68,0.0007169254,89615.68,0.9642801,0.9642801,True
9B,256,1.5,0,324,y,69,0.0007013967,87674.59,0.9643038,0.9643038,True
9B,256,1.5,0,325,y,70,0.0006864206,85802.57,0.9638018,0.9638018,True
9B,256,1.5,0,326,y,71,0.00067196996,83996.24,0.9636601,0.9636601,True
9B,256,1.5,0,327,y,72,0.00065801933,82252.414,0.96492326,0.96492326,True
9B,256,1.5,0,328,y,73,0.0006445448,80568.09,0.96441925,0.96441925,True
9B,256,1.5,0,329,y,74,0.0006315239,78940.484,0.96456105,0.96456105,True
9B,256,1.5,0,330,y,75,0.0006189356,77366.95,0.9642763,0.9642763,True
9B,256,1.5,0,331,y,76,0.0006067601,75845.01,0.9629204,0.9629204,True
9B,256,1.5,0,332,y,77,0.00059497857,74372.32,0.96616143,0.96616143,True
9B,256,1.5,0,333,y,78,0.00058357336,72946.67,0.96322846,0.96322846,True
9B,256,1.5,0,334,y,79,0.00057252805,71566.01,0.965199,0.965199,True
9B,256,1.5,0,335,y,80,0.00056182675,70228.34,0.9622731,0.9622731,True
9B,256,1.5,0,336,y,81,0.0005514547,68931.84,0.9664641,0.9664641,True
9B,256,1.5,0,337,y,82,0.00054139795,67674.74,0.9644649,0.9644649,True
9B,256,1.5,0,338,y,83,0.00053164316,66455.4,0.9648733,0.9648733,True
9B,256,1.5,0,339,y,84,0.0005221779,65272.24,0.965142,0.965142,True
9B,256,1.5,0,340,y,85,0.0005129901,64123.766,0.9643518,0.9643518,True
9B,256,1.5,0,341,y,86,0.0005040687,63008.586,0.9666554,0.9666554,True
9B,256,1.5,0,342,y,87,0.00049540284,61925.355,0.96460974,0.96460974,True
9B,256,1.5,0,343,y,88,0.0004869825,60872.812,0.9656712,0.9656712,True
9B,256,1.5,0,344,y,89,0.00047879803,59849.754,0.964,0.964,True
9B,256,1.5,0,345,y,90,0.00047084028,58855.035,0.96462196,0.96462196,True
9B,256,1.5,0,346,y,91,0.00046310056,57887.57,0.9648143,0.9648143,True
9B,256,1.5,0,347,y,92,0.00045557055,56946.32,0.9649091,0.9649091,True
9B,256,1.5,0,348,y,93,0.00044824244,56030.305,0.96432495,0.96432495,True
9B,256,1.5,0,349,y,94,0.00044110868,55138.586,0.9628583,0.9628583,True
9B,256,1.5,0,350,y,95,0.00043416218,54270.273,0.9634237,0.9634237,True
9B,256,1.5,0,351,y,96,0.0004273961,53424.51,0.9655107,0.9655107,True
9B,256,1.5,0,352,y,97,0.0004208039,52600.49,0.96480453,0.96480453,True
9B,256,1.5,0,353,y,98,0.0004143795,51797.438,0.96289366,0.96289366,True
9B,256,1.5,0,354,y,99,0.0004081169,51014.613,0.96543646,0.96543646,True
9B,256,1.5,0,355,y,100,0.0004020105,50251.312,0.9644755,0.9644755,True
9B,256,1.5,0,356,y,101,0.00039605485,49506.855,0.96498376,0.96498376,True
9B,256,1.5,0,357,y,102,0.0003902448,48780.598,0.96281946,0.96281946,True
9B,256,1.5,0,358,y,103,0.00038457545,48071.934,0.9668207,0.9668207,True
9B,256,1.5,0,359,y,104,0.00037904203,47380.254,0.96184194,0.96184194,True
9B,256,1.5,0,360,y,105,0.00037364004,46705.004,0.9647298,0.9647298,True
9B,256,1.5,0,361,y,106,0.0003683652,46045.65,0.964844,0.964844,True
9B,256,1.5,0,362,y,107,0.00036321327,45401.66,0.9638645,0.9638645,True
9B,256,1.5,0,363,y,108,0.00035818032,44772.54,0.96589017,0.96589017,True
9B,256,1.5,0,364,y,109,0.00035326256,44157.82,0.9631632,0.9631632,True
9B,256,1.5,0,365,y,110,0.00034845632,43557.04,0.9661777,0.9661777,True
9B,256,1.5,0,366,y,111,0.0003437581,42969.76,0.96515965,0.96515965,True
9B,256,1.5,0,367,y,112,0.00033916446,42395.56,0.9625648,0.9625648,True
9B,256,1.5,0,368,y,113,0.00033467225,41834.03,0.9630127,0.9630127,True
9B,256,1.5,0,369,y,114,0.00033027836,41284.793,0.96679586,0.96679586,True
9B,256,1.5,0,370,y,115,0.00032597975,40747.47,0.9655618,0.9655618,True
9B,256,1.5,0,371,y,116,0.00032177358,40221.7,0.9641671,0.9641671,True
9B,256,1.5,0,372,y,117,0.0003176571,39707.137,0.966339,0.966339,True
9B,256,1.5,0,373,y,118,0.00031362765,39203.457,0.62039363,0.00021774322,False
9B,256,1.5,0,374,y,119,0.00030968268,38710.336,0.96371776,0.96371776,True
9B,256,1.5,0,375,y,120,0.00030581973,38227.465,0.96514434,0.96514434,True
9B,256,1.5,0,376,y,121,0.00030203644,37754.555,0.96107423,0.96107423,True
9B,256,1.5,0,377,y,122,0.00029833047,37291.31,0.9659847,0.9659847,True
9B,256,1.5,0,378,y,123,0.0002946997,36837.465,0.96414244,0.96414244,True
9B,256,1.5,0,379,y,124,0.000291142,36392.75,0.964475,0.964475,True
9B,256,1.5,0,380,y,125,0.0002876553,35956.914,0.45003864,0.0007401556,False
9B,256,1.5,0,381,y,126,0.0002842376,35529.703,0.9656507,0.9656507,True
9B,256,1.5,0,382,y,127,0.0002808871,35110.887,0.9647465,0.9647465,True
9B,256,1.5,0,383,y,128,0.00027760188,34700.234,0.9655384,0.9655384,True
9B,256,1.5,0,384,y,129,0.00027438023,34297.527,0.9656764,0.9656764,True
9B,256,1.5,0,385,y,130,0.0002712204,33902.55,0.96509683,0.96509683,True
9B,256,1.5,0,386,y,131,0.00026812076,33515.094,0.96689254,0.96689254,True
9B,256,1.5,0,387,y,132,0.0002650797,33134.96,0.9617777,0.9617777,True
9B,256,1.5,0,388,y,133,0.00026209574,32761.967,0.96312404,0.96312404,True
9B,256,1.5,0,389,y,134,0.0002591673,32395.914,0.9636874,0.9636874,True
9B,256,1.5,0,390,y,135,0.000256293,32036.623,0.9635457,0.9635457,True
9B,256,1.5,0,391,y,136,0.00025347143,31683.928,0.96394193,0.96394193,True
9B,256,1.5,0,392,y,137,0.00025070127,31337.658,0.95255566,0.95255566,True
9B,256,1.5,0,393,y,138,0.0002479812,30997.65,0.9512348,0.9512348,True
9B,256,1.5,0,394,y,139,0.00024530996,30663.744,0.96216536,0.96216536,True
9B,256,1.5,0,395,y,140,0.00024268634,30335.791,0.9652286,0.9652286,True
9B,256,1.5,0,396,y,141,0.00024010913,30013.643,0.96429956,0.96429956,True
9B,256,1.5,0,397,y,142,0.00023757725,29697.156,0.96494913,0.96494913,True
9B,256,1.5,0,398,y,143,0.00023508954,29386.191,0.9651731,0.9651731,True
9B,256,1.5,0,399,y,144,0.00023264496,29080.621,0.96209395,0.96209395,True
9B,256,1.5,0,400,y,145,0.00023024244,28780.305,0.9650445,0.9650445,True
9B,256,1.5,0,401,y,146,0.00022788098,28485.123,0.96508044,0.96508044,True
9B,256,1.5,0,402,y,147,0.00022555962,28194.953,0.9632633,0.9632633,True
9B,256,1.5,0,403,y,148,0.00022327741,27909.676,0.96681404,0.96681404,True
9B,256,1.5,0,404,y,149,0.00022103344,27629.18,0.9618522,0.9618522,True
9B,256,1.5,0,405,y,150,0.00021882678,27353.348,0.96691483,0.96691483,True
9B,256,1.5,0,406,y,151,0.00021665661,27082.076,0.96538824,0.96538824,True
9B,256,1.5,0,407,y,152,0.00021452208,26815.26,0.9638452,0.9638452,True
9B,256,1.5,0,408,y,153,0.00021242237,26552.797,0.9630919,0.9630919,True
9B,256,1.5,0,409,y,154,0.00021035668,26294.586,0.96660197,0.96660197,True
9B,256,1.5,0,410,y,155,0.00020832426,26040.533,0.9632822,0.9632822,True
9B,256,1.5,0,411,y,156,0.00020632434,25790.543,0.9661561,0.9661561,True
9B,256,1.5,0,412,y,157,0.00020435624,25544.53,0.94862986,0.94862986,True
9B,256,1.5,0,413,y,158,0.00020241922,25302.402,0.9440346,0.9440346,True
9B,256,1.5,0,414,y,159,0.00020051262,25064.076,0.96480954,0.96480954,True
9B,256,1.5,0,415,y,160,0.00019863574,24829.467,0.9629897,0.9629897,True
9B,256,1.5,0,416,y,161,0.00019678797,24598.496,0.9261949,0.9261949,True
9B,256,1.5,0,417,y,162,0.00019496868,24371.086,0.9371492,0.9371492,True
9B,256,1.5,0,418,y,163,0.00019317724,24147.154,0.96436775,0.96436775,True
9B,256,1.5,0,419,y,164,0.00019141307,23926.633,0.9632894,0.9632894,True
9B,256,1.5,0,420,y,165,0.0001896756,23709.45,0.9658619,0.9658619,True
9B,256,1.5,0,421,y,166,0.00018796424,23495.53,0.962606,0.962606,True
9B,256,1.5,0,422,y,167,0.00018627847,23284.809,0.9597403,0.9597403,True
9B,256,1.5,0,423,y,168,0.00018461775,23077.219,0.8651374,0.8651374,False
9B,256,1.5,0,424,y,169,0.00018298156,22872.695,0.969647,0.969647,True
9B,256,1.5,0,425,y,170,0.0001813694,22671.174,0.3976172,0.00011191517,False
9B,256,1.5,0,426,y,171,0.00017978076,22472.596,0.96573514,0.96573514,True
9B,256,1.5,0,427,y,172,0.0001782152,22276.9,0.96341515,0.96341515,True
9B,256,1.5,0,428,y,173,0.0001766722,22084.025,0.9641441,0.9641441,True
9B,256,1.5,0,429,y,174,0.00017515136,21893.92,0.96407306,0.96407306,True
9B,256,1.5,0,430,y,175,0.00017365221,21706.525,0.96289116,0.96289116,True
9B,256,1.5,0,431,y,176,0.00017217432,21521.79,0.71434045,0.71434045,False
9B,256,1.5,0,432,y,177,0.00017071728,21339.66,0.962398,0.962398,True
9B,256,1.5,0,433,y,178,0.00016928067,21160.084,0.9666797,0.9666797,True
9B,256,1.5,0,434,y,179,0.0001678641,20983.012,0.9644992,0.9644992,True
9B,256,1.5,0,435,y,180,0.00016646717,20808.396,0.9661571,0.9661571,True
9B,256,1.5,0,436,y,181,0.00016508953,20636.191,0.96268916,0.96268916,True
9B,256,1.5,0,437,y,182,0.00016373077,20466.346,0.9574691,0.9574691,True
9B,256,1.5,0,438,y,183,0.00016239056,20298.82,0.9629941,0.9629941,True
9B,256,1.5,0,439,y,184,0.00016106851,20133.564,0.88649577,0.88649577,False
9B,256,1.5,0,440,y,185,0.00015976431,19970.54,0.9672283,0.9672283,True
9B,256,1.5,0,441,y,186,0.00015847762,19809.703,0.9624747,0.9624747,True
9B,256,1.5,0,442,y,187,0.00015720812,19651.016,0.9676269,0.9676269,True
9B,256,1.5,0,443,y,188,0.00015595547,19494.434,0.9638845,0.9638845,True
9B,256,1.5,0,444,y,189,0.00015471935,19339.92,0.96432596,0.96432596,True
9B,256,1.5,0,445,y,190,0.0001534995,19187.438,0.964028,0.964028,True
9B,256,1.5,0,446,y,191,0.00015229559,19036.95,0.69350934,0.00011367351,False
9B,256,1.5,0,447,y,192,0.00015110734,18888.416,0.961344,0.961344,True
9B,256,1.5,0,448,y,193,0.00014993445,18741.807,0.9439483,0.9439483,True
9B,256,1.5,0,449,y,194,0.00014877664,18597.08,0.93809617,0.93809617,True
9B,256,1.5,0,450,y,195,0.00014763368,18454.209,0.9670613,0.9670613,True
9B,256,1.5,0,451,y,196,0.00014650528,18313.16,0.95753425,0.95753425,True
9B,256,1.5,0,452,y,197,0.00014539117,18173.896,0.9030309,0.9030309,True
9B,256,1.5,0,453,y,198,0.00014429112,18036.389,0.97296965,0.97296965,True
9B,256,1.5,0,454,y,199,0.00014320486,17900.607,0.7725118,0.7725118,False
9B,256,1.5,0,455,y,200,0.00014213216,17766.521,0.89272296,0.89272296,False
9B,256,1.5,0,456,y,201,0.0001410728,17634.1,0.91700757,0.91700757,True
9B,256,1.5,0,457,y,202,0.00014002652,17503.314,0.97137785,0.97137785,True
9B,256,1.5,0,458,y,203,0.00013899313,17374.14,0.9041118,0.9041118,True
9B,256,1.5,0,459,y,204,0.00013797237,17246.547,0.72961235,0.72961235,False
9B,256,1.5,0,460,y,205,0.00013696405,17120.506,0.9660498,0.9660498,True
9B,256,1.5,0,461,y,206,0.00013596796,16995.994,0.96468633,0.96468633,True
9B,256,1.5,0,462,y,207,0.00013498386,16872.982,0.9661871,0.9661871,True
9B,256,1.5,0,463,y,208,0.0001340116,16751.45,0.96125567,0.96125567,True
9B,256,1.5,0,464,y,209,0.00013305094,16631.367,0.9745376,0.9745376,True
9B,256,1.5,0,465,y,210,0.0001321017,16512.713,0.9615325,0.9615325,True
9B,256,1.5,0,466,y,211,0.0001311637,16395.463,0.96277964,0.96277964,True
9B,256,1.5,0,467,y,212,0.00013023676,16279.595,0.9626866,0.9626866,True
9B,256,1.5,0,468,y,213,0.00012932067,16165.084,0.963755,0.963755,True
9B,256,1.5,0,469,y,214,0.00012841528,16051.91,0.9647369,0.9647369,True
9B,256,1.5,0,470,y,215,0.0001275204,15940.05,0.95275235,0.95275235,True
9B,256,1.5,0,471,y,216,0.00012663587,15829.484,0.7274697,0.7274697,False
9B,256,1.5,0,472,y,217,0.00012576151,15720.188,0.28569716,0.000996206,False
9B,256,1.5,0,473,y,218,0.00012489718,15612.147,0.25279215,0.0007790036,False
9B,256,1.5,0,474,y,219,0.0001240427,15505.337,0.63793015,0.00028314302,False
9B,256,1.5,0,475,y,220,0.00012319791,15399.739,0.9740533,0.9740533,True
9B,256,1.5,0,476,y,221,0.00012236268,15295.334,0.96583754,0.96583754,True
9B,256,1.5,0,477,y,222,0.00012153684,15192.1045,0.83453476,0.83453476,False
9B,256,1.5,0,478,y,223,0.00012072023,15090.028,0.89339453,0.89339453,False
9B,256,1.5,0,479,y,224,0.000119912744,14989.093,0.8752214,0.8752214,False
9B,256,1.5,0,480,y,225,0.000119114215,14889.276,0.9659621,0.9659621,True
9B,256,1.5,0,481,y,226,0.00011832451,14790.563,0.9650957,0.9650957,True
9B,256,1.5,0,482,y,227,0.000117543495,14692.937,0.91364384,0.91364384,True
9B,256,1.5,0,483,y,228,0.000116771036,14596.38,0.9026909,0.9026909,True
9B,256,1.5,0,484,y,229,0.00011600699,14500.873,0.9679581,0.9679581,True
9B,256,1.5,0,485,y,230,0.00011525125,14406.406,0.31763017,0.00077002123,False
9B,256,1.5,0,486,y,231,0.00011450367,14312.959,0.56279206,0.0003981758,False
9B,256,1.5,0,487,y,232,0.000113764145,14220.519,0.62339014,0.058132153,False
9B,256,1.5,0,488,y,233,0.00011303254,14129.067,0.8365357,0.8365357,False
9B,256,1.5,0,489,y,234,0.00011230876,14038.595,0.63803077,0.00018288009,False
9B,256,1.5,0,490,y,235,0.00011159264,13949.08,0.88966703,0.88966703,False
9B,256,1.5,0,491,y,236,0.000110884124,13860.516,0.9516556,0.9516556,True
9B,256,1.5,0,492,y,237,0.000110183064,13772.883,0.8543453,0.8543453,False
9B,256,1.5,0,493,y,238,0.000109489374,13686.172,0.918691,0.918691,True
9B,256,1.5,0,494,y,239,0.00010880292,13600.364,0.9649826,0.9649826,True
9B,256,1.5,0,495,y,240,0.000108123604,13515.45,0.96285415,0.96285415,True
9B,256,1.5,0,496,y,241,0.00010745134,13431.418,0.27714214,0.0012297519,False
9B,256,1.5,0,497,y,242,0.00010678601,13348.251,0.38240188,0.0021883734,False
9B,256,1.5,0,498,y,243,0.0001061275,13265.9375,0.9543464,0.9543464,True
9B,256,1.5,0,499,y,244,0.00010547575,13184.469,0.96653914,0.96653914,True
9B,256,1.5,0,500,y,245,0.000104830644,13103.83,0.72110796,0.72110796,False
9B,256,1.5,0,501,y,246,0.000104192084,13024.011,0.83564013,0.83564013,False
9B,256,1.5,0,502,y,247,0.00010355998,12944.997,0.94151306,0.94151306,True
9B,256,1.5,0,503,y,248,0.00010293423,12866.779,0.96811414,0.96811414,True
9B,256,1.5,0,504,y,249,0.00010231478,12789.348,0.3028503,0.00018415414,False
9B,256,1.5,0,505,y,250,0.0001017015,12712.6875,0.97275585,0.97275585,True
9B,256,1.5,0,506,y,251,0.00010109433,12636.791,0.96519554,0.96519554,True
9B,256,1.5,0,507,y,252,0.00010049317,12561.646,0.97066855,0.97066855,True
9B,256,1.5,0,508,y,253,9.989795e-05,12487.244,0.9671697,0.9671697,True
9B,256,1.5,0,509,y,254,9.930859e-05,12413.574,0.96318847,0.96318847,True
9B,256,1.5,0,510,y,255,9.872499e-05,12340.623,0.9568533,0.9568533,True
9B,256,1.5,0,511,y,256,9.814709e-05,12268.386,0.9381238,0.9381238,True
9B,256,1.5,1,0,x,1,0.40201047,50251308.0,0.9759251,0.9759251,True
9B,256,1.5,1,1,x,2,0.14213216,17766520.0,0.98826814,0.98826814,True
9B,256,1.5,1,2,x,3,0.077366956,9670869.0,0.96865606,0.96865606,True
9B,256,1.5,1,3,x,4,0.05025131,6281413.5,0.96782374,0.96782374,True
9B,256,1.5,1,4,x,5,0.03595691,4494614.0,0.9667911,0.9667911,True
9B,256,1.5,1,5,x,6,0.02735335,3419168.8,0.96694577,0.96694577,True
9B,256,1.5,1,6,x,7,0.021706525,2713315.8,0.9662223,0.9662223,True
9B,256,1.5,1,7,x,8,0.01776652,2220815.0,0.96723634,0.96723634,True
9B,256,1.5,1,8,x,9,0.0148892775,1861159.8,0.96810645,0.96810645,True
9B,256,1.5,1,9,x,10,0.012712687,1589085.9,0.96756804,0.96756804,True
9B,256,1.5,1,10,x,11,0.011019156,1377394.5,0.9647918,0.9647918,True
9B,256,1.5,1,11,x,12,0.009670869,1208858.6,0.9653877,0.9653877,True
9B,256,1.5,1,12,x,13,0.008576742,1072092.8,0.96667695,0.96667695,True
9B,256,1.5,1,13,x,14,0.0076744156,959301.94,0.9650769,0.9650769,True
9B,256,1.5,1,14,x,15,0.0069199107,864988.8,0.96498525,0.96498525,True
9B,256,1.5,1,15,x,16,0.0062814136,785176.7,0.9663276,0.9663276,True
9B,256,1.5,1,16,x,17,0.0057354034,716925.44,0.9665338,0.9665338,True
9B,256,1.5,1,17,x,18,0.0052641546,658019.3,0.96676815,0.96676815,True
9B,256,1.5,1,18,x,19,0.0048540807,606760.06,0.9655621,0.9655621,True
9B,256,1.5,1,19,x,20,0.004494614,561826.75,0.9656428,0.9656428,True
9B,256,1.5,1,20,x,21,0.004177423,522177.9,0.966849,0.966849,True
9B,256,1.5,1,21,x,22,0.00389586,486982.5,0.9676902,0.9676902,True
9B,256,1.5,1,22,x,23,0.0036445644,455570.56,0.96577346,0.96577346,True
9B,256,1.5,1,23,x,24,0.0034191688,427396.1,0.9655635,0.9655635,True
9B,256,1.5,1,24,x,25,0.003216084,402010.5,0.9675026,0.9675026,True
9B,256,1.5,1,25,x,26,0.0030323362,379042.03,0.96520877,0.96520877,True
9B,256,1.5,1,26,x,27,0.0028654425,358180.3,0.9659108,0.9659108,True
9B,256,1.5,1,27,x,28,0.0027133157,339164.47,0.965948,0.965948,True
9B,256,1.5,1,28,x,29,0.0025741886,321773.6,0.966112,0.966112,True
9B,256,1.5,1,29,x,30,0.0024465579,305819.72,0.96493167,0.96493167,True
9B,256,1.5,1,30,x,31,0.002329136,291142.0,0.96556824,0.96556824,True
9B,256,1.5,1,31,x,32,0.002220815,277601.88,0.9659837,0.9659837,True
9B,256,1.5,1,32,x,33,0.0021206376,265079.7,0.9659611,0.9659611,True
9B,256,1.5,1,33,x,34,0.0020277714,253471.42,0.9674853,0.9674853,True
9B,256,1.5,1,34,x,35,0.0019414907,242686.33,0.96630853,0.96630853,True
9B,256,1.5,1,35,x,36,0.0018611597,232644.97,0.9661673,0.9661673,True
9B,256,1.5,1,36,x,37,0.0017862193,223277.4,0.9662478,0.9662478,True
9B,256,1.5,1,37,x,38,0.0017161766,214522.08,0.9641156,0.9641156,True
9B,256,1.5,1,38,x,39,0.0016505948,206324.34,0.96577203,0.96577203,True
9B,256,1.5,1,39,x,40,0.0015890859,198635.73,0.96766675,0.96766675,True
9B,256,1.5,1,40,x,41,0.0015313046,191413.06,0.96625406,0.96625406,True
9B,256,1.5,1,41,x,42,0.001476942,184617.75,0.9645735,0.9645735,True
9B,256,1.5,1,42,x,43,0.0014257216,178215.2,0.9653511,0.9653511,True
9B,256,1.5,1,43,x,44,0.0013773945,172174.31,0.96465284,0.96465284,True
9B,256,1.5,1,44,x,45,0.0013317374,166467.17,0.96707404,0.96707404,True
9B,256,1.5,1,45,x,46,0.0012885481,161068.52,0.96621656,0.96621656,True
9B,256,1.5,1,46,x,47,0.0012476437,155955.47,0.9649879,0.9649879,True
9B,256,1.5,1,47,x,48,0.0012088587,151107.33,0.96379066,0.96379066,True
9B,256,1.5,1,48,x,49,0.0011720422,146505.28,0.9652425,0.9652425,True
9B,256,1.5,1,49,x,50,0.0011370573,142132.17,0.9644737,0.9644737,True
9B,256,1.5,1,50,x,51,0.001103779,137972.38,0.9632001,0.9632001,True
9B,256,1.5,1,51,x,52,0.0010720928,134011.6,0.96639985,0.96639985,True
9B,256,1.5,1,52,x,53,0.0010418941,130236.76,0.9646982,0.9646982,True
9B,256,1.5,1,53,x,54,0.001013087,126635.875,0.9663557,0.9663557,True
9B,256,1.5,1,54,x,55,0.0009855833,123197.914,0.96587366,0.96587366,True
9B,256,1.5,1,55,x,56,0.00095930195,119912.74,0.96253943,0.96253943,True
9B,256,1.5,1,56,x,57,0.0009341683,116771.04,0.96573687,0.96573687,True
9B,256,1.5,1,57,x,58,0.00091011316,113764.15,0.96609294,0.96609294,True
9B,256,1.5,1,58,x,59,0.000887073,110884.125,0.9661567,0.9661567,True
9B,256,1.5,1,59,x,60,0.00086498883,108123.6,0.9644505,0.9644505,True
9B,256,1.5,1,60,x,61,0.000843806,105475.75,0.96368456,0.96368456,True
9B,256,1.5,1,61,x,62,0.00082347385,102934.234,0.96598554,0.96598554,True
9B,256,1.5,1,62,x,63,0.00080394535,100493.17,0.9642699,0.9642699,True
9B,256,1.5,1,63,x,64,0.0007851767,98147.086,0.9646883,0.9646883,True
9B,256,1.5,1,64,x,65,0.0007671271,95890.88,0.9649755,0.9649755,True
9B,256,1.5,1,65,x,66,0.0007497586,93719.83,0.96572185,0.96572185,True
9B,256,1.5,1,66,x,67,0.0007330358,91629.48,0.9635984,0.9635984,True
9B,256,1.5,1,67,x,68,0.0007169254,89615.68,0.9667587,0.9667587,True
9B,256,1.5,1,68,x,69,0.0007013967,87674.59,0.9644458,0.9644458,True
9B,256,1.5,1,69,x,70,0.0006864206,85802.57,0.9642385,0.9642385,True
9B,256,1.5,1,70,x,71,0.00067196996,83996.24,0.96694314,0.96694314,True
9B,256,1.5,1,71,x,72,0.00065801933,82252.414,0.96329355,0.96329355,True
9B,256,1.5,1,72,x,73,0.0006445448,80568.09,0.96587765,0.96587765,True
9B,256,1.5,1,73,x,74,0.0006315239,78940.484,0.964808,0.964808,True
9B,256,1.5,1,74,x,75,0.0006189356,77366.95,0.9624597,0.9624597,True
9B,256,1.5,1,75,x,76,0.0006067601,75845.01,0.9662509,0.9662509,True
9B,256,1.5,1,76,x,77,0.00059497857,74372.32,0.96602285,0.96602285,True
9B,256,1.5,1,77,x,78,0.00058357336,72946.67,0.96331227,0.96331227,True
9B,256,1.5,1,78,x,79,0.00057252805,71566.01,0.96370083,0.96370083,True
9B,256,1.5,1,79,x,80,0.00056182675,70228.34,0.9659065,0.9659065,True
9B,256,1.5,1,80,x,81,0.0005514547,68931.84,0.9657786,0.9657786,True
9B,256,1.5,1,81,x,82,0.00054139795,67674.74,0.9641564,0.9641564,True
9B,256,1.5,1,82,x,83,0.00053164316,66455.4,0.96364284,0.96364284,True
9B,256,1.5,1,83,x,84,0.0005221779,65272.24,0.965433,0.965433,True
9B,256,1.5,1,84,x,85,0.0005129901,64123.766,0.96270466,0.96270466,True
9B,256,1.5,1,85,x,86,0.0005040687,63008.586,0.9675549,0.9675549,True
9B,256,1.5,1,86,x,87,0.00049540284,61925.355,0.96807694,0.96807694,True
9B,256,1.5,1,87,x,88,0.0004869825,60872.812,0.9639267,0.9639267,True
9B,256,1.5,1,88,x,89,0.00047879803,59849.754,0.963201,0.963201,True
9B,256,1.5,1,89,x,90,0.00047084028,58855.035,0.9660613,0.9660613,True
9B,256,1.5,1,90,x,91,0.00046310056,57887.57,0.9664519,0.9664519,True
9B,256,1.5,1,91,x,92,0.00045557055,56946.32,0.9647529,0.9647529,True
9B,256,1.5,1,92,x,93,0.00044824244,56030.305,0.96416724,0.96416724,True
9B,256,1.5,1,93,x,94,0.00044110868,55138.586,0.96619487,0.96619487,True
9B,256,1.5,1,94,x,95,0.00043416218,54270.273,0.9600991,0.9600991,True
9B,256,1.5,1,95,x,96,0.0004273961,53424.51,0.96949923,0.96949923,True
9B,256,1.5,1,96,x,97,0.0004208039,52600.49,0.96597725,0.96597725,True
9B,256,1.5,1,97,x,98,0.0004143795,51797.438,0.964835,0.964835,True
9B,256,1.5,1,98,x,99,0.0004081169,51014.613,0.96630216,0.96630216,True
9B,256,1.5,1,99,x,100,0.0004020105,50251.312,0.9613316,0.9613316,True
9B,256,1.5,1,100,x,101,0.00039605485,49506.855,0.9641527,0.9641527,True
9B,256,1.5,1,101,x,102,0.0003902448,48780.598,0.9653518,0.9653518,True
9B,256,1.5,1,102,x,103,0.00038457545,48071.934,0.9641361,0.9641361,True
9B,256,1.5,1,103,x,104,0.00037904203,47380.254,0.9652588,0.9652588,True
9B,256,1.5,1,104,x,105,0.00037364004,46705.004,0.9660261,0.9660261,True
9B,256,1.5,1,105,x,106,0.0003683652,46045.65,0.96526134,0.96526134,True
9B,256,1.5,1,106,x,107,0.00036321327,45401.66,0.95972776,0.95972776,True
9B,256,1.5,1,107,x,108,0.00035818032,44772.54,0.9666647,0.9666647,True
9B,256,1.5,1,108,x,109,0.00035326256,44157.82,0.9642799,0.9642799,True
9B,256,1.5,1,109,x,110,0.00034845632,43557.04,0.9667288,0.9667288,True
9B,256,1.5,1,110,x,111,0.0003437581,42969.76,0.96488875,0.96488875,True
9B,256,1.5,1,111,x,112,0.00033916446,42395.56,0.9644416,0.9644416,True
9B,256,1.5,1,112,x,113,0.00033467225,41834.03,0.96506023,0.96506023,True
9B,256,1.5,1,113,x,114,0.00033027836,41284.793,0.9642509,0.9642509,True
9B,256,1.5,1,114,x,115,0.00032597975,40747.47,0.96558285,0.96558285,True
9B,256,1.5,1,115,x,116,0.00032177358,40221.7,0.96339846,0.96339846,True
9B,256,1.5,1,116,x,117,0.0003176571,39707.137,0.9629382,0.9629382,True
9B,256,1.5,1,117,x,118,0.00031362765,39203.457,0.9646318,0.9646318,True
9B,256,1.5,1,118,x,119,0.00030968268,38710.336,0.96438026,0.96438026,True
9B,256,1.5,1,119,x,120,0.00030581973,38227.465,0.9661074,0.9661074,True
9B,256,1.5,1,120,x,121,0.00030203644,37754.555,0.96339947,0.96339947,True
9B,256,1.5,1,121,x,122,0.00029833047,37291.31,0.96710944,0.96710944,True
9B,256,1.5,1,122,x,123,0.0002946997,36837.465,0.9611026,0.9611026,True
9B,256,1.5,1,123,x,124,0.000291142,36392.75,0.9694742,0.9694742,True
9B,256,1.5,1,124,x,125,0.0002876553,35956.914,0.9648138,0.9648138,True
9B,256,1.5,1,125,x,126,0.0002842376,35529.703,0.9650966,0.9650966,True
9B,256,1.5,1,126,x,127,0.0002808871,35110.887,0.96690553,0.96690553,True
9B,256,1.5,1,127,x,128,0.00027760188,34700.234,0.96194446,0.96194446,True
9B,256,1.5,1,128,x,129,0.00027438023,34297.527,0.9659674,0.9659674,True
9B,256,1.5,1,129,x,130,0.0002712204,33902.55,0.96537054,0.96537054,True
9B,256,1.5,1,130,x,131,0.00026812076,33515.094,0.963446,0.963446,True
9B,256,1.5,1,131,x,132,0.0002650797,33134.96,0.96570474,0.96570474,True
9B,256,1.5,1,132,x,133,0.00026209574,32761.967,0.9633173,0.9633173,True
9B,256,1.5,1,133,x,134,0.0002591673,32395.914,0.9671557,0.9671557,True
9B,256,1.5,1,134,x,135,0.000256293,32036.623,0.96434534,0.96434534,True
9B,256,1.5,1,135,x,136,0.00025347143,31683.928,0.9649197,0.9649197,True
9B,256,1.5,1,136,x,137,0.00025070127,31337.658,0.96691585,0.96691585,True
9B,256,1.5,1,137,x,138,0.0002479812,30997.65,0.96503496,0.96503496,True
9B,256,1.5,1,138,x,139,0.00024530996,30663.744,0.9609677,0.9609677,True
9B,256,1.5,1,139,x,140,0.00024268634,30335.791,0.96761084,0.96761084,True
9B,256,1.5,1,140,x,141,0.00024010913,30013.643,0.9660814,0.9660814,True
9B,256,1.5,1,141,x,142,0.00023757725,29697.156,0.96421325,0.96421325,True
9B,256,1.5,1,142,x,143,0.00023508954,29386.191,0.9379606,0.9379606,True
9B,256,1.5,1,143,x,144,0.00023264496,29080.621,0.94640493,0.94640493,True
9B,256,1.5,1,144,x,145,0.00023024244,28780.305,0.96317154,0.96317154,True
9B,256,1.5,1,145,x,146,0.00022788098,28485.123,0.96482915,0.96482915,True
9B,256,1.5,1,146,x,147,0.00022555962,28194.953,0.85745394,0.85745394,False
9B,256,1.5,1,147,x,148,0.00022327741,27909.676,0.9630287,0.9630287,True
9B,256,1.5,1,148,x,149,0.00022103344,27629.18,0.9669188,0.9669188,True
9B,256,1.5,1,149,x,150,0.00021882678,27353.348,0.96275735,0.96275735,True
9B,256,1.5,1,150,x,151,0.00021665661,27082.076,0.96480286,0.96480286,True
9B,256,1.5,1,151,x,152,0.00021452208,26815.26,0.9636719,0.9636719,True
9B,256,1.5,1,152,x,153,0.00021242237,26552.797,0.9682238,0.9682238,True
9B,256,1.5,1,153,x,154,0.00021035668,26294.586,0.9634987,0.9634987,True
9B,256,1.5,1,154,x,155,0.00020832426,26040.533,0.9638053,0.9638053,True
9B,256,1.5,1,155,x,156,0.00020632434,25790.543,0.96647346,0.96647346,True
9B,256,1.5,1,156,x,157,0.00020435624,25544.53,0.96581733,0.96581733,True
9B,256,1.5,1,157,x,158,0.00020241922,25302.402,0.9634476,0.9634476,True
9B,256,1.5,1,158,x,159,0.00020051262,25064.076,0.9654914,0.9654914,True
9B,256,1.5,1,159,x,160,0.00019863574,24829.467,0.9662802,0.9662802,True
9B,256,1.5,1,160,x,161,0.00019678797,24598.496,0.7585866,0.7585866,False
9B,256,1.5,1,161,x,162,0.00019496868,24371.086,0.96452796,0.96452796,True
9B,256,1.5,1,162,x,163,0.00019317724,24147.154,0.96389186,0.96389186,True
9B,256,1.5,1,163,x,164,0.00019141307,23926.633,0.96742725,0.96742725,True
9B,256,1.5,1,164,x,165,0.0001896756,23709.45,0.96576715,0.96576715,True
9B,256,1.5,1,165,x,166,0.00018796424,23495.53,0.9631469,0.9631469,True
9B,256,1.5,1,166,x,167,0.00018627847,23284.809,0.9644291,0.9644291,True
9B,256,1.5,1,167,x,168,0.00018461775,23077.219,0.96653724,0.96653724,True
9B,256,1.5,1,168,x,169,0.00018298156,22872.695,0.96418464,0.96418464,True
9B,256,1.5,1,169,x,170,0.0001813694,22671.174,0.96610165,0.96610165,True
9B,256,1.5,1,170,x,171,0.00017978076,22472.596,0.9690924,0.9690924,True
9B,256,1.5,1,171,x,172,0.0001782152,22276.9,0.9559283,0.9559283,True
9B,256,1.5,1,172,x,173,0.0001766722,22084.025,0.86944795,0.86944795,False
9B,256,1.5,1,173,x,174,0.00017515136,21893.92,0.96368676,0.96368676,True
9B,256,1.5,1,174,x,175,0.00017365221,21706.525,0.9649588,0.9649588,True
9B,256,1.5,1,175,x,176,0.00017217432,21521.79,0.9670478,0.9670478,True
9B,256,1.5,1,176,x,177,0.00017071728,21339.66,0.90850616,0.90850616,True
9B,256,1.5,1,177,x,178,0.00016928067,21160.084,0.76441723,0.76441723,False
9B,256,1.5,1,178,x,179,0.0001678641,20983.012,0.93653893,0.93653893,True
9B,256,1.5,1,179,x,180,0.00016646717,20808.396,0.97763,0.97763,True
9B,256,1.5,1,180,x,181,0.00016508953,20636.191,0.9711627,0.9711627,True
9B,256,1.5,1,181,x,182,0.00016373077,20466.346,0.9675025,0.9675025,True
9B,256,1.5,1,182,x,183,0.00016239056,20298.82,0.7654963,0.7654963,False
9B,256,1.5,1,183,x,184,0.00016106851,20133.564,0.9623414,0.9623414,True
9B,256,1.5,1,184,x,185,0.00015976431,19970.54,0.9649303,0.9649303,True
9B,256,1.5,1,185,x,186,0.00015847762,19809.703,0.9671327,0.9671327,True
9B,256,1.5,1,186,x,187,0.00015720812,19651.016,0.86412597,0.86412597,False
9B,256,1.5,1,187,x,188,0.00015595547,19494.434,0.9654236,0.9654236,True
9B,256,1.5,1,188,x,189,0.00015471935,19339.92,0.96425277,0.96425277,True
9B,256,1.5,1,189,x,190,0.0001534995,19187.438,0.96503675,0.96503675,True
9B,256,1.5,1,190,x,191,0.00015229559,19036.95,0.9679588,0.9679588,True
9B,256,1.5,1,191,x,192,0.00015110734,18888.416,0.9587139,0.9587139,True
9B,256,1.5,1,192,x,193,0.00014993445,18741.807,0.5563643,0.0006164592,False
9B,256,1.5,1,193,x,194,0.00014877664,18597.08,0.6626425,0.003498368,False
9B,256,1.5,1,194,x,195,0.00014763368,18454.209,0.9542872,0.9542872,True
9B,256,1.5,1,195,x,196,0.00014650528,18313.16,0.7442168,0.7442168,False
9B,256,1.5,1,196,x,197,0.00014539117,18173.896,0.9653904,0.9653904,True
9B,256,1.5,1,197,x,198,0.00014429112,18036.389,0.75482225,0.75482225,False
9B,256,1.5,1,198,x,199,0.00014320486,17900.607,0.31504077,0.0004826542,False
9B,256,1.5,1,199,x,200,0.00014213216,17766.521,0.31780174,0.0014833026,False
9B,256,1.5,1,200,x,201,0.0001410728,17634.1,0.9645798,0.9645798,True
9B,256,1.5,1,201,x,202,0.00014002652,17503.314,0.96574444,0.96574444,True
9B,256,1.5,1,202,x,203,0.00013899313,17374.14,0.5022913,0.00043340772,False
9B,256,1.5,1,203,x,204,0.00013797237,17246.547,0.87815386,0.87815386,False
9B,256,1.5,1,204,x,205,0.00013696405,17120.506,0.9686363,0.9686363,True
9B,256,1.5,1,205,x,206,0.00013596796,16995.994,0.9622066,0.9622066,True
9B,256,1.5,1,206,x,207,0.00013498386,16872.982,0.96305704,0.96305704,True
9B,256,1.5,1,207,x,208,0.0001340116,16751.45,0.67310303,0.00015878677,False
9B,256,1.5,1,208,x,209,0.00013305094,16631.367,0.61100626,0.00022054254,False
9B,256,1.5,1,209,x,210,0.0001321017,16512.713,0.9528537,0.9528537,True
9B,256,1.5,1,210,x,211,0.0001311637,16395.463,0.974413,0.974413,True
9B,256,1.5,1,211,x,212,0.00013023676,16279.595,0.96333516,0.96333516,True
9B,256,1.5,1,212,x,213,0.00012932067,16165.084,0.93921447,0.93921447,True
9B,256,1.5,1,213,x,214,0.00012841528,16051.91,0.94088715,0.94088715,True
9B,256,1.5,1,214,x,215,0.0001275204,15940.05,0.30294037,0.001673691,False
9B,256,1.5,1,215,x,216,0.00012663587,15829.484,0.9672396,0.9672396,True
9B,256,1.5,1,216,x,217,0.00012576151,15720.188,0.6421155,0.00041554705,False
9B,256,1.5,1,217,x,218,0.00012489718,15612.147,0.9696572,0.9696572,True
9B,256,1.5,1,218,x,219,0.0001240427,15505.337,0.96484804,0.96484804,True
9B,256,1.5,1,219,x,220,0.00012319791,15399.739,0.73423404,0.73423404,False
9B,256,1.5,1,220,x,221,0.00012236268,15295.334,0.9439918,0.9439918,True
9B,256,1.5,1,221,x,222,0.00012153684,15192.1045,0.37652713,0.0005613137,False
9B,256,1.5,1,222,x,223,0.00012072023,15090.028,0.95634985,0.95634985,True
9B,256,1.5,1,223,x,224,0.000119912744,14989.093,0.934922,0.934922,True
9B,256,1.5,1,224,x,225,0.000119114215,14889.276,0.6601713,0.00018740259,False
9B,256,1.5,1,225,x,226,0.00011832451,14790.563,0.96446836,0.96446836,True
9B,256,1.5,1,226,x,227,0.000117543495,14692.937,0.01952684,0.00092443824,False
9B,256,1.5,1,227,x,228,0.000116771036,14596.38,0.960508,0.960508,True
9B,256,1.5,1,228,x,229,0.00011600699,14500.873,0.94293743,0.94293743,True
9B,256,1.5,1,229,x,230,0.00011525125,14406.406,0.9308742,0.9308742,True
9B,256,1.5,1,230,x,231,0.00011450367,14312.959,0.6384067,0.000277129,False
9B,256,1.5,1,231,x,232,0.000113764145,14220.519,0.9335612,0.9335612,True
9B,256,1.5,1,232,x,233,0.00011303254,14129.067,0.81256586,0.81256586,False
9B,256,1.5,1,233,x,234,0.00011230876,14038.595,0.9698887,0.9698887,True
9B,256,1.5,1,234,x,235,0.00011159264,13949.08,0.9676986,0.9676986,True
9B,256,1.5,1,235,x,236,0.000110884124,13860.516,0.10745113,0.10745113,False
9B,256,1.5,1,236,x,237,0.000110183064,13772.883,0.9580771,0.9580771,True
9B,256,1.5,1,237,x,238,0.000109489374,13686.172,0.64595854,0.0021852925,False
9B,256,1.5,1,238,x,239,0.00010880292,13600.364,0.3142901,0.1266709,False
9B,256,1.5,1,239,x,240,0.000108123604,13515.45,0.29869545,0.00046855025,False
9B,256,1.5,1,240,x,241,0.00010745134,13431.418,0.8344631,0.8344631,False
9B,256,1.5,1,241,x,242,0.00010678601,13348.251,0.71582556,0.71582556,False
9B,256,1.5,1,242,x,243,0.0001061275,13265.9375,0.9620657,0.9620657,True
9B,256,1.5,1,243,x,244,0.00010547575,13184.469,0.19803423,0.0012427755,False
9B,256,1.5,1,244,x,245,0.000104830644,13103.83,0.9796221,0.9796221,True
9B,256,1.5,1,245,x,246,0.000104192084,13024.011,0.97480714,0.97480714,True
9B,256,1.5,1,246,x,247,0.00010355998,12944.997,0.9311979,0.9311979,True
9B,256,1.5,1,247,x,248,0.00010293423,12866.779,0.9676471,0.9676471,True
9B,256,1.5,1,248,x,249,0.00010231478,12789.348,0.95038635,0.95038635,True
9B,256,1.5,1,249,x,250,0.0001017015,12712.6875,0.82030183,0.82030183,False
9B,256,1.5,1,250,x,251,0.00010109433,12636.791,0.9717545,0.9717545,True
9B,256,1.5,1,251,x,252,0.00010049317,12561.646,0.01844005,0.0074040936,False
9B,256,1.5,1,252,x,253,9.989795e-05,12487.244,0.8126141,0.8126141,False
9B,256,1.5,1,253,x,254,9.930859e-05,12413.574,0.89623064,0.89623064,False
9B,256,1.5,1,254,x,255,9.872499e-05,12340.623,0.31886122,0.0029408075,False
9B,256,1.5,1,255,x,256,9.814709e-05,12268.386,0.108902946,0.012511652,False
9B,256,1.5,1,256,y,1,0.40201047,50251308.0,0.9713433,0.9713433,True
9B,256,1.5,1,257,y,2,0.14213216,17766520.0,0.98827076,0.98827076,True
9B,256,1.5,1,258,y,3,0.077366956,9670869.0,0.96606874,0.96606874,True
9B,256,1.5,1,259,y,4,0.05025131,6281413.5,0.96795154,0.96795154,True
9B,256,1.5,1,260,y,5,0.03595691,4494614.0,0.96721387,0.96721387,True
9B,256,1.5,1,261,y,6,0.02735335,3419168.8,0.96684635,0.96684635,True
9B,256,1.5,1,262,y,7,0.021706525,2713315.8,0.96500444,0.96500444,True
9B,256,1.5,1,263,y,8,0.01776652,2220815.0,0.9655951,0.9655951,True
9B,256,1.5,1,264,y,9,0.0148892775,1861159.8,0.9651352,0.9651352,True
9B,256,1.5,1,265,y,10,0.012712687,1589085.9,0.9668639,0.9668639,True
9B,256,1.5,1,266,y,11,0.011019156,1377394.5,0.9662709,0.9662709,True
9B,256,1.5,1,267,y,12,0.009670869,1208858.6,0.96599245,0.96599245,True
9B,256,1.5,1,268,y,13,0.008576742,1072092.8,0.9651414,0.9651414,True
9B,256,1.5,1,269,y,14,0.0076744156,959301.94,0.9653691,0.9653691,True
9B,256,1.5,1,270,y,15,0.0069199107,864988.8,0.96789575,0.96789575,True
9B,256,1.5,1,271,y,16,0.0062814136,785176.7,0.96774185,0.96774185,True
9B,256,1.5,1,272,y,17,0.0057354034,716925.44,0.96515393,0.96515393,True
9B,256,1.5,1,273,y,18,0.0052641546,658019.3,0.96539664,0.96539664,True
9B,256,1.5,1,274,y,19,0.0048540807,606760.06,0.96421605,0.96421605,True
9B,256,1.5,1,275,y,20,0.004494614,561826.75,0.9650129,0.9650129,True
9B,256,1.5,1,276,y,21,0.004177423,522177.9,0.96441966,0.96441966,True
9B,256,1.5,1,277,y,22,0.00389586,486982.5,0.96562606,0.96562606,True
9B,256,1.5,1,278,y,23,0.0036445644,455570.56,0.9643047,0.9643047,True
9B,256,1.5,1,279,y,24,0.0034191688,427396.1,0.96561205,0.96561205,True
9B,256,1.5,1,280,y,25,0.003216084,402010.5,0.9657097,0.9657097,True
9B,256,1.5,1,281,y,26,0.0030323362,379042.03,0.96510816,0.96510816,True
9B,256,1.5,1,282,y,27,0.0028654425,358180.3,0.96734434,0.96734434,True
9B,256,1.5,1,283,y,28,0.0027133157,339164.47,0.96615326,0.96615326,True
9B,256,1.5,1,284,y,29,0.0025741886,321773.6,0.965922,0.965922,True
9B,256,1.5,1,285,y,30,0.0024465579,305819.72,0.964617,0.964617,True
9B,256,1.5,1,286,y,31,0.002329136,291142.0,0.96509385,0.96509385,True
9B,256,1.5,1,287,y,32,0.002220815,277601.88,0.96504146,0.96504146,True
9B,256,1.5,1,288,y,33,0.0021206376,265079.7,0.9657469,0.9657469,True
9B,256,1.5,1,289,y,34,0.0020277714,253471.42,0.96590346,0.96590346,True
9B,256,1.5,1,290,y,35,0.0019414907,242686.33,0.9659145,0.9659145,True
9B,256,1.5,1,291,y,36,0.0018611597,232644.97,0.96550584,0.96550584,True
9B,256,1.5,1,292,y,37,0.0017862193,223277.4,0.9632623,0.9632623,True
9B,256,1.5,1,293,y,38,0.0017161766,214522.08,0.96578526,0.96578526,True
9B,256,1.5,1,294,y,39,0.0016505948,206324.34,0.9654179,0.9654179,True
9B,256,1.5,1,295,y,40,0.0015890859,198635.73,0.96543854,0.96543854,True
9B,256,1.5,1,296,y,41,0.0015313046,191413.06,0.9642412,0.9642412,True
9B,256,1.5,1,297,y,42,0.001476942,184617.75,0.9659598,0.9659598,True
9B,256,1.5,1,298,y,43,0.0014257216,178215.2,0.9652033,0.9652033,True
9B,256,1.5,1,299,y,44,0.0013773945,172174.31,0.96554136,0.96554136,True
9B,256,1.5,1,300,y,45,0.0013317374,166467.17,0.96581185,0.96581185,True
9B,256,1.5,1,301,y,46,0.0012885481,161068.52,0.9665272,0.9665272,True
9B,256,1.5,1,302,y,47,0.0012476437,155955.47,0.96646655,0.96646655,True
9B,256,1.5,1,303,y,48,0.0012088587,151107.33,0.9657861,0.9657861,True
9B,256,1.5,1,304,y,49,0.0011720422,146505.28,0.96541107,0.96541107,True
9B,256,1.5,1,305,y,50,0.0011370573,142132.17,0.96461225,0.96461225,True
9B,256,1.5,1,306,y,51,0.001103779,137972.38,0.96580976,0.96580976,True
9B,256,1.5,1,307,y,52,0.0010720928,134011.6,0.9637919,0.9637919,True
9B,256,1.5,1,308,y,53,0.0010418941,130236.76,0.96477926,0.96477926,True
9B,256,1.5,1,309,y,54,0.001013087,126635.875,0.96521497,0.96521497,True
9B,256,1.5,1,310,y,55,0.0009855833,123197.914,0.9656944,0.9656944,True
9B,256,1.5,1,311,y,56,0.00095930195,119912.74,0.96452534,0.96452534,True
9B,256,1.5,1,312,y,57,0.0009341683,116771.04,0.96637845,0.96637845,True
9B,256,1.5,1,313,y,58,0.00091011316,113764.15,0.9646417,0.9646417,True
9B,256,1.5,1,314,y,59,0.000887073,110884.125,0.96490246,0.96490246,True
9B,256,1.5,1,315,y,60,0.00086498883,108123.6,0.96526635,0.96526635,True
9B,256,1.5,1,316,y,61,0.000843806,105475.75,0.96552,0.96552,True
9B,256,1.5,1,317,y,62,0.00082347385,102934.234,0.96524763,0.96524763,True
9B,256,1.5,1,318,y,63,0.00080394535,100493.17,0.96513283,0.96513283,True
9B,256,1.5,1,319,y,64,0.0007851767,98147.086,0.96628046,0.96628046,True
9B,256,1.5,1,320,y,65,0.0007671271,95890.88,0.96463656,0.96463656,True
9B,256,1.5,1,321,y,66,0.0007497586,93719.83,0.96414286,0.96414286,True
9B,256,1.5,1,322,y,67,0.0007330358,91629.48,0.96430737,0.96430737,True
9B,256,1.5,1,323,y,68,0.0007169254,89615.68,0.96571815,0.96571815,True
9B,256,1.5,1,324,y,69,0.0007013967,87674.59,0.9660611,0.9660611,True
9B,256,1.5,1,325,y,70,0.0006864206,85802.57,0.96340626,0.96340626,True
9B,256,1.5,1,326,y,71,0.00067196996,83996.24,0.9655962,0.9655962,True
9B,256,1.5,1,327,y,72,0.00065801933,82252.414,0.965101,0.965101,True
9B,256,1.5,1,328,y,73,0.0006445448,80568.09,0.96547896,0.96547896,True
9B,256,1.5,1,329,y,74,0.0006315239,78940.484,0.96475774,0.96475774,True
9B,256,1.5,1,330,y,75,0.0006189356,77366.95,0.9638525,0.9638525,True
9B,256,1.5,1,331,y,76,0.0006067601,75845.01,0.9646691,0.9646691,True
9B,256,1.5,1,332,y,77,0.00059497857,74372.32,0.96606123,0.96606123,True
9B,256,1.5,1,333,y,78,0.00058357336,72946.67,0.9648739,0.9648739,True
9B,256,1.5,1,334,y,79,0.00057252805,71566.01,0.9646282,0.9646282,True
9B,256,1.5,1,335,y,80,0.00056182675,70228.34,0.96456313,0.96456313,True
9B,256,1.5,1,336,y,81,0.0005514547,68931.84,0.96580786,0.96580786,True
9B,256,1.5,1,337,y,82,0.00054139795,67674.74,0.96684194,0.96684194,True
9B,256,1.5,1,338,y,83,0.00053164316,66455.4,0.9653465,0.9653465,True
9B,256,1.5,1,339,y,84,0.0005221779,65272.24,0.9661039,0.9661039,True
9B,256,1.5,1,340,y,85,0.0005129901,64123.766,0.9666078,0.9666078,True
9B,256,1.5,1,341,y,86,0.0005040687,63008.586,0.96558803,0.96558803,True
9B,256,1.5,1,342,y,87,0.00049540284,61925.355,0.9657589,0.9657589,True
9B,256,1.5,1,343,y,88,0.0004869825,60872.812,0.9669137,0.9669137,True
9B,256,1.5,1,344,y,89,0.00047879803,59849.754,0.96766263,0.96766263,True
9B,256,1.5,1,345,y,90,0.00047084028,58855.035,0.9615951,0.9615951,True
9B,256,1.5,1,346,y,91,0.00046310056,57887.57,0.9666131,0.9666131,True
9B,256,1.5,1,347,y,92,0.00045557055,56946.32,0.96640414,0.96640414,True
9B,256,1.5,1,348,y,93,0.00044824244,56030.305,0.9662322,0.9662322,True
9B,256,1.5,1,349,y,94,0.00044110868,55138.586,0.9624853,0.9624853,True
9B,256,1.5,1,350,y,95,0.00043416218,54270.273,0.963832,0.963832,True
9B,256,1.5,1,351,y,96,0.0004273961,53424.51,0.96670336,0.96670336,True
9B,256,1.5,1,352,y,97,0.0004208039,52600.49,0.9631839,0.9631839,True
9B,256,1.5,1,353,y,98,0.0004143795,51797.438,0.96625006,0.96625006,True
9B,256,1.5,1,354,y,99,0.0004081169,51014.613,0.9699111,0.9699111,True
9B,256,1.5,1,355,y,100,0.0004020105,50251.312,0.961805,0.961805,True
9B,256,1.5,1,356,y,101,0.00039605485,49506.855,0.96293175,0.96293175,True
9B,256,1.5,1,357,y,102,0.0003902448,48780.598,0.96689093,0.96689093,True
9B,256,1.5,1,358,y,103,0.00038457545,48071.934,0.96732736,0.96732736,True
9B,256,1.5,1,359,y,104,0.00037904203,47380.254,0.9631225,0.9631225,True
9B,256,1.5,1,360,y,105,0.00037364004,46705.004,0.9648051,0.9648051,True
9B,256,1.5,1,361,y,106,0.0003683652,46045.65,0.967034,0.967034,True
9B,256,1.5,1,362,y,107,0.00036321327,45401.66,0.9656787,0.9656787,True
9B,256,1.5,1,363,y,108,0.00035818032,44772.54,0.9651724,0.9651724,True
9B,256,1.5,1,364,y,109,0.00035326256,44157.82,0.96501654,0.96501654,True
9B,256,1.5,1,365,y,110,0.00034845632,43557.04,0.9655012,0.9655012,True
9B,256,1.5,1,366,y,111,0.0003437581,42969.76,0.96402454,0.96402454,True
9B,256,1.5,1,367,y,112,0.00033916446,42395.56,0.96562135,0.96562135,True
9B,256,1.5,1,368,y,113,0.00033467225,41834.03,0.96634996,0.96634996,True
9B,256,1.5,1,369,y,114,0.00033027836,41284.793,0.9649565,0.9649565,True
9B,256,1.5,1,370,y,115,0.00032597975,40747.47,0.81330794,0.81330794,False
9B,256,1.5,1,371,y,116,0.00032177358,40221.7,0.966037,0.966037,True
9B,256,1.5,1,372,y,117,0.0003176571,39707.137,0.97034454,0.97034454,True
9B,256,1.5,1,373,y,118,0.00031362765,39203.457,0.81717503,0.81717503,False
9B,256,1.5,1,374,y,119,0.00030968268,38710.336,0.9648931,0.9648931,True
9B,256,1.5,1,375,y,120,0.00030581973,38227.465,0.96550363,0.96550363,True
9B,256,1.5,1,376,y,121,0.00030203644,37754.555,0.96479505,0.96479505,True
9B,256,1.5,1,377,y,122,0.00029833047,37291.31,0.96459174,0.96459174,True
9B,256,1.5,1,378,y,123,0.0002946997,36837.465,0.9667366,0.9667366,True
9B,256,1.5,1,379,y,124,0.000291142,36392.75,0.9637445,0.9637445,True
9B,256,1.5,1,380,y,125,0.0002876553,35956.914,0.96328264,0.96328264,True
9B,256,1.5,1,381,y,126,0.0002842376,35529.703,0.96680975,0.96680975,True
9B,256,1.5,1,382,y,127,0.0002808871,35110.887,0.96454144,0.96454144,True
9B,256,1.5,1,383,y,128,0.00027760188,34700.234,0.96693265,0.96693265,True
9B,256,1.5,1,384,y,129,0.00027438023,34297.527,0.9659164,0.9659164,True
9B,256,1.5,1,385,y,130,0.0002712204,33902.55,0.966575,0.966575,True
9B,256,1.5,1,386,y,131,0.00026812076,33515.094,0.96734077,0.96734077,True
9B,256,1.5,1,387,y,132,0.0002650797,33134.96,0.96324444,0.96324444,True
9B,256,1.5,1,388,y,133,0.00026209574,32761.967,0.9605746,0.9605746,True
9B,256,1.5,1,389,y,134,0.0002591673,32395.914,0.96670705,0.96670705,True
9B,256,1.5,1,390,y,135,0.000256293,32036.623,0.9652935,0.9652935,True
9B,256,1.5,1,391,y,136,0.00025347143,31683.928,0.96439284,0.96439284,True
9B,256,1.5,1,392,y,137,0.00025070127,31337.658,0.9675988,0.9675988,True
9B,256,1.5,1,393,y,138,0.0002479812,30997.65,0.9622245,0.9622245,True
9B,256,1.5,1,394,y,139,0.00024530996,30663.744,0.9664237,0.9664237,True
9B,256,1.5,1,395,y,140,0.00024268634,30335.791,0.96211046,0.96211046,True
9B,256,1.5,1,396,y,141,0.00024010913,30013.643,0.9681208,0.9681208,True
9B,256,1.5,1,397,y,142,0.00023757725,29697.156,0.9621418,0.9621418,True
9B,256,1.5,1,398,y,143,0.00023508954,29386.191,0.96719885,0.96719885,True
9B,256,1.5,1,399,y,144,0.00023264496,29080.621,0.9632472,0.9632472,True
9B,256,1.5,1,400,y,145,0.00023024244,28780.305,0.9744887,0.9744887,True
9B,256,1.5,1,401,y,146,0.00022788098,28485.123,0.9605304,0.9605304,True
9B,256,1.5,1,402,y,147,0.00022555962,28194.953,0.9654741,0.9654741,True
9B,256,1.5,1,403,y,148,0.00022327741,27909.676,0.9658564,0.9658564,True
9B,256,1.5,1,404,y,149,0.00022103344,27629.18,0.96416295,0.96416295,True
9B,256,1.5,1,405,y,150,0.00021882678,27353.348,0.9674305,0.9674305,True
9B,256,1.5,1,406,y,151,0.00021665661,27082.076,0.9641711,0.9641711,True
9B,256,1.5,1,407,y,152,0.00021452208,26815.26,0.966523,0.966523,True
9B,256,1.5,1,408,y,153,0.00021242237,26552.797,0.9656478,0.9656478,True
9B,256,1.5,1,409,y,154,0.00021035668,26294.586,0.9652,0.9652,True
9B,256,1.5,1,410,y,155,0.00020832426,26040.533,0.9631561,0.9631561,True
9B,256,1.5,1,411,y,156,0.00020632434,25790.543,0.96516836,0.96516836,True
9B,256,1.5,1,412,y,157,0.00020435624,25544.53,0.9670397,0.9670397,True
9B,256,1.5,1,413,y,158,0.00020241922,25302.402,0.96715546,0.96715546,True
9B,256,1.5,1,414,y,159,0.00020051262,25064.076,0.9635072,0.9635072,True
9B,256,1.5,1,415,y,160,0.00019863574,24829.467,0.9665265,0.9665265,True
9B,256,1.5,1,416,y,161,0.00019678797,24598.496,0.965477,0.965477,True
9B,256,1.5,1,417,y,162,0.00019496868,24371.086,0.96087945,0.96087945,True
9B,256,1.5,1,418,y,163,0.00019317724,24147.154,0.96391106,0.96391106,True
9B,256,1.5,1,419,y,164,0.00019141307,23926.633,0.9650092,0.9650092,True
9B,256,1.5,1,420,y,165,0.0001896756,23709.45,0.9640539,0.9640539,True
9B,256,1.5,1,421,y,166,0.00018796424,23495.53,0.96533227,0.96533227,True
9B,256,1.5,1,422,y,167,0.00018627847,23284.809,0.9638921,0.9638921,True
9B,256,1.5,1,423,y,168,0.00018461775,23077.219,0.96700966,0.96700966,True
9B,256,1.5,1,424,y,169,0.00018298156,22872.695,0.96425295,0.96425295,True
9B,256,1.5,1,425,y,170,0.0001813694,22671.174,0.965798,0.965798,True
9B,256,1.5,1,426,y,171,0.00017978076,22472.596,0.9687202,0.9687202,True
9B,256,1.5,1,427,y,172,0.0001782152,22276.9,0.96014035,0.96014035,True
9B,256,1.5,1,428,y,173,0.0001766722,22084.025,0.9646609,0.9646609,True
9B,256,1.5,1,429,y,174,0.00017515136,21893.92,0.95190376,0.95190376,True
9B,256,1.5,1,430,y,175,0.00017365221,21706.525,0.9643931,0.9643931,True
9B,256,1.5,1,431,y,176,0.00017217432,21521.79,0.96423054,0.96423054,True
9B,256,1.5,1,432,y,177,0.00017071728,21339.66,0.9618251,0.9618251,True
9B,256,1.5,1,433,y,178,0.00016928067,21160.084,0.96833885,0.96833885,True
9B,256,1.5,1,434,y,179,0.0001678641,20983.012,0.9630903,0.9630903,True
9B,256,1.5,1,435,y,180,0.00016646717,20808.396,0.96682346,0.96682346,True
9B,256,1.5,1,436,y,181,0.00016508953,20636.191,0.94890386,0.94890386,True
9B,256,1.5,1,437,y,182,0.00016373077,20466.346,0.95451164,0.95451164,True
9B,256,1.5,1,438,y,183,0.00016239056,20298.82,0.9613517,0.9613517,True
9B,256,1.5,1,439,y,184,0.00016106851,20133.564,0.9672586,0.9672586,True
9B,256,1.5,1,440,y,185,0.00015976431,19970.54,0.9619736,0.9619736,True
9B,256,1.5,1,441,y,186,0.00015847762,19809.703,0.9676615,0.9676615,True
9B,256,1.5,1,442,y,187,0.00015720812,19651.016,0.96498454,0.96498454,True
9B,256,1.5,1,443,y,188,0.00015595547,19494.434,0.96740687,0.96740687,True
9B,256,1.5,1,444,y,189,0.00015471935,19339.92,0.94498664,0.94498664,True
9B,256,1.5,1,445,y,190,0.0001534995,19187.438,0.9611832,0.9611832,True
9B,256,1.5,1,446,y,191,0.00015229559,19036.95,0.94934833,0.94934833,True
9B,256,1.5,1,447,y,192,0.00015110734,18888.416,0.9295683,0.9295683,True
9B,256,1.5,1,448,y,193,0.00014993445,18741.807,0.98250175,0.98250175,True
9B,256,1.5,1,449,y,194,0.00014877664,18597.08,0.960698,0.960698,True
9B,256,1.5,1,450,y,195,0.00014763368,18454.209,0.7608304,0.7608304,False
9B,256,1.5,1,451,y,196,0.00014650528,18313.16,0.96657485,0.96657485,True
9B,256,1.5,1,452,y,197,0.00014539117,18173.896,0.95584166,0.95584166,True
9B,256,1.5,1,453,y,198,0.00014429112,18036.389,0.96918803,0.96918803,True
9B,256,1.5,1,454,y,199,0.00014320486,17900.607,0.5721302,0.00038725417,False
9B,256,1.5,1,455,y,200,0.00014213216,17766.521,0.9167892,0.9167892,True
9B,256,1.5,1,456,y,201,0.0001410728,17634.1,0.96801376,0.96801376,True
9B,256,1.5,1,457,y,202,0.00014002652,17503.314,0.36490643,0.024206012,False
9B,256,1.5,1,458,y,203,0.00013899313,17374.14,0.96107566,0.96107566,True
9B,256,1.5,1,459,y,204,0.00013797237,17246.547,0.96584445,0.96584445,True
9B,256,1.5,1,460,y,205,0.00013696405,17120.506,0.9394487,0.9394487,True
9B,256,1.5,1,461,y,206,0.00013596796,16995.994,0.9232211,0.9232211,True
9B,256,1.5,1,462,y,207,0.00013498386,16872.982,0.8825053,0.8825053,False
9B,256,1.5,1,463,y,208,0.0001340116,16751.45,0.9648368,0.9648368,True
9B,256,1.5,1,464,y,209,0.00013305094,16631.367,0.9645628,0.9645628,True
9B,256,1.5,1,465,y,210,0.0001321017,16512.713,0.96499395,0.96499395,True
9B,256,1.5,1,466,y,211,0.0001311637,16395.463,0.95934474,0.95934474,True
9B,256,1.5,1,467,y,212,0.00013023676,16279.595,0.964892,0.964892,True
9B,256,1.5,1,468,y,213,0.00012932067,16165.084,0.84917444,0.84917444,False
9B,256,1.5,1,469,y,214,0.00012841528,16051.91,0.38298827,0.0004106406,False
9B,256,1.5,1,470,y,215,0.0001275204,15940.05,0.35140097,0.000331169,False
9B,256,1.5,1,471,y,216,0.00012663587,15829.484,0.9566684,0.9566684,True
9B,256,1.5,1,472,y,217,0.00012576151,15720.188,0.8919085,0.8919085,False
9B,256,1.5,1,473,y,218,0.00012489718,15612.147,0.9320565,0.9320565,True
9B,256,1.5,1,474,y,219,0.0001240427,15505.337,0.96642756,0.96642756,True
9B,256,1.5,1,475,y,220,0.00012319791,15399.739,0.96089065,0.96089065,True
9B,256,1.5,1,476,y,221,0.00012236268,15295.334,0.96778345,0.96778345,True
9B,256,1.5,1,477,y,222,0.00012153684,15192.1045,0.96198153,0.96198153,True
9B,256,1.5,1,478,y,223,0.00012072023,15090.028,0.9609882,0.9609882,True
9B,256,1.5,1,479,y,224,0.000119912744,14989.093,0.73265684,0.73265684,False
9B,256,1.5,1,480,y,225,0.000119114215,14889.276,0.9440106,0.9440106,True
9B,256,1.5,1,481,y,226,0.00011832451,14790.563,0.9677271,0.9677271,True
9B,256,1.5,1,482,y,227,0.000117543495,14692.937,0.96786964,0.96786964,True
9B,256,1.5,1,483,y,228,0.000116771036,14596.38,0.96332777,0.96332777,True
9B,256,1.5,1,484,y,229,0.00011600699,14500.873,0.81741345,0.81741345,False
9B,256,1.5,1,485,y,230,0.00011525125,14406.406,0.42589146,0.00029876456,False
9B,256,1.5,1,486,y,231,0.00011450367,14312.959,0.9639549,0.9639549,True
9B,256,1.5,1,487,y,232,0.000113764145,14220.519,0.96310383,0.96310383,True
9B,256,1.5,1,488,y,233,0.00011303254,14129.067,0.8532868,0.8532868,False
9B,256,1.5,1,489,y,234,0.00011230876,14038.595,0.9518694,0.9518694,True
9B,256,1.5,1,490,y,235,0.00011159264,13949.08,0.62172997,0.00026505627,False
9B,256,1.5,1,491,y,236,0.000110884124,13860.516,0.9597753,0.9597753,True
9B,256,1.5,1,492,y,237,0.000110183064,13772.883,0.9612137,0.9612137,True
9B,256,1.5,1,493,y,238,0.000109489374,13686.172,0.6714196,4.743901e-05,False
9B,256,1.5,1,494,y,239,0.00010880292,13600.364,0.951236,0.951236,True
9B,256,1.5,1,495,y,240,0.000108123604,13515.45,0.9673423,0.9673423,True
9B,256,1.5,1,496,y,241,0.00010745134,13431.418,0.9330903,0.9330903,True
9B,256,1.5,1,497,y,242,0.00010678601,13348.251,0.92366433,0.92366433,True
9B,256,1.5,1,498,y,243,0.0001061275,13265.9375,0.9831805,0.9831805,True
9B,256,1.5,1,499,y,244,0.00010547575,13184.469,0.36392394,0.05027151,False
9B,256,1.5,1,500,y,245,0.000104830644,13103.83,0.7305433,0.7305433,False
9B,256,1.5,1,501,y,246,0.000104192084,13024.011,0.9675642,0.9675642,True
9B,256,1.5,1,502,y,247,0.00010355998,12944.997,0.9365567,0.9365567,True
9B,256,1.5,1,503,y,248,0.00010293423,12866.779,0.9160701,0.9160701,True
9B,256,1.5,1,504,y,249,0.00010231478,12789.348,0.9432876,0.9432876,True
9B,256,1.5,1,505,y,250,0.0001017015,12712.6875,0.9647989,0.9647989,True
9B,256,1.5,1,506,y,251,0.00010109433,12636.791,0.93469983,0.93469983,True
9B,256,1.5,1,507,y,252,0.00010049317,12561.646,0.5701985,0.00067003444,False
9B,256,1.5,1,508,y,253,9.989795e-05,12487.244,0.9736345,0.9736345,True
9B,256,1.5,1,509,y,254,9.930859e-05,12413.574,0.080903314,0.0013155034,False
9B,256,1.5,1,510,y,255,9.872499e-05,12340.623,0.77807045,0.77807045,False
9B,256,1.5,1,511,y,256,9.814709e-05,12268.386,0.95707625,0.95707625,True
9B,256,1.5,2,0,x,1,0.40201047,50251308.0,0.9745479,0.9745479,True
9B,256,1.5,2,1,x,2,0.14213216,17766520.0,0.9879205,0.9879205,True
9B,256,1.5,2,2,x,3,0.077366956,9670869.0,0.9615686,0.9615686,True
9B,256,1.5,2,3,x,4,0.05025131,6281413.5,0.9686692,0.9686692,True
9B,256,1.5,2,4,x,5,0.03595691,4494614.0,0.9660208,0.9660208,True
9B,256,1.5,2,5,x,6,0.02735335,3419168.8,0.96850705,0.96850705,True
9B,256,1.5,2,6,x,7,0.021706525,2713315.8,0.9679143,0.9679143,True
9B,256,1.5,2,7,x,8,0.01776652,2220815.0,0.967711,0.967711,True
9B,256,1.5,2,8,x,9,0.0148892775,1861159.8,0.968031,0.968031,True
9B,256,1.5,2,9,x,10,0.012712687,1589085.9,0.9678087,0.9678087,True
9B,256,1.5,2,10,x,11,0.011019156,1377394.5,0.9654255,0.9654255,True
9B,256,1.5,2,11,x,12,0.009670869,1208858.6,0.9651538,0.9651538,True
9B,256,1.5,2,12,x,13,0.008576742,1072092.8,0.96706194,0.96706194,True
9B,256,1.5,2,13,x,14,0.0076744156,959301.94,0.9671098,0.9671098,True
9B,256,1.5,2,14,x,15,0.0069199107,864988.8,0.9651015,0.9651015,True
9B,256,1.5,2,15,x,16,0.0062814136,785176.7,0.9650731,0.9650731,True
9B,256,1.5,2,16,x,17,0.0057354034,716925.44,0.96679366,0.96679366,True
9B,256,1.5,2,17,x,18,0.0052641546,658019.3,0.96511424,0.96511424,True
9B,256,1.5,2,18,x,19,0.0048540807,606760.06,0.9657544,0.9657544,True
9B,256,1.5,2,19,x,20,0.004494614,561826.75,0.9656482,0.9656482,True
9B,256,1.5,2,20,x,21,0.004177423,522177.9,0.96708894,0.96708894,True
9B,256,1.5,2,21,x,22,0.00389586,486982.5,0.9665306,0.9665306,True
9B,256,1.5,2,22,x,23,0.0036445644,455570.56,0.9653951,0.9653951,True
9B,256,1.5,2,23,x,24,0.0034191688,427396.1,0.9659119,0.9659119,True
9B,256,1.5,2,24,x,25,0.003216084,402010.5,0.9658934,0.9658934,True
9B,256,1.5,2,25,x,26,0.0030323362,379042.03,0.96599317,0.96599317,True
9B,256,1.5,2,26,x,27,0.0028654425,358180.3,0.9663832,0.9663832,True
9B,256,1.5,2,27,x,28,0.0027133157,339164.47,0.9666995,0.9666995,True
9B,256,1.5,2,28,x,29,0.0025741886,321773.6,0.9659486,0.9659486,True
9B,256,1.5,2,29,x,30,0.0024465579,305819.72,0.964952,0.964952,True
9B,256,1.5,2,30,x,31,0.002329136,291142.0,0.9666631,0.9666631,True
9B,256,1.5,2,31,x,32,0.002220815,277601.88,0.96730095,0.96730095,True
9B,256,1.5,2,32,x,33,0.0021206376,265079.7,0.9669078,0.9669078,True
9B,256,1.5,2,33,x,34,0.0020277714,253471.42,0.96727383,0.96727383,True
9B,256,1.5,2,34,x,35,0.0019414907,242686.33,0.9665379,0.9665379,True
9B,256,1.5,2,35,x,36,0.0018611597,232644.97,0.9667671,0.9667671,True
9B,256,1.5,2,36,x,37,0.0017862193,223277.4,0.9658017,0.9658017,True
9B,256,1.5,2,37,x,38,0.0017161766,214522.08,0.9650342,0.9650342,True
9B,256,1.5,2,38,x,39,0.0016505948,206324.34,0.965938,0.965938,True
9B,256,1.5,2,39,x,40,0.0015890859,198635.73,0.967973,0.967973,True
9B,256,1.5,2,40,x,41,0.0015313046,191413.06,0.9664445,0.9664445,True
9B,256,1.5,2,41,x,42,0.001476942,184617.75,0.9655168,0.9655168,True
9B,256,1.5,2,42,x,43,0.0014257216,178215.2,0.96603715,0.96603715,True
9B,256,1.5,2,43,x,44,0.0013773945,172174.31,0.96441156,0.96441156,True
9B,256,1.5,2,44,x,45,0.0013317374,166467.17,0.968045,0.968045,True
9B,256,1.5,2,45,x,46,0.0012885481,161068.52,0.9659668,0.9659668,True
9B,256,1.5,2,46,x,47,0.0012476437,155955.47,0.96574485,0.96574485,True
9B,256,1.5,2,47,x,48,0.0012088587,151107.33,0.96424806,0.96424806,True
9B,256,1.5,2,48,x,49,0.0011720422,146505.28,0.9651649,0.9651649,True
9B,256,1.5,2,49,x,50,0.0011370573,142132.17,0.96571505,0.96571505,True
9B,256,1.5,2,50,x,51,0.001103779,137972.38,0.9640017,0.9640017,True
9B,256,1.5,2,51,x,52,0.0010720928,134011.6,0.9668671,0.9668671,True
9B,256,1.5,2,52,x,53,0.0010418941,130236.76,0.9664305,0.9664305,True
9B,256,1.5,2,53,x,54,0.001013087,126635.875,0.96597934,0.96597934,True
9B,256,1.5,2,54,x,55,0.0009855833,123197.914,0.96487665,0.96487665,True
9B,256,1.5,2,55,x,56,0.00095930195,119912.74,0.96474046,0.96474046,True
9B,256,1.5,2,56,x,57,0.0009341683,116771.04,0.9649588,0.9649588,True
9B,256,1.5,2,57,x,58,0.00091011316,113764.15,0.96757984,0.96757984,True
9B,256,1.5,2,58,x,59,0.000887073,110884.125,0.9678715,0.9678715,True
9B,256,1.5,2,59,x,60,0.00086498883,108123.6,0.9637182,0.9637182,True
9B,256,1.5,2,60,x,61,0.000843806,105475.75,0.96453154,0.96453154,True
9B,256,1.5,2,61,x,62,0.00082347385,102934.234,0.9661771,0.9661771,True
9B,256,1.5,2,62,x,63,0.00080394535,100493.17,0.96474075,0.96474075,True
9B,256,1.5,2,63,x,64,0.0007851767,98147.086,0.96552426,0.96552426,True
9B,256,1.5,2,64,x,65,0.0007671271,95890.88,0.96723926,0.96723926,True
9B,256,1.5,2,65,x,66,0.0007497586,93719.83,0.96551543,0.96551543,True
9B,256,1.5,2,66,x,67,0.0007330358,91629.48,0.9647857,0.9647857,True
9B,256,1.5,2,67,x,68,0.0007169254,89615.68,0.96724343,0.96724343,True
9B,256,1.5,2,68,x,69,0.0007013967,87674.59,0.96423197,0.96423197,True
9B,256,1.5,2,69,x,70,0.0006864206,85802.57,0.9668939,0.9668939,True
9B,256,1.5,2,70,x,71,0.00067196996,83996.24,0.9665791,0.9665791,True
9B,256,1.5,2,71,x,72,0.00065801933,82252.414,0.9655565,0.9655565,True
9B,256,1.5,2,72,x,73,0.0006445448,80568.09,0.96515536,0.96515536,True
9B,256,1.5,2,73,x,74,0.0006315239,78940.484,0.96671224,0.96671224,True
9B,256,1.5,2,74,x,75,0.0006189356,77366.95,0.9658935,0.9658935,True
9B,256,1.5,2,75,x,76,0.0006067601,75845.01,0.96594924,0.96594924,True
9B,256,1.5,2,76,x,77,0.00059497857,74372.32,0.9640207,0.9640207,True
9B,256,1.5,2,77,x,78,0.00058357336,72946.67,0.9648231,0.9648231,True
9B,256,1.5,2,78,x,79,0.00057252805,71566.01,0.965678,0.965678,True
9B,256,1.5,2,79,x,80,0.00056182675,70228.34,0.9652035,0.9652035,True
9B,256,1.5,2,80,x,81,0.0005514547,68931.84,0.96609604,0.96609604,True
9B,256,1.5,2,81,x,82,0.00054139795,67674.74,0.964387,0.964387,True
9B,256,1.5,2,82,x,83,0.00053164316,66455.4,0.96322626,0.96322626,True
9B,256,1.5,2,83,x,84,0.0005221779,65272.24,0.9674381,0.9674381,True
9B,256,1.5,2,84,x,85,0.0005129901,64123.766,0.9644673,0.9644673,True
9B,256,1.5,2,85,x,86,0.0005040687,63008.586,0.96648186,0.96648186,True
9B,256,1.5,2,86,x,87,0.00049540284,61925.355,0.96654224,0.96654224,True
9B,256,1.5,2,87,x,88,0.0004869825,60872.812,0.96670073,0.96670073,True
9B,256,1.5,2,88,x,89,0.00047879803,59849.754,0.96308583,0.96308583,True
9B,256,1.5,2,89,x,90,0.00047084028,58855.035,0.9668107,0.9668107,True
9B,256,1.5,2,90,x,91,0.00046310056,57887.57,0.965967,0.965967,True
9B,256,1.5,2,91,x,92,0.00045557055,56946.32,0.9663121,0.9663121,True
9B,256,1.5,2,92,x,93,0.00044824244,56030.305,0.96616375,0.96616375,True
9B,256,1.5,2,93,x,94,0.00044110868,55138.586,0.9652941,0.9652941,True
9B,256,1.5,2,94,x,95,0.00043416218,54270.273,0.96487164,0.96487164,True
9B,256,1.5,2,95,x,96,0.0004273961,53424.51,0.9664093,0.9664093,True
9B,256,1.5,2,96,x,97,0.0004208039,52600.49,0.9651334,0.9651334,True
9B,256,1.5,2,97,x,98,0.0004143795,51797.438,0.9666045,0.9666045,True
9B,256,1.5,2,98,x,99,0.0004081169,51014.613,0.964823,0.964823,True
9B,256,1.5,2,99,x,100,0.0004020105,50251.312,0.9651351,0.9651351,True
9B,256,1.5,2,100,x,101,0.00039605485,49506.855,0.9641117,0.9641117,True
9B,256,1.5,2,101,x,102,0.0003902448,48780.598,0.96767265,0.96767265,True
9B,256,1.5,2,102,x,103,0.00038457545,48071.934,0.8273596,0.8273596,False
9B,256,1.5,2,103,x,104,0.00037904203,47380.254,0.97103095,0.97103095,True
9B,256,1.5,2,104,x,105,0.00037364004,46705.004,0.96799123,0.96799123,True
9B,256,1.5,2,105,x,106,0.0003683652,46045.65,0.9648851,0.9648851,True
9B,256,1.5,2,106,x,107,0.00036321327,45401.66,0.9613682,0.9613682,True
9B,256,1.5,2,107,x,108,0.00035818032,44772.54,0.96655065,0.96655065,True
9B,256,1.5,2,108,x,109,0.00035326256,44157.82,0.96505296,0.96505296,True
9B,256,1.5,2,109,x,110,0.00034845632,43557.04,0.9660716,0.9660716,True
9B,256,1.5,2,110,x,111,0.0003437581,42969.76,0.800896,0.800896,False
9B,256,1.5,2,111,x,112,0.00033916446,42395.56,0.965672,0.965672,True
9B,256,1.5,2,112,x,113,0.00033467225,41834.03,0.9681245,0.9681245,True
9B,256,1.5,2,113,x,114,0.00033027836,41284.793,0.9628861,0.9628861,True
9B,256,1.5,2,114,x,115,0.00032597975,40747.47,0.9668598,0.9668598,True
9B,256,1.5,2,115,x,116,0.00032177358,40221.7,0.96431357,0.96431357,True
9B,256,1.5,2,116,x,117,0.0003176571,39707.137,0.96576345,0.96576345,True
9B,256,1.5,2,117,x,118,0.00031362765,39203.457,0.9636584,0.9636584,True
9B,256,1.5,2,118,x,119,0.00030968268,38710.336,0.9668787,0.9668787,True
9B,256,1.5,2,119,x,120,0.00030581973,38227.465,0.964977,0.964977,True
9B,256,1.5,2,120,x,121,0.00030203644,37754.555,0.965067,0.965067,True
9B,256,1.5,2,121,x,122,0.00029833047,37291.31,0.9688035,0.9688035,True
9B,256,1.5,2,122,x,123,0.0002946997,36837.465,0.961763,0.961763,True
9B,256,1.5,2,123,x,124,0.000291142,36392.75,0.96863985,0.96863985,True
9B,256,1.5,2,124,x,125,0.0002876553,35956.914,0.9651269,0.9651269,True
9B,256,1.5,2,125,x,126,0.0002842376,35529.703,0.96580017,0.96580017,True
9B,256,1.5,2,126,x,127,0.0002808871,35110.887,0.96738136,0.96738136,True
9B,256,1.5,2,127,x,128,0.00027760188,34700.234,0.964681,0.964681,True
9B,256,1.5,2,128,x,129,0.00027438023,34297.527,0.96243656,0.96243656,True
9B,256,1.5,2,129,x,130,0.0002712204,33902.55,0.42139792,0.00056584924,False
9B,256,1.5,2,130,x,131,0.00026812076,33515.094,0.9700214,0.9700214,True
9B,256,1.5,2,131,x,132,0.0002650797,33134.96,0.9622803,0.9622803,True
9B,256,1.5,2,132,x,133,0.00026209574,32761.967,0.9694185,0.9694185,True
9B,256,1.5,2,133,x,134,0.0002591673,32395.914,0.7643329,0.7643329,False
9B,256,1.5,2,134,x,135,0.000256293,32036.623,0.7887953,0.7887953,False
9B,256,1.5,2,135,x,136,0.00025347143,31683.928,0.9652587,0.9652587,True
9B,256,1.5,2,136,x,137,0.00025070127,31337.658,0.96662974,0.96662974,True
9B,256,1.5,2,137,x,138,0.0002479812,30997.65,0.9693556,0.9693556,True
9B,256,1.5,2,138,x,139,0.00024530996,30663.744,0.8367292,0.8367292,False
9B,256,1.5,2,139,x,140,0.00024268634,30335.791,0.95744884,0.95744884,True
9B,256,1.5,2,140,x,141,0.00024010913,30013.643,0.96410704,0.96410704,True
9B,256,1.5,2,141,x,142,0.00023757725,29697.156,0.9686335,0.9686335,True
9B,256,1.5,2,142,x,143,0.00023508954,29386.191,0.967898,0.967898,True
9B,256,1.5,2,143,x,144,0.00023264496,29080.621,0.96442676,0.96442676,True
9B,256,1.5,2,144,x,145,0.00023024244,28780.305,0.9682321,0.9682321,True
9B,256,1.5,2,145,x,146,0.00022788098,28485.123,0.9629177,0.9629177,True
9B,256,1.5,2,146,x,147,0.00022555962,28194.953,0.9659724,0.9659724,True
9B,256,1.5,2,147,x,148,0.00022327741,27909.676,0.9645567,0.9645567,True
9B,256,1.5,2,148,x,149,0.00022103344,27629.18,0.9659803,0.9659803,True
9B,256,1.5,2,149,x,150,0.00021882678,27353.348,0.7497128,0.7497128,False
9B,256,1.5,2,150,x,151,0.00021665661,27082.076,0.965719,0.965719,True
9B,256,1.5,2,151,x,152,0.00021452208,26815.26,0.7830999,0.7830999,False
9B,256,1.5,2,152,x,153,0.00021242237,26552.797,0.708101,0.708101,False
9B,256,1.5,2,153,x,154,0.00021035668,26294.586,0.96866894,0.96866894,True
9B,256,1.5,2,154,x,155,0.00020832426,26040.533,0.9668584,0.9668584,True
9B,256,1.5,2,155,x,156,0.00020632434,25790.543,0.9639462,0.9639462,True
9B,256,1.5,2,156,x,157,0.00020435624,25544.53,0.8141861,0.8141861,False
9B,256,1.5,2,157,x,158,0.00020241922,25302.402,0.9400477,0.9400477,True
9B,256,1.5,2,158,x,159,0.00020051262,25064.076,0.96453065,0.96453065,True
9B,256,1.5,2,159,x,160,0.00019863574,24829.467,0.96705997,0.96705997,True
9B,256,1.5,2,160,x,161,0.00019678797,24598.496,0.9533409,0.9533409,True
9B,256,1.5,2,161,x,162,0.00019496868,24371.086,0.947093,0.947093,True
9B,256,1.5,2,162,x,163,0.00019317724,24147.154,0.75750995,0.75750995,False
9B,256,1.5,2,163,x,164,0.00019141307,23926.633,0.9651793,0.9651793,True
9B,256,1.5,2,164,x,165,0.0001896756,23709.45,0.9610208,0.9610208,True
9B,256,1.5,2,165,x,166,0.00018796424,23495.53,0.7417909,0.7417909,False
9B,256,1.5,2,166,x,167,0.00018627847,23284.809,0.9662031,0.9662031,True
9B,256,1.5,2,167,x,168,0.00018461775,23077.219,0.9677048,0.9677048,True
9B,256,1.5,2,168,x,169,0.00018298156,22872.695,0.96787405,0.96787405,True
9B,256,1.5,2,169,x,170,0.0001813694,22671.174,0.9628216,0.9628216,True
9B,256,1.5,2,170,x,171,0.00017978076,22472.596,0.8321129,0.8321129,False
9B,256,1.5,2,171,x,172,0.0001782152,22276.9,0.964605,0.964605,True
9B,256,1.5,2,172,x,173,0.0001766722,22084.025,0.9648634,0.9648634,True
9B,256,1.5,2,173,x,174,0.00017515136,21893.92,0.9674649,0.9674649,True
9B,256,1.5,2,174,x,175,0.00017365221,21706.525,0.42965347,0.00052510947,False
9B,256,1.5,2,175,x,176,0.00017217432,21521.79,0.96841764,0.96841764,True
9B,256,1.5,2,176,x,177,0.00017071728,21339.66,0.9640511,0.9640511,True
9B,256,1.5,2,177,x,178,0.00016928067,21160.084,0.9663017,0.9663017,True
9B,256,1.5,2,178,x,179,0.0001678641,20983.012,0.96803594,0.96803594,True
9B,256,1.5,2,179,x,180,0.00016646717,20808.396,0.96595246,0.96595246,True
9B,256,1.5,2,180,x,181,0.00016508953,20636.191,0.9668273,0.9668273,True
9B,256,1.5,2,181,x,182,0.00016373077,20466.346,0.965621,0.965621,True
9B,256,1.5,2,182,x,183,0.00016239056,20298.82,0.96677625,0.96677625,True
9B,256,1.5,2,183,x,184,0.00016106851,20133.564,0.96425986,0.96425986,True
9B,256,1.5,2,184,x,185,0.00015976431,19970.54,0.9667083,0.9667083,True
9B,256,1.5,2,185,x,186,0.00015847762,19809.703,0.9629148,0.9629148,True
9B,256,1.5,2,186,x,187,0.00015720812,19651.016,0.9638516,0.9638516,True
9B,256,1.5,2,187,x,188,0.00015595547,19494.434,0.589182,0.00034490414,False
9B,256,1.5,2,188,x,189,0.00015471935,19339.92,0.9656672,0.9656672,True
9B,256,1.5,2,189,x,190,0.0001534995,19187.438,0.96647835,0.96647835,True
9B,256,1.5,2,190,x,191,0.00015229559,19036.95,0.9525653,0.9525653,True
9B,256,1.5,2,191,x,192,0.00015110734,18888.416,0.9407253,0.9407253,True
9B,256,1.5,2,192,x,193,0.00014993445,18741.807,0.96690416,0.96690416,True
9B,256,1.5,2,193,x,194,0.00014877664,18597.08,0.9623733,0.9623733,True
9B,256,1.5,2,194,x,195,0.00014763368,18454.209,0.93646085,0.93646085,True
9B,256,1.5,2,195,x,196,0.00014650528,18313.16,0.9461132,0.9461132,True
9B,256,1.5,2,196,x,197,0.00014539117,18173.896,0.96453583,0.96453583,True
9B,256,1.5,2,197,x,198,0.00014429112,18036.389,0.96546227,0.96546227,True
9B,256,1.5,2,198,x,199,0.00014320486,17900.607,0.96831894,0.96831894,True
9B,256,1.5,2,199,x,200,0.00014213216,17766.521,0.9653674,0.9653674,True
9B,256,1.5,2,200,x,201,0.0001410728,17634.1,0.5183788,0.0009899922,False
9B,256,1.5,2,201,x,202,0.00014002652,17503.314,0.94282675,0.94282675,True
9B,256,1.5,2,202,x,203,0.00013899313,17374.14,0.6076851,0.0002855977,False
9B,256,1.5,2,203,x,204,0.00013797237,17246.547,0.96528506,0.96528506,True
9B,256,1.5,2,204,x,205,0.00013696405,17120.506,0.93987554,0.93987554,True
9B,256,1.5,2,205,x,206,0.00013596796,16995.994,0.9545856,0.9545856,True
9B,256,1.5,2,206,x,207,0.00013498386,16872.982,0.9620534,0.9620534,True
9B,256,1.5,2,207,x,208,0.0001340116,16751.45,0.66288763,0.04338909,False
9B,256,1.5,2,208,x,209,0.00013305094,16631.367,0.32490772,0.00049919635,False
9B,256,1.5,2,209,x,210,0.0001321017,16512.713,0.97229916,0.97229916,True
9B,256,1.5,2,210,x,211,0.0001311637,16395.463,0.95610136,0.95610136,True
9B,256,1.5,2,211,x,212,0.00013023676,16279.595,0.6084802,5.8341306e-05,False
9B,256,1.5,2,212,x,213,0.00012932067,16165.084,0.78919256,0.78919256,False
9B,256,1.5,2,213,x,214,0.00012841528,16051.91,0.9562103,0.9562103,True
9B,256,1.5,2,214,x,215,0.0001275204,15940.05,0.6173992,0.00032672472,False
9B,256,1.5,2,215,x,216,0.00012663587,15829.484,0.9640168,0.9640168,True
9B,256,1.5,2,216,x,217,0.00012576151,15720.188,0.9687531,0.9687531,True
9B,256,1.5,2,217,x,218,0.00012489718,15612.147,0.40536407,0.0024942327,False
9B,256,1.5,2,218,x,219,0.0001240427,15505.337,0.9541865,0.9541865,True
9B,256,1.5,2,219,x,220,0.00012319791,15399.739,0.65682757,0.00045175757,False
9B,256,1.5,2,220,x,221,0.00012236268,15295.334,0.5537355,0.00013405271,False
9B,256,1.5,2,221,x,222,0.00012153684,15192.1045,0.9376451,0.9376451,True
9B,256,1.5,2,222,x,223,0.00012072023,15090.028,0.9611239,0.9611239,True
9B,256,1.5,2,223,x,224,0.000119912744,14989.093,0.9687991,0.9687991,True
9B,256,1.5,2,224,x,225,0.000119114215,14889.276,0.88193846,0.88193846,False
9B,256,1.5,2,225,x,226,0.00011832451,14790.563,0.91894805,0.91894805,True
9B,256,1.5,2,226,x,227,0.000117543495,14692.937,0.929391,0.929391,True
9B,256,1.5,2,227,x,228,0.000116771036,14596.38,0.90993863,0.90993863,True
9B,256,1.5,2,228,x,229,0.00011600699,14500.873,0.6356313,6.540492e-05,False
9B,256,1.5,2,229,x,230,0.00011525125,14406.406,0.9188398,0.9188398,True
9B,256,1.5,2,230,x,231,0.00011450367,14312.959,0.95580554,0.95580554,True
9B,256,1.5,2,231,x,232,0.000113764145,14220.519,0.64898443,9.7448006e-05,False
9B,256,1.5,2,232,x,233,0.00011303254,14129.067,0.9803959,0.9803959,True
9B,256,1.5,2,233,x,234,0.00011230876,14038.595,0.96444046,0.96444046,True
9B,256,1.5,2,234,x,235,0.00011159264,13949.08,0.5316216,0.3554433,False
9B,256,1.5,2,235,x,236,0.000110884124,13860.516,0.6830816,0.5398301,False
9B,256,1.5,2,236,x,237,0.000110183064,13772.883,0.96611,0.96611,True
9B,256,1.5,2,237,x,238,0.000109489374,13686.172,0.3419095,0.3419095,False
9B,256,1.5,2,238,x,239,0.00010880292,13600.364,0.61582685,0.00021293107,False
9B,256,1.5,2,239,x,240,0.000108123604,13515.45,0.9496377,0.9496377,True
9B,256,1.5,2,240,x,241,0.00010745134,13431.418,0.6987513,0.00033365563,False
9B,256,1.5,2,241,x,242,0.00010678601,13348.251,0.9452764,0.9452764,True
9B,256,1.5,2,242,x,243,0.0001061275,13265.9375,0.37840688,0.0015250035,False
9B,256,1.5,2,243,x,244,0.00010547575,13184.469,0.2790658,0.0014375239,False
9B,256,1.5,2,244,x,245,0.000104830644,13103.83,0.7957989,0.7957989,False
9B,256,1.5,2,245,x,246,0.000104192084,13024.011,0.9657483,0.9657483,True
9B,256,1.5,2,246,x,247,0.00010355998,12944.997,0.9417889,0.9417889,True
9B,256,1.5,2,247,x,248,0.00010293423,12866.779,0.2895218,0.0017944877,False
9B,256,1.5,2,248,x,249,0.00010231478,12789.348,0.6544492,0.6544492,False
9B,256,1.5,2,249,x,250,0.0001017015,12712.6875,0.4988102,0.00826953,False
9B,256,1.5,2,250,x,251,0.00010109433,12636.791,0.96337974,0.96337974,True
9B,256,1.5,2,251,x,252,0.00010049317,12561.646,0.96705306,0.96705306,True
9B,256,1.5,2,252,x,253,9.989795e-05,12487.244,0.8152076,0.8152076,False
9B,256,1.5,2,253,x,254,9.930859e-05,12413.574,0.37959832,0.009150747,False
9B,256,1.5,2,254,x,255,9.872499e-05,12340.623,0.110116094,0.0011518057,False
9B,256,1.5,2,255,x,256,9.814709e-05,12268.386,0.09016792,0.00077195093,False
9B,256,1.5,2,256,y,1,0.40201047,50251308.0,0.9752834,0.9752834,True
9B,256,1.5,2,257,y,2,0.14213216,17766520.0,0.9884254,0.9884254,True
9B,256,1.5,2,258,y,3,0.077366956,9670869.0,0.96870756,0.96870756,True
9B,256,1.5,2,259,y,4,0.05025131,6281413.5,0.9701218,0.9701218,True
9B,256,1.5,2,260,y,5,0.03595691,4494614.0,0.96845627,0.96845627,True
9B,256,1.5,2,261,y,6,0.02735335,3419168.8,0.9685604,0.9685604,True
9B,256,1.5,2,262,y,7,0.021706525,2713315.8,0.96777475,0.96777475,True
9B,256,1.5,2,263,y,8,0.01776652,2220815.0,0.96910733,0.96910733,True
9B,256,1.5,2,264,y,9,0.0148892775,1861159.8,0.9667494,0.9667494,True
9B,256,1.5,2,265,y,10,0.012712687,1589085.9,0.966294,0.966294,True
9B,256,1.5,2,266,y,11,0.011019156,1377394.5,0.96768427,0.96768427,True
9B,256,1.5,2,267,y,12,0.009670869,1208858.6,0.9670122,0.9670122,True
9B,256,1.5,2,268,y,13,0.008576742,1072092.8,0.9675869,0.9675869,True
9B,256,1.5,2,269,y,14,0.0076744156,959301.94,0.96841276,0.96841276,True
9B,256,1.5,2,270,y,15,0.0069199107,864988.8,0.96726483,0.96726483,True
9B,256,1.5,2,271,y,16,0.0062814136,785176.7,0.96849036,0.96849036,True
9B,256,1.5,2,272,y,17,0.0057354034,716925.44,0.96844816,0.96844816,True
9B,256,1.5,2,273,y,18,0.0052641546,658019.3,0.9664885,0.9664885,True
9B,256,1.5,2,274,y,19,0.0048540807,606760.06,0.96723247,0.96723247,True
9B,256,1.5,2,275,y,20,0.004494614,561826.75,0.96580553,0.96580553,True
9B,256,1.5,2,276,y,21,0.004177423,522177.9,0.966249,0.966249,True
9B,256,1.5,2,277,y,22,0.00389586,486982.5,0.96627307,0.96627307,True
9B,256,1.5,2,278,y,23,0.0036445644,455570.56,0.96569395,0.96569395,True
9B,256,1.5,2,279,y,24,0.0034191688,427396.1,0.9673703,0.9673703,True
9B,256,1.5,2,280,y,25,0.003216084,402010.5,0.9657422,0.9657422,True
9B,256,1.5,2,281,y,26,0.0030323362,379042.03,0.96630096,0.96630096,True
9B,256,1.5,2,282,y,27,0.0028654425,358180.3,0.96771365,0.96771365,True
9B,256,1.5,2,283,y,28,0.0027133157,339164.47,0.96745324,0.96745324,True
9B,256,1.5,2,284,y,29,0.0025741886,321773.6,0.9665885,0.9665885,True
9B,256,1.5,2,285,y,30,0.0024465579,305819.72,0.9659669,0.9659669,True
9B,256,1.5,2,286,y,31,0.002329136,291142.0,0.96667266,0.96667266,True
9B,256,1.5,2,287,y,32,0.002220815,277601.88,0.96635723,0.96635723,True
9B,256,1.5,2,288,y,33,0.0021206376,265079.7,0.96737444,0.96737444,True
9B,256,1.5,2,289,y,34,0.0020277714,253471.42,0.9671297,0.9671297,True
9B,256,1.5,2,290,y,35,0.0019414907,242686.33,0.9670361,0.9670361,True
9B,256,1.5,2,291,y,36,0.0018611597,232644.97,0.9666918,0.9666918,True
9B,256,1.5,2,292,y,37,0.0017862193,223277.4,0.96516335,0.96516335,True
9B,256,1.5,2,293,y,38,0.0017161766,214522.08,0.9665543,0.9665543,True
9B,256,1.5,2,294,y,39,0.0016505948,206324.34,0.9663472,0.9663472,True
9B,256,1.5,2,295,y,40,0.0015890859,198635.73,0.96646595,0.96646595,True
9B,256,1.5,2,296,y,41,0.0015313046,191413.06,0.9642067,0.9642067,True
9B,256,1.5,2,297,y,42,0.001476942,184617.75,0.96817946,0.96817946,True
9B,256,1.5,2,298,y,43,0.0014257216,178215.2,0.9666058,0.9666058,True
9B,256,1.5,2,299,y,44,0.0013773945,172174.31,0.96659195,0.96659195,True
9B,256,1.5,2,300,y,45,0.0013317374,166467.17,0.9666604,0.9666604,True
9B,256,1.5,2,301,y,46,0.0012885481,161068.52,0.967768,0.967768,True
9B,256,1.5,2,302,y,47,0.0012476437,155955.47,0.9674306,0.9674306,True
9B,256,1.5,2,303,y,48,0.0012088587,151107.33,0.9667663,0.9667663,True
9B,256,1.5,2,304,y,49,0.0011720422,146505.28,0.9664338,0.9664338,True
9B,256,1.5,2,305,y,50,0.0011370573,142132.17,0.9661145,0.9661145,True
9B,256,1.5,2,306,y,51,0.001103779,137972.38,0.96705294,0.96705294,True
9B,256,1.5,2,307,y,52,0.0010720928,134011.6,0.9659316,0.9659316,True
9B,256,1.5,2,308,y,53,0.0010418941,130236.76,0.96788085,0.96788085,True
9B,256,1.5,2,309,y,54,0.001013087,126635.875,0.9658612,0.9658612,True
9B,256,1.5,2,310,y,55,0.0009855833,123197.914,0.96537733,0.96537733,True
9B,256,1.5,2,311,y,56,0.00095930195,119912.74,0.966517,0.966517,True
9B,256,1.5,2,312,y,57,0.0009341683,116771.04,0.96707857,0.96707857,True
9B,256,1.5,2,313,y,58,0.00091011316,113764.15,0.9657261,0.9657261,True
9B,256,1.5,2,314,y,59,0.000887073,110884.125,0.9664935,0.9664935,True
9B,256,1.5,2,315,y,60,0.00086498883,108123.6,0.9661429,0.9661429,True
9B,256,1.5,2,316,y,61,0.000843806,105475.75,0.96711504,0.96711504,True
9B,256,1.5,2,317,y,62,0.00082347385,102934.234,0.9658407,0.9658407,True
9B,256,1.5,2,318,y,63,0.00080394535,100493.17,0.96723896,0.96723896,True
9B,256,1.5,2,319,y,64,0.0007851767,98147.086,0.9669618,0.9669618,True
9B,256,1.5,2,320,y,65,0.0007671271,95890.88,0.9658464,0.9658464,True
9B,256,1.5,2,321,y,66,0.0007497586,93719.83,0.96625936,0.96625936,True
9B,256,1.5,2,322,y,67,0.0007330358,91629.48,0.9659654,0.9659654,True
9B,256,1.5,2,323,y,68,0.0007169254,89615.68,0.96682143,0.96682143,True
9B,256,1.5,2,324,y,69,0.0007013967,87674.59,0.9651253,0.9651253,True
9B,256,1.5,2,325,y,70,0.0006864206,85802.57,0.96591073,0.96591073,True
9B,256,1.5,2,326,y,71,0.00067196996,83996.24,0.96661603,0.96661603,True
9B,256,1.5,2,327,y,72,0.00065801933,82252.414,0.96662885,0.96662885,True
9B,256,1.5,2,328,y,73,0.0006445448,80568.09,0.96640897,0.96640897,True
9B,256,1.5,2,329,y,74,0.0006315239,78940.484,0.96635973,0.96635973,True
9B,256,1.5,2,330,y,75,0.0006189356,77366.95,0.9647977,0.9647977,True
9B,256,1.5,2,331,y,76,0.0006067601,75845.01,0.96596205,0.96596205,True
9B,256,1.5,2,332,y,77,0.00059497857,74372.32,0.9670571,0.9670571,True
9B,256,1.5,2,333,y,78,0.00058357336,72946.67,0.96649575,0.96649575,True
9B,256,1.5,2,334,y,79,0.00057252805,71566.01,0.96543825,0.96543825,True
9B,256,1.5,2,335,y,80,0.00056182675,70228.34,0.9656675,0.9656675,True
9B,256,1.5,2,336,y,81,0.0005514547,68931.84,0.96688956,0.96688956,True
9B,256,1.5,2,337,y,82,0.00054139795,67674.74,0.96735084,0.96735084,True
9B,256,1.5,2,338,y,83,0.00053164316,66455.4,0.9656764,0.9656764,True
9B,256,1.5,2,339,y,84,0.0005221779,65272.24,0.9678674,0.9678674,True
9B,256,1.5,2,340,y,85,0.0005129901,64123.766,0.9663793,0.9663793,True
9B,256,1.5,2,341,y,86,0.0005040687,63008.586,0.9670992,0.9670992,True
9B,256,1.5,2,342,y,87,0.00049540284,61925.355,0.9669656,0.9669656,True
9B,256,1.5,2,343,y,88,0.0004869825,60872.812,0.9674889,0.9674889,True
9B,256,1.5,2,344,y,89,0.00047879803,59849.754,0.9672429,0.9672429,True
9B,256,1.5,2,345,y,90,0.00047084028,58855.035,0.96455705,0.96455705,True
9B,256,1.5,2,346,y,91,0.00046310056,57887.57,0.9662235,0.9662235,True
9B,256,1.5,2,347,y,92,0.00045557055,56946.32,0.9678637,0.9678637,True
9B,256,1.5,2,348,y,93,0.00044824244,56030.305,0.9673011,0.9673011,True
9B,256,1.5,2,349,y,94,0.00044110868,55138.586,0.9638127,0.9638127,True
9B,256,1.5,2,350,y,95,0.00043416218,54270.273,0.9675559,0.9675559,True
9B,256,1.5,2,351,y,96,0.0004273961,53424.51,0.96489996,0.96489996,True
9B,256,1.5,2,352,y,97,0.0004208039,52600.49,0.96824765,0.96824765,True
9B,256,1.5,2,353,y,98,0.0004143795,51797.438,0.96270037,0.96270037,True
9B,256,1.5,2,354,y,99,0.0004081169,51014.613,0.967263,0.967263,True
9B,256,1.5,2,355,y,100,0.0004020105,50251.312,0.96641284,0.96641284,True
9B,256,1.5,2,356,y,101,0.00039605485,49506.855,0.96704566,0.96704566,True
9B,256,1.5,2,357,y,102,0.0003902448,48780.598,0.96488523,0.96488523,True
9B,256,1.5,2,358,y,103,0.00038457545,48071.934,0.9680691,0.9680691,True
9B,256,1.5,2,359,y,104,0.00037904203,47380.254,0.96499944,0.96499944,True
9B,256,1.5,2,360,y,105,0.00037364004,46705.004,0.96607023,0.96607023,True
9B,256,1.5,2,361,y,106,0.0003683652,46045.65,0.96780497,0.96780497,True
9B,256,1.5,2,362,y,107,0.00036321327,45401.66,0.96718913,0.96718913,True
9B,256,1.5,2,363,y,108,0.00035818032,44772.54,0.9658097,0.9658097,True
9B,256,1.5,2,364,y,109,0.00035326256,44157.82,0.9637418,0.9637418,True
9B,256,1.5,2,365,y,110,0.00034845632,43557.04,0.9683794,0.9683794,True
9B,256,1.5,2,366,y,111,0.0003437581,42969.76,0.96638304,0.96638304,True
9B,256,1.5,2,367,y,112,0.00033916446,42395.56,0.96566546,0.96566546,True
9B,256,1.5,2,368,y,113,0.00033467225,41834.03,0.9668608,0.9668608,True
9B,256,1.5,2,369,y,114,0.00033027836,41284.793,0.96569633,0.96569633,True
9B,256,1.5,2,370,y,115,0.00032597975,40747.47,0.9658203,0.9658203,True
9B,256,1.5,2,371,y,116,0.00032177358,40221.7,0.96778834,0.96778834,True
9B,256,1.5,2,372,y,117,0.0003176571,39707.137,0.96633327,0.96633327,True
9B,256,1.5,2,373,y,118,0.00031362765,39203.457,0.96744037,0.96744037,True
9B,256,1.5,2,374,y,119,0.00030968268,38710.336,0.96576345,0.96576345,True
9B,256,1.5,2,375,y,120,0.00030581973,38227.465,0.9666817,0.9666817,True
9B,256,1.5,2,376,y,121,0.00030203644,37754.555,0.96722615,0.96722615,True
9B,256,1.5,2,377,y,122,0.00029833047,37291.31,0.9634331,0.9634331,True
9B,256,1.5,2,378,y,123,0.0002946997,36837.465,0.9660344,0.9660344,True
9B,256,1.5,2,379,y,124,0.000291142,36392.75,0.96625924,0.96625924,True
9B,256,1.5,2,380,y,125,0.0002876553,35956.914,0.969545,0.969545,True
9B,256,1.5,2,381,y,126,0.0002842376,35529.703,0.9631674,0.9631674,True
9B,256,1.5,2,382,y,127,0.0002808871,35110.887,0.9670232,0.9670232,True
9B,256,1.5,2,383,y,128,0.00027760188,34700.234,0.96634316,0.96634316,True
9B,256,1.5,2,384,y,129,0.00027438023,34297.527,0.9670081,0.9670081,True
9B,256,1.5,2,385,y,130,0.0002712204,33902.55,0.96704257,0.96704257,True
9B,256,1.5,2,386,y,131,0.00026812076,33515.094,0.96647,0.96647,True
9B,256,1.5,2,387,y,132,0.0002650797,33134.96,0.9669344,0.9669344,True
9B,256,1.5,2,388,y,133,0.00026209574,32761.967,0.965839,0.965839,True
9B,256,1.5,2,389,y,134,0.0002591673,32395.914,0.96458465,0.96458465,True
9B,256,1.5,2,390,y,135,0.000256293,32036.623,0.96636117,0.96636117,True
9B,256,1.5,2,391,y,136,0.00025347143,31683.928,0.96486557,0.96486557,True
9B,256,1.5,2,392,y,137,0.00025070127,31337.658,0.9670056,0.9670056,True
9B,256,1.5,2,393,y,138,0.0002479812,30997.65,0.965397,0.965397,True
9B,256,1.5,2,394,y,139,0.00024530996,30663.744,0.96270454,0.96270454,True
9B,256,1.5,2,395,y,140,0.00024268634,30335.791,0.96887267,0.96887267,True
9B,256,1.5,2,396,y,141,0.00024010913,30013.643,0.9701637,0.9701637,True
9B,256,1.5,2,397,y,142,0.00023757725,29697.156,0.9616256,0.9616256,True
9B,256,1.5,2,398,y,143,0.00023508954,29386.191,0.9637277,0.9637277,True
9B,256,1.5,2,399,y,144,0.00023264496,29080.621,0.9692158,0.9692158,True
9B,256,1.5,2,400,y,145,0.00023024244,28780.305,0.96771646,0.96771646,True
9B,256,1.5,2,401,y,146,0.00022788098,28485.123,0.9661254,0.9661254,True
9B,256,1.5,2,402,y,147,0.00022555962,28194.953,0.9663008,0.9663008,True
9B,256,1.5,2,403,y,148,0.00022327741,27909.676,0.9664575,0.9664575,True
9B,256,1.5,2,404,y,149,0.00022103344,27629.18,0.96331704,0.96331704,True
9B,256,1.5,2,405,y,150,0.00021882678,27353.348,0.9705969,0.9705969,True
9B,256,1.5,2,406,y,151,0.00021665661,27082.076,0.9673705,0.9673705,True
9B,256,1.5,2,407,y,152,0.00021452208,26815.26,0.9646684,0.9646684,True
9B,256,1.5,2,408,y,153,0.00021242237,26552.797,0.9664271,0.9664271,True
9B,256,1.5,2,409,y,154,0.00021035668,26294.586,0.96586597,0.96586597,True
9B,256,1.5,2,410,y,155,0.00020832426,26040.533,0.9668977,0.9668977,True
9B,256,1.5,2,411,y,156,0.00020632434,25790.543,0.96499014,0.96499014,True
9B,256,1.5,2,412,y,157,0.00020435624,25544.53,0.9671105,0.9671105,True
9B,256,1.5,2,413,y,158,0.00020241922,25302.402,0.9683114,0.9683114,True
9B,256,1.5,2,414,y,159,0.00020051262,25064.076,0.9661236,0.9661236,True
9B,256,1.5,2,415,y,160,0.00019863574,24829.467,0.9653797,0.9653797,True
9B,256,1.5,2,416,y,161,0.00019678797,24598.496,0.96382856,0.96382856,True
9B,256,1.5,2,417,y,162,0.00019496868,24371.086,0.96716416,0.96716416,True
9B,256,1.5,2,418,y,163,0.00019317724,24147.154,0.9677923,0.9677923,True
9B,256,1.5,2,419,y,164,0.00019141307,23926.633,0.96369344,0.96369344,True
9B,256,1.5,2,420,y,165,0.0001896756,23709.45,0.9686028,0.9686028,True
9B,256,1.5,2,421,y,166,0.00018796424,23495.53,0.9660547,0.9660547,True
9B,256,1.5,2,422,y,167,0.00018627847,23284.809,0.96463853,0.96463853,True
9B,256,1.5,2,423,y,168,0.00018461775,23077.219,0.96847606,0.96847606,True
9B,256,1.5,2,424,y,169,0.00018298156,22872.695,0.9708253,0.9708253,True
9B,256,1.5,2,425,y,170,0.0001813694,22671.174,0.96004105,0.96004105,True
9B,256,1.5,2,426,y,171,0.00017978076,22472.596,0.9650399,0.9650399,True
9B,256,1.5,2,427,y,172,0.0001782152,22276.9,0.97422326,0.97422326,True
9B,256,1.5,2,428,y,173,0.0001766722,22084.025,0.9616785,0.9616785,True
9B,256,1.5,2,429,y,174,0.00017515136,21893.92,0.96961236,0.96961236,True
9B,256,1.5,2,430,y,175,0.00017365221,21706.525,0.9697059,0.9697059,True
9B,256,1.5,2,431,y,176,0.00017217432,21521.79,0.96594983,0.96594983,True
9B,256,1.5,2,432,y,177,0.00017071728,21339.66,0.96504176,0.96504176,True
9B,256,1.5,2,433,y,178,0.00016928067,21160.084,0.9672204,0.9672204,True
9B,256,1.5,2,434,y,179,0.0001678641,20983.012,0.9641367,0.9641367,True
9B,256,1.5,2,435,y,180,0.00016646717,20808.396,0.97309107,0.97309107,True
9B,256,1.5,2,436,y,181,0.00016508953,20636.191,0.96813846,0.96813846,True
9B,256,1.5,2,437,y,182,0.00016373077,20466.346,0.96459687,0.96459687,True
9B,256,1.5,2,438,y,183,0.00016239056,20298.82,0.9561633,0.9561633,True
9B,256,1.5,2,439,y,184,0.00016106851,20133.564,0.97343206,0.97343206,True
9B,256,1.5,2,440,y,185,0.00015976431,19970.54,0.96644664,0.96644664,True
9B,256,1.5,2,441,y,186,0.00015847762,19809.703,0.9653839,0.9653839,True
9B,256,1.5,2,442,y,187,0.00015720812,19651.016,0.9420387,0.9420387,True
9B,256,1.5,2,443,y,188,0.00015595547,19494.434,0.9450811,0.9450811,True
9B,256,1.5,2,444,y,189,0.00015471935,19339.92,0.9686947,0.9686947,True
9B,256,1.5,2,445,y,190,0.0001534995,19187.438,0.9614783,0.9614783,True
9B,256,1.5,2,446,y,191,0.00015229559,19036.95,0.96994436,0.96994436,True
9B,256,1.5,2,447,y,192,0.00015110734,18888.416,0.95348954,0.95348954,True
9B,256,1.5,2,448,y,193,0.00014993445,18741.807,0.9669689,0.9669689,True
9B,256,1.5,2,449,y,194,0.00014877664,18597.08,0.9712328,0.9712328,True
9B,256,1.5,2,450,y,195,0.00014763368,18454.209,0.93491846,0.93491846,True
9B,256,1.5,2,451,y,196,0.00014650528,18313.16,0.8923786,0.8923786,False
9B,256,1.5,2,452,y,197,0.00014539117,18173.896,0.9661859,0.9661859,True
9B,256,1.5,2,453,y,198,0.00014429112,18036.389,0.9657923,0.9657923,True
9B,256,1.5,2,454,y,199,0.00014320486,17900.607,0.9804577,0.9804577,True
9B,256,1.5,2,455,y,200,0.00014213216,17766.521,0.9651704,0.9651704,True
9B,256,1.5,2,456,y,201,0.0001410728,17634.1,0.96715117,0.96715117,True
9B,256,1.5,2,457,y,202,0.00014002652,17503.314,0.9393757,0.9393757,True
9B,256,1.5,2,458,y,203,0.00013899313,17374.14,0.9771253,0.9771253,True
9B,256,1.5,2,459,y,204,0.00013797237,17246.547,0.7664501,0.7664501,False
9B,256,1.5,2,460,y,205,0.00013696405,17120.506,0.95886517,0.95886517,True
9B,256,1.5,2,461,y,206,0.00013596796,16995.994,0.9714753,0.9714753,True
9B,256,1.5,2,462,y,207,0.00013498386,16872.982,0.96850854,0.96850854,True
9B,256,1.5,2,463,y,208,0.0001340116,16751.45,0.9615251,0.9615251,True
9B,256,1.5,2,464,y,209,0.00013305094,16631.367,0.9699506,0.9699506,True
9B,256,1.5,2,465,y,210,0.0001321017,16512.713,0.54780746,0.00026721135,False
9B,256,1.5,2,466,y,211,0.0001311637,16395.463,0.98043597,0.98043597,True
9B,256,1.5,2,467,y,212,0.00013023676,16279.595,0.44273475,0.00041040406,False
9B,256,1.5,2,468,y,213,0.00012932067,16165.084,0.72744095,0.72744095,False
9B,256,1.5,2,469,y,214,0.00012841528,16051.91,0.9667933,0.9667933,True
9B,256,1.5,2,470,y,215,0.0001275204,15940.05,0.29375258,0.00064976513,False
9B,256,1.5,2,471,y,216,0.00012663587,15829.484,0.975924,0.975924,True
9B,256,1.5,2,472,y,217,0.00012576151,15720.188,0.9072225,0.9072225,True
9B,256,1.5,2,473,y,218,0.00012489718,15612.147,0.97036344,0.97036344,True
9B,256,1.5,2,474,y,219,0.0001240427,15505.337,0.9579272,0.9579272,True
9B,256,1.5,2,475,y,220,0.00012319791,15399.739,0.9726164,0.9726164,True
9B,256,1.5,2,476,y,221,0.00012236268,15295.334,0.9668089,0.9668089,True
9B,256,1.5,2,477,y,222,0.00012153684,15192.1045,0.36212832,0.00033066422,False
9B,256,1.5,2,478,y,223,0.00012072023,15090.028,0.9330334,0.9330334,True
9B,256,1.5,2,479,y,224,0.000119912744,14989.093,0.9241134,0.9241134,True
9B,256,1.5,2,480,y,225,0.000119114215,14889.276,0.97730887,0.97730887,True
9B,256,1.5,2,481,y,226,0.00011832451,14790.563,0.9714757,0.9714757,True
9B,256,1.5,2,482,y,227,0.000117543495,14692.937,0.9323088,0.9323088,True
9B,256,1.5,2,483,y,228,0.000116771036,14596.38,0.91654444,0.91654444,True
9B,256,1.5,2,484,y,229,0.00011600699,14500.873,0.95912033,0.95912033,True
9B,256,1.5,2,485,y,230,0.00011525125,14406.406,0.79356503,0.79356503,False
9B,256,1.5,2,486,y,231,0.00011450367,14312.959,0.88504833,0.88504833,False
9B,256,1.5,2,487,y,232,0.000113764145,14220.519,0.9411895,0.9411895,True
9B,256,1.5,2,488,y,233,0.00011303254,14129.067,0.68890524,0.68890524,False
9B,256,1.5,2,489,y,234,0.00011230876,14038.595,0.1342069,0.002311999,False
9B,256,1.5,2,490,y,235,0.00011159264,13949.08,0.97063917,0.97063917,True
9B,256,1.5,2,491,y,236,0.000110884124,13860.516,0.9001399,0.9001399,True
9B,256,1.5,2,492,y,237,0.000110183064,13772.883,0.8238661,0.8238661,False
9B,256,1.5,2,493,y,238,0.000109489374,13686.172,0.95226073,0.95226073,True
9B,256,1.5,2,494,y,239,0.00010880292,13600.364,0.9755459,0.9755459,True
9B,256,1.5,2,495,y,240,0.000108123604,13515.45,0.32647067,0.00029425044,False
9B,256,1.5,2,496,y,241,0.00010745134,13431.418,0.9561114,0.9561114,True
9B,256,1.5,2,497,y,242,0.00010678601,13348.251,0.9647982,0.9647982,True
9B,256,1.5,2,498,y,243,0.0001061275,13265.9375,0.58260477,0.000121041434,False
9B,256,1.5,2,499,y,244,0.00010547575,13184.469,0.8611865,0.8611865,False
9B,256,1.5,2,500,y,245,0.000104830644,13103.83,0.13481054,0.0036308318,False
9B,256,1.5,2,501,y,246,0.000104192084,13024.011,0.314803,0.0017517302,False
9B,256,1.5,2,502,y,247,0.00010355998,12944.997,0.95006835,0.95006835,True
9B,256,1.5,2,503,y,248,0.00010293423,12866.779,0.87861526,0.87861526,False
9B,256,1.5,2,504,y,249,0.00010231478,12789.348,0.9385619,0.9385619,True
9B,256,1.5,2,505,y,250,0.0001017015,12712.6875,0.04743868,0.0031155106,False
9B,256,1.5,2,506,y,251,0.00010109433,12636.791,0.44085073,0.0016337306,False
9B,256,1.5,2,507,y,252,0.00010049317,12561.646,0.984596,0.984596,True
9B,256,1.5,2,508,y,253,9.989795e-05,12487.244,0.16144882,0.00089249574,False
9B,256,1.5,2,509,y,254,9.930859e-05,12413.574,0.15780349,0.09114507,False
9B,256,1.5,2,510,y,255,9.872499e-05,12340.623,0.9647479,0.9647479,True
9B,256,1.5,2,511,y,256,9.814709e-05,12268.386,0.97666746,0.97666746,True
9B,256,1.5,3,0,x,1,0.40201047,50251308.0,0.9679135,0.9679135,True
9B,256,1.5,3,1,x,2,0.14213216,17766520.0,0.9886384,0.9886384,True
9B,256,1.5,3,2,x,3,0.077366956,9670869.0,0.95931315,0.95931315,True
9B,256,1.5,3,3,x,4,0.05025131,6281413.5,0.97019386,0.97019386,True
9B,256,1.5,3,4,x,5,0.03595691,4494614.0,0.9682567,0.9682567,True
9B,256,1.5,3,5,x,6,0.02735335,3419168.8,0.96835005,0.96835005,True
9B,256,1.5,3,6,x,7,0.021706525,2713315.8,0.9677483,0.9677483,True
9B,256,1.5,3,7,x,8,0.01776652,2220815.0,0.96709687,0.96709687,True
9B,256,1.5,3,8,x,9,0.0148892775,1861159.8,0.9680556,0.9680556,True
9B,256,1.5,3,9,x,10,0.012712687,1589085.9,0.9675919,0.9675919,True
9B,256,1.5,3,10,x,11,0.011019156,1377394.5,0.9660998,0.9660998,True
9B,256,1.5,3,11,x,12,0.009670869,1208858.6,0.9665754,0.9665754,True
9B,256,1.5,3,12,x,13,0.008576742,1072092.8,0.9665221,0.9665221,True
9B,256,1.5,3,13,x,14,0.0076744156,959301.94,0.96625865,0.96625865,True
9B,256,1.5,3,14,x,15,0.0069199107,864988.8,0.9648893,0.9648893,True
9B,256,1.5,3,15,x,16,0.0062814136,785176.7,0.9654807,0.9654807,True
9B,256,1.5,3,16,x,17,0.0057354034,716925.44,0.9665076,0.9665076,True
9B,256,1.5,3,17,x,18,0.0052641546,658019.3,0.9656121,0.9656121,True
9B,256,1.5,3,18,x,19,0.0048540807,606760.06,0.96532476,0.96532476,True
9B,256,1.5,3,19,x,20,0.004494614,561826.75,0.96542513,0.96542513,True
9B,256,1.5,3,20,x,21,0.004177423,522177.9,0.96610713,0.96610713,True
9B,256,1.5,3,21,x,22,0.00389586,486982.5,0.96695495,0.96695495,True
9B,256,1.5,3,22,x,23,0.0036445644,455570.56,0.9650844,0.9650844,True
9B,256,1.5,3,23,x,24,0.0034191688,427396.1,0.9657941,0.9657941,True
9B,256,1.5,3,24,x,25,0.003216084,402010.5,0.9660789,0.9660789,True
9B,256,1.5,3,25,x,26,0.0030323362,379042.03,0.96494997,0.96494997,True
9B,256,1.5,3,26,x,27,0.0028654425,358180.3,0.96632457,0.96632457,True
9B,256,1.5,3,27,x,28,0.0027133157,339164.47,0.96703935,0.96703935,True
9B,256,1.5,3,28,x,29,0.0025741886,321773.6,0.9657365,0.9657365,True
9B,256,1.5,3,29,x,30,0.0024465579,305819.72,0.9648385,0.9648385,True
9B,256,1.5,3,30,x,31,0.002329136,291142.0,0.96469694,0.96469694,True
9B,256,1.5,3,31,x,32,0.002220815,277601.88,0.9664829,0.9664829,True
9B,256,1.5,3,32,x,33,0.0021206376,265079.7,0.9658268,0.9658268,True
9B,256,1.5,3,33,x,34,0.0020277714,253471.42,0.96766573,0.96766573,True
9B,256,1.5,3,34,x,35,0.0019414907,242686.33,0.9664742,0.9664742,True
9B,256,1.5,3,35,x,36,0.0018611597,232644.97,0.96665347,0.96665347,True
9B,256,1.5,3,36,x,37,0.0017862193,223277.4,0.965469,0.965469,True
9B,256,1.5,3,37,x,38,0.0017161766,214522.08,0.96445,0.96445,True
9B,256,1.5,3,38,x,39,0.0016505948,206324.34,0.96537006,0.96537006,True
9B,256,1.5,3,39,x,40,0.0015890859,198635.73,0.9680441,0.9680441,True
9B,256,1.5,3,40,x,41,0.0015313046,191413.06,0.96626765,0.96626765,True
9B,256,1.5,3,41,x,42,0.001476942,184617.75,0.96626264,0.96626264,True
9B,256,1.5,3,42,x,43,0.0014257216,178215.2,0.96614313,0.96614313,True
9B,256,1.5,3,43,x,44,0.0013773945,172174.31,0.9641646,0.9641646,True
9B,256,1.5,3,44,x,45,0.0013317374,166467.17,0.96625507,0.96625507,True
9B,256,1.5,3,45,x,46,0.0012885481,161068.52,0.96732444,0.96732444,True
9B,256,1.5,3,46,x,47,0.0012476437,155955.47,0.96446717,0.96446717,True
9B,256,1.5,3,47,x,48,0.0012088587,151107.33,0.9650462,0.9650462,True
9B,256,1.5,3,48,x,49,0.0011720422,146505.28,0.96502995,0.96502995,True
9B,256,1.5,3,49,x,50,0.0011370573,142132.17,0.9653366,0.9653366,True
9B,256,1.5,3,50,x,51,0.001103779,137972.38,0.9654813,0.9654813,True
9B,256,1.5,3,51,x,52,0.0010720928,134011.6,0.9652788,0.9652788,True
9B,256,1.5,3,52,x,53,0.0010418941,130236.76,0.9652716,0.9652716,True
9B,256,1.5,3,53,x,54,0.001013087,126635.875,0.96632284,0.96632284,True
9B,256,1.5,3,54,x,55,0.0009855833,123197.914,0.96474874,0.96474874,True
9B,256,1.5,3,55,x,56,0.00095930195,119912.74,0.9648417,0.9648417,True
9B,256,1.5,3,56,x,57,0.0009341683,116771.04,0.963984,0.963984,True
9B,256,1.5,3,57,x,58,0.00091011316,113764.15,0.96830285,0.96830285,True
9B,256,1.5,3,58,x,59,0.000887073,110884.125,0.9656936,0.9656936,True
9B,256,1.5,3,59,x,60,0.00086498883,108123.6,0.965339,0.965339,True
9B,256,1.5,3,60,x,61,0.000843806,105475.75,0.96559155,0.96559155,True
9B,256,1.5,3,61,x,62,0.00082347385,102934.234,0.96517885,0.96517885,True
9B,256,1.5,3,62,x,63,0.00080394535,100493.17,0.96556985,0.96556985,True
9B,256,1.5,3,63,x,64,0.0007851767,98147.086,0.9637921,0.9637921,True
9B,256,1.5,3,64,x,65,0.0007671271,95890.88,0.96604484,0.96604484,True
9B,256,1.5,3,65,x,66,0.0007497586,93719.83,0.9660739,0.9660739,True
9B,256,1.5,3,66,x,67,0.0007330358,91629.48,0.9636159,0.9636159,True
9B,256,1.5,3,67,x,68,0.0007169254,89615.68,0.9675655,0.9675655,True
9B,256,1.5,3,68,x,69,0.0007013967,87674.59,0.96628594,0.96628594,True
9B,256,1.5,3,69,x,70,0.0006864206,85802.57,0.96467304,0.96467304,True
9B,256,1.5,3,70,x,71,0.00067196996,83996.24,0.9648637,0.9648637,True
9B,256,1.5,3,71,x,72,0.00065801933,82252.414,0.9657207,0.9657207,True
9B,256,1.5,3,72,x,73,0.0006445448,80568.09,0.9662385,0.9662385,True
9B,256,1.5,3,73,x,74,0.0006315239,78940.484,0.96448267,0.96448267,True
9B,256,1.5,3,74,x,75,0.0006189356,77366.95,0.96421933,0.96421933,True
9B,256,1.5,3,75,x,76,0.0006067601,75845.01,0.9665054,0.9665054,True
9B,256,1.5,3,76,x,77,0.00059497857,74372.32,0.9636421,0.9636421,True
9B,256,1.5,3,77,x,78,0.00058357336,72946.67,0.96431065,0.96431065,True
9B,256,1.5,3,78,x,79,0.00057252805,71566.01,0.96465707,0.96465707,True
9B,256,1.5,3,79,x,80,0.00056182675,70228.34,0.9657182,0.9657182,True
9B,256,1.5,3,80,x,81,0.0005514547,68931.84,0.96729755,0.96729755,True
9B,256,1.5,3,81,x,82,0.00054139795,67674.74,0.96193,0.96193,True
9B,256,1.5,3,82,x,83,0.00053164316,66455.4,0.9654933,0.9654933,True
9B,256,1.5,3,83,x,84,0.0005221779,65272.24,0.9649055,0.9649055,True
9B,256,1.5,3,84,x,85,0.0005129901,64123.766,0.96201456,0.96201456,True
9B,256,1.5,3,85,x,86,0.0005040687,63008.586,0.96760094,0.96760094,True
9B,256,1.5,3,86,x,87,0.00049540284,61925.355,0.96710575,0.96710575,True
9B,256,1.5,3,87,x,88,0.0004869825,60872.812,0.96607804,0.96607804,True
9B,256,1.5,3,88,x,89,0.00047879803,59849.754,0.96522844,0.96522844,True
9B,256,1.5,3,89,x,90,0.00047084028,58855.035,0.9646579,0.9646579,True
9B,256,1.5,3,90,x,91,0.00046310056,57887.57,0.96514106,0.96514106,True
9B,256,1.5,3,91,x,92,0.00045557055,56946.32,0.96620774,0.96620774,True
9B,256,1.5,3,92,x,93,0.00044824244,56030.305,0.96543455,0.96543455,True
9B,256,1.5,3,93,x,94,0.00044110868,55138.586,0.96512485,0.96512485,True
9B,256,1.5,3,94,x,95,0.00043416218,54270.273,0.9624789,0.9624789,True
9B,256,1.5,3,95,x,96,0.0004273961,53424.51,0.9679557,0.9679557,True
9B,256,1.5,3,96,x,97,0.0004208039,52600.49,0.9632925,0.9632925,True
9B,256,1.5,3,97,x,98,0.0004143795,51797.438,0.96767884,0.96767884,True
9B,256,1.5,3,98,x,99,0.0004081169,51014.613,0.963154,0.963154,True
9B,256,1.5,3,99,x,100,0.0004020105,50251.312,0.96705365,0.96705365,True
9B,256,1.5,3,100,x,101,0.00039605485,49506.855,0.96463335,0.96463335,True
9B,256,1.5,3,101,x,102,0.0003902448,48780.598,0.96625024,0.96625024,True
9B,256,1.5,3,102,x,103,0.00038457545,48071.934,0.9662249,0.9662249,True
9B,256,1.5,3,103,x,104,0.00037904203,47380.254,0.96461785,0.96461785,True
9B,256,1.5,3,104,x,105,0.00037364004,46705.004,0.9670353,0.9670353,True
9B,256,1.5,3,105,x,106,0.0003683652,46045.65,0.9648908,0.9648908,True
9B,256,1.5,3,106,x,107,0.00036321327,45401.66,0.846807,0.846807,False
9B,256,1.5,3,107,x,108,0.00035818032,44772.54,0.96727824,0.96727824,True
9B,256,1.5,3,108,x,109,0.00035326256,44157.82,0.6697994,0.026909579,False
9B,256,1.5,3,109,x,110,0.00034845632,43557.04,0.9814019,0.9814019,True
9B,256,1.5,3,110,x,111,0.0003437581,42969.76,0.96429086,0.96429086,True
9B,256,1.5,3,111,x,112,0.00033916446,42395.56,0.96523106,0.96523106,True
9B,256,1.5,3,112,x,113,0.00033467225,41834.03,0.9668344,0.9668344,True
9B,256,1.5,3,113,x,114,0.00033027836,41284.793,0.9643608,0.9643608,True
9B,256,1.5,3,114,x,115,0.00032597975,40747.47,0.96669185,0.96669185,True
9B,256,1.5,3,115,x,116,0.00032177358,40221.7,0.96403146,0.96403146,True
9B,256,1.5,3,116,x,117,0.0003176571,39707.137,0.9651434,0.9651434,True
9B,256,1.5,3,117,x,118,0.00031362765,39203.457,0.9639052,0.9639052,True
9B,256,1.5,3,118,x,119,0.00030968268,38710.336,0.9675249,0.9675249,True
9B,256,1.5,3,119,x,120,0.00030581973,38227.465,0.96419924,0.96419924,True
9B,256,1.5,3,120,x,121,0.00030203644,37754.555,0.96546423,0.96546423,True
9B,256,1.5,3,121,x,122,0.00029833047,37291.31,0.9666391,0.9666391,True
9B,256,1.5,3,122,x,123,0.0002946997,36837.465,0.96565163,0.96565163,True
9B,256,1.5,3,123,x,124,0.000291142,36392.75,0.96518385,0.96518385,True
9B,256,1.5,3,124,x,125,0.0002876553,35956.914,0.96834195,0.96834195,True
9B,256,1.5,3,125,x,126,0.0002842376,35529.703,0.96440387,0.96440387,True
9B,256,1.5,3,126,x,127,0.0002808871,35110.887,0.9658908,0.9658908,True
9B,256,1.5,3,127,x,128,0.00027760188,34700.234,0.9658722,0.9658722,True
9B,256,1.5,3,128,x,129,0.00027438023,34297.527,0.96695673,0.96695673,True
9B,256,1.5,3,129,x,130,0.0002712204,33902.55,0.9648925,0.9648925,True
9B,256,1.5,3,130,x,131,0.00026812076,33515.094,0.96364254,0.96364254,True
9B,256,1.5,3,131,x,132,0.0002650797,33134.96,0.96522355,0.96522355,True
9B,256,1.5,3,132,x,133,0.00026209574,32761.967,0.96673334,0.96673334,True
9B,256,1.5,3,133,x,134,0.0002591673,32395.914,0.9642981,0.9642981,True
9B,256,1.5,3,134,x,135,0.000256293,32036.623,0.9627458,0.9627458,True
9B,256,1.5,3,135,x,136,0.00025347143,31683.928,0.96493256,0.96493256,True
9B,256,1.5,3,136,x,137,0.00025070127,31337.658,0.9662219,0.9662219,True
9B,256,1.5,3,137,x,138,0.0002479812,30997.65,0.71139944,0.71139944,False
9B,256,1.5,3,138,x,139,0.00024530996,30663.744,0.96652937,0.96652937,True
9B,256,1.5,3,139,x,140,0.00024268634,30335.791,0.9632631,0.9632631,True
9B,256,1.5,3,140,x,141,0.00024010913,30013.643,0.79673,0.79673,False
9B,256,1.5,3,141,x,142,0.00023757725,29697.156,0.96980035,0.96980035,True
9B,256,1.5,3,142,x,143,0.00023508954,29386.191,0.5248773,0.0005961023,False
9B,256,1.5,3,143,x,144,0.00023264496,29080.621,0.96906817,0.96906817,True
9B,256,1.5,3,144,x,145,0.00023024244,28780.305,0.96219295,0.96219295,True
9B,256,1.5,3,145,x,146,0.00022788098,28485.123,0.96754694,0.96754694,True
9B,256,1.5,3,146,x,147,0.00022555962,28194.953,0.96492225,0.96492225,True
9B,256,1.5,3,147,x,148,0.00022327741,27909.676,0.9660814,0.9660814,True
9B,256,1.5,3,148,x,149,0.00022103344,27629.18,0.96586275,0.96586275,True
9B,256,1.5,3,149,x,150,0.00021882678,27353.348,0.9647262,0.9647262,True
9B,256,1.5,3,150,x,151,0.00021665661,27082.076,0.9620807,0.9620807,True
9B,256,1.5,3,151,x,152,0.00021452208,26815.26,0.96532285,0.96532285,True
9B,256,1.5,3,152,x,153,0.00021242237,26552.797,0.9668054,0.9668054,True
9B,256,1.5,3,153,x,154,0.00021035668,26294.586,0.9668108,0.9668108,True
9B,256,1.5,3,154,x,155,0.00020832426,26040.533,0.39933646,0.00028267875,False
9B,256,1.5,3,155,x,156,0.00020632434,25790.543,0.9679082,0.9679082,True
9B,256,1.5,3,156,x,157,0.00020435624,25544.53,0.9508091,0.9508091,True
9B,256,1.5,3,157,x,158,0.00020241922,25302.402,0.9454825,0.9454825,True
9B,256,1.5,3,158,x,159,0.00020051262,25064.076,0.96329355,0.96329355,True
9B,256,1.5,3,159,x,160,0.00019863574,24829.467,0.96791923,0.96791923,True
9B,256,1.5,3,160,x,161,0.00019678797,24598.496,0.9669066,0.9669066,True
9B,256,1.5,3,161,x,162,0.00019496868,24371.086,0.963964,0.963964,True
9B,256,1.5,3,162,x,163,0.00019317724,24147.154,0.9670235,0.9670235,True
9B,256,1.5,3,163,x,164,0.00019141307,23926.633,0.964015,0.964015,True
9B,256,1.5,3,164,x,165,0.0001896756,23709.45,0.9644155,0.9644155,True
9B,256,1.5,3,165,x,166,0.00018796424,23495.53,0.9649359,0.9649359,True
9B,256,1.5,3,166,x,167,0.00018627847,23284.809,0.96465135,0.96465135,True
9B,256,1.5,3,167,x,168,0.00018461775,23077.219,0.96799934,0.96799934,True
9B,256,1.5,3,168,x,169,0.00018298156,22872.695,0.96418804,0.96418804,True
9B,256,1.5,3,169,x,170,0.0001813694,22671.174,0.9666223,0.9666223,True
9B,256,1.5,3,170,x,171,0.00017978076,22472.596,0.9647557,0.9647557,True
9B,256,1.5,3,171,x,172,0.0001782152,22276.9,0.96541476,0.96541476,True
9B,256,1.5,3,172,x,173,0.0001766722,22084.025,0.96595955,0.96595955,True
9B,256,1.5,3,173,x,174,0.00017515136,21893.92,0.96623015,0.96623015,True
9B,256,1.5,3,174,x,175,0.00017365221,21706.525,0.9662586,0.9662586,True
9B,256,1.5,3,175,x,176,0.00017217432,21521.79,0.964447,0.964447,True
9B,256,1.5,3,176,x,177,0.00017071728,21339.66,0.96317846,0.96317846,True
9B,256,1.5,3,177,x,178,0.00016928067,21160.084,0.97267544,0.97267544,True
9B,256,1.5,3,178,x,179,0.0001678641,20983.012,0.9672185,0.9672185,True
9B,256,1.5,3,179,x,180,0.00016646717,20808.396,0.9693651,0.9693651,True
9B,256,1.5,3,180,x,181,0.00016508953,20636.191,0.9536511,0.9536511,True
9B,256,1.5,3,181,x,182,0.00016373077,20466.346,0.9660483,0.9660483,True
9B,256,1.5,3,182,x,183,0.00016239056,20298.82,0.9668668,0.9668668,True
9B,256,1.5,3,183,x,184,0.00016106851,20133.564,0.9639126,0.9639126,True
9B,256,1.5,3,184,x,185,0.00015976431,19970.54,0.97307885,0.97307885,True
9B,256,1.5,3,185,x,186,0.00015847762,19809.703,0.96373737,0.96373737,True
9B,256,1.5,3,186,x,187,0.00015720812,19651.016,0.709073,0.5811074,False
9B,256,1.5,3,187,x,188,0.00015595547,19494.434,0.96792066,0.96792066,True
9B,256,1.5,3,188,x,189,0.00015471935,19339.92,0.820445,0.820445,False
9B,256,1.5,3,189,x,190,0.0001534995,19187.438,0.9627547,0.9627547,True
9B,256,1.5,3,190,x,191,0.00015229559,19036.95,0.96479523,0.96479523,True
9B,256,1.5,3,191,x,192,0.00015110734,18888.416,0.70967686,0.70967686,False
9B,256,1.5,3,192,x,193,0.00014993445,18741.807,0.9661149,0.9661149,True
9B,256,1.5,3,193,x,194,0.00014877664,18597.08,0.96504796,0.96504796,True
9B,256,1.5,3,194,x,195,0.00014763368,18454.209,0.9283018,0.9283018,True
9B,256,1.5,3,195,x,196,0.00014650528,18313.16,0.9430474,0.9430474,True
9B,256,1.5,3,196,x,197,0.00014539117,18173.896,0.9625287,0.9625287,True
9B,256,1.5,3,197,x,198,0.00014429112,18036.389,0.9662812,0.9662812,True
9B,256,1.5,3,198,x,199,0.00014320486,17900.607,0.6647366,0.0044201296,False
9B,256,1.5,3,199,x,200,0.00014213216,17766.521,0.98593086,0.98593086,True
9B,256,1.5,3,200,x,201,0.0001410728,17634.1,0.959661,0.959661,True
9B,256,1.5,3,201,x,202,0.00014002652,17503.314,0.96995145,0.96995145,True
9B,256,1.5,3,202,x,203,0.00013899313,17374.14,0.4776981,0.010213753,False
9B,256,1.5,3,203,x,204,0.00013797237,17246.547,0.95907694,0.95907694,True
9B,256,1.5,3,204,x,205,0.00013696405,17120.506,0.96969295,0.96969295,True
9B,256,1.5,3,205,x,206,0.00013596796,16995.994,0.9648419,0.9648419,True
9B,256,1.5,3,206,x,207,0.00013498386,16872.982,0.9659568,0.9659568,True
9B,256,1.5,3,207,x,208,0.0001340116,16751.45,0.96631,0.96631,True
9B,256,1.5,3,208,x,209,0.00013305094,16631.367,0.8489616,0.8489616,False
9B,256,1.5,3,209,x,210,0.0001321017,16512.713,0.8372214,0.8372214,False
9B,256,1.5,3,210,x,211,0.0001311637,16395.463,0.9673577,0.9673577,True
9B,256,1.5,3,211,x,212,0.00013023676,16279.595,0.96938276,0.96938276,True
9B,256,1.5,3,212,x,213,0.00012932067,16165.084,0.3535183,0.0004908219,False
9B,256,1.5,3,213,x,214,0.00012841528,16051.91,0.95622677,0.95622677,True
9B,256,1.5,3,214,x,215,0.0001275204,15940.05,0.83907205,0.83907205,False
9B,256,1.5,3,215,x,216,0.00012663587,15829.484,0.9628857,0.9628857,True
9B,256,1.5,3,216,x,217,0.00012576151,15720.188,0.3346175,0.00080779195,False
9B,256,1.5,3,217,x,218,0.00012489718,15612.147,0.31633818,0.0012509637,False
9B,256,1.5,3,218,x,219,0.0001240427,15505.337,0.9578533,0.9578533,True
9B,256,1.5,3,219,x,220,0.00012319791,15399.739,0.6983788,0.0018943921,False
9B,256,1.5,3,220,x,221,0.00012236268,15295.334,0.9458188,0.9458188,True
9B,256,1.5,3,221,x,222,0.00012153684,15192.1045,0.92818785,0.92818785,True
9B,256,1.5,3,222,x,223,0.00012072023,15090.028,0.94019717,0.94019717,True
9B,256,1.5,3,223,x,224,0.000119912744,14989.093,0.9621421,0.9621421,True
9B,256,1.5,3,224,x,225,0.000119114215,14889.276,0.90643936,0.90643936,True
9B,256,1.5,3,225,x,226,0.00011832451,14790.563,0.9129174,0.9129174,True
9B,256,1.5,3,226,x,227,0.000117543495,14692.937,0.96362096,0.96362096,True
9B,256,1.5,3,227,x,228,0.000116771036,14596.38,0.724388,0.724388,False
9B,256,1.5,3,228,x,229,0.00011600699,14500.873,0.96442163,0.96442163,True
9B,256,1.5,3,229,x,230,0.00011525125,14406.406,0.96671355,0.96671355,True
9B,256,1.5,3,230,x,231,0.00011450367,14312.959,0.6255052,0.000853179,False
9B,256,1.5,3,231,x,232,0.000113764145,14220.519,0.3213729,0.0003557466,False
9B,256,1.5,3,232,x,233,0.00011303254,14129.067,0.9414768,0.9414768,True
9B,256,1.5,3,233,x,234,0.00011230876,14038.595,0.69029415,0.0008181548,False
9B,256,1.5,3,234,x,235,0.00011159264,13949.08,0.96952695,0.96952695,True
9B,256,1.5,3,235,x,236,0.000110884124,13860.516,0.62784755,0.62784755,False
9B,256,1.5,3,236,x,237,0.000110183064,13772.883,0.8138144,0.8138144,False
9B,256,1.5,3,237,x,238,0.000109489374,13686.172,0.71216166,0.71216166,False
9B,256,1.5,3,238,x,239,0.00010880292,13600.364,0.5198231,0.00037655607,False
9B,256,1.5,3,239,x,240,0.000108123604,13515.45,0.9454597,0.9454597,True
9B,256,1.5,3,240,x,241,0.00010745134,13431.418,0.9617928,0.9617928,True
9B,256,1.5,3,241,x,242,0.00010678601,13348.251,0.68496513,0.0001259353,False
9B,256,1.5,3,242,x,243,0.0001061275,13265.9375,0.28004462,0.0012094078,False
9B,256,1.5,3,243,x,244,0.00010547575,13184.469,0.97154486,0.97154486,True
9B,256,1.5,3,244,x,245,0.000104830644,13103.83,0.977743,0.977743,True
9B,256,1.5,3,245,x,246,0.000104192084,13024.011,0.3861876,0.001047574,False
9B,256,1.5,3,246,x,247,0.00010355998,12944.997,0.5968661,0.00025813654,False
9B,256,1.5,3,247,x,248,0.00010293423,12866.779,0.94950736,0.94950736,True
9B,256,1.5,3,248,x,249,0.00010231478,12789.348,0.967376,0.967376,True
9B,256,1.5,3,249,x,250,0.0001017015,12712.6875,0.96456194,0.96456194,True
9B,256,1.5,3,250,x,251,0.00010109433,12636.791,0.88733244,0.88733244,False
9B,256,1.5,3,251,x,252,0.00010049317,12561.646,0.9673284,0.9673284,True
9B,256,1.5,3,252,x,253,9.989795e-05,12487.244,0.30448726,0.00035122782,False
9B,256,1.5,3,253,x,254,9.930859e-05,12413.574,0.082282715,0.008134078,False
9B,256,1.5,3,254,x,255,9.872499e-05,12340.623,0.9333534,0.9333534,True
9B,256,1.5,3,255,x,256,9.814709e-05,12268.386,0.8305788,0.8305788,False
9B,256,1.5,3,256,y,1,0.40201047,50251308.0,0.97036767,0.97036767,True
9B,256,1.5,3,257,y,2,0.14213216,17766520.0,0.9881634,0.9881634,True
9B,256,1.5,3,258,y,3,0.077366956,9670869.0,0.9640002,0.9640002,True
9B,256,1.5,3,259,y,4,0.05025131,6281413.5,0.9673381,0.9673381,True
9B,256,1.5,3,260,y,5,0.03595691,4494614.0,0.96718705,0.96718705,True
9B,256,1.5,3,261,y,6,0.02735335,3419168.8,0.9669394,0.9669394,True
9B,256,1.5,3,262,y,7,0.021706525,2713315.8,0.9658314,0.9658314,True
9B,256,1.5,3,263,y,8,0.01776652,2220815.0,0.9673253,0.9673253,True
9B,256,1.5,3,264,y,9,0.0148892775,1861159.8,0.9675032,0.9675032,True
9B,256,1.5,3,265,y,10,0.012712687,1589085.9,0.9671464,0.9671464,True
9B,256,1.5,3,266,y,11,0.011019156,1377394.5,0.9692287,0.9692287,True
9B,256,1.5,3,267,y,12,0.009670869,1208858.6,0.96700275,0.96700275,True
9B,256,1.5,3,268,y,13,0.008576742,1072092.8,0.9656733,0.9656733,True
9B,256,1.5,3,269,y,14,0.0076744156,959301.94,0.9660057,0.9660057,True
9B,256,1.5,3,270,y,15,0.0069199107,864988.8,0.9687033,0.9687033,True
9B,256,1.5,3,271,y,16,0.0062814136,785176.7,0.9684309,0.9684309,True
9B,256,1.5,3,272,y,17,0.0057354034,716925.44,0.965924,0.965924,True
9B,256,1.5,3,273,y,18,0.0052641546,658019.3,0.96615505,0.96615505,True
9B,256,1.5,3,274,y,19,0.0048540807,606760.06,0.9651239,0.9651239,True
9B,256,1.5,3,275,y,20,0.004494614,561826.75,0.9670098,0.9670098,True
9B,256,1.5,3,276,y,21,0.004177423,522177.9,0.9655479,0.9655479,True
9B,256,1.5,3,277,y,22,0.00389586,486982.5,0.96564364,0.96564364,True
9B,256,1.5,3,278,y,23,0.0036445644,455570.56,0.96519387,0.96519387,True
9B,256,1.5,3,279,y,24,0.0034191688,427396.1,0.9664253,0.9664253,True
9B,256,1.5,3,280,y,25,0.003216084,402010.5,0.96511257,0.96511257,True
9B,256,1.5,3,281,y,26,0.0030323362,379042.03,0.96578264,0.96578264,True
9B,256,1.5,3,282,y,27,0.0028654425,358180.3,0.9681511,0.9681511,True
9B,256,1.5,3,283,y,28,0.0027133157,339164.47,0.96732044,0.96732044,True
9B,256,1.5,3,284,y,29,0.0025741886,321773.6,0.9664115,0.9664115,True
9B,256,1.5,3,285,y,30,0.0024465579,305819.72,0.96538085,0.96538085,True
9B,256,1.5,3,286,y,31,0.002329136,291142.0,0.9662865,0.9662865,True
9B,256,1.5,3,287,y,32,0.002220815,277601.88,0.9654534,0.9654534,True
9B,256,1.5,3,288,y,33,0.0021206376,265079.7,0.96670294,0.96670294,True
9B,256,1.5,3,289,y,34,0.0020277714,253471.42,0.9665066,0.9665066,True
9B,256,1.5,3,290,y,35,0.0019414907,242686.33,0.96621746,0.96621746,True
9B,256,1.5,3,291,y,36,0.0018611597,232644.97,0.9667131,0.9667131,True
9B,256,1.5,3,292,y,37,0.0017862193,223277.4,0.96377546,0.96377546,True
9B,256,1.5,3,293,y,38,0.0017161766,214522.08,0.9663358,0.9663358,True
9B,256,1.5,3,294,y,39,0.0016505948,206324.34,0.9660015,0.9660015,True
9B,256,1.5,3,295,y,40,0.0015890859,198635.73,0.96597445,0.96597445,True
9B,256,1.5,3,296,y,41,0.0015313046,191413.06,0.96428263,0.96428263,True
9B,256,1.5,3,297,y,42,0.001476942,184617.75,0.9665189,0.9665189,True
9B,256,1.5,3,298,y,43,0.0014257216,178215.2,0.9661349,0.9661349,True
9B,256,1.5,3,299,y,44,0.0013773945,172174.31,0.96608025,0.96608025,True
9B,256,1.5,3,300,y,45,0.0013317374,166467.17,0.96697974,0.96697974,True
9B,256,1.5,3,301,y,46,0.0012885481,161068.52,0.9669589,0.9669589,True
9B,256,1.5,3,302,y,47,0.0012476437,155955.47,0.9669316,0.9669316,True
9B,256,1.5,3,303,y,48,0.0012088587,151107.33,0.96624047,0.96624047,True
9B,256,1.5,3,304,y,49,0.0011720422,146505.28,0.9661012,0.9661012,True
9B,256,1.5,3,305,y,50,0.0011370573,142132.17,0.96571815,0.96571815,True
9B,256,1.5,3,306,y,51,0.001103779,137972.38,0.96609473,0.96609473,True
9B,256,1.5,3,307,y,52,0.0010720928,134011.6,0.96549404,0.96549404,True
9B,256,1.5,3,308,y,53,0.0010418941,130236.76,0.9657631,0.9657631,True
9B,256,1.5,3,309,y,54,0.001013087,126635.875,0.96550477,0.96550477,True
9B,256,1.5,3,310,y,55,0.0009855833,123197.914,0.96533483,0.96533483,True
9B,256,1.5,3,311,y,56,0.00095930195,119912.74,0.96571136,0.96571136,True
9B,256,1.5,3,312,y,57,0.0009341683,116771.04,0.96582794,0.96582794,True
9B,256,1.5,3,313,y,58,0.00091011316,113764.15,0.96534204,0.96534204,True
9B,256,1.5,3,314,y,59,0.000887073,110884.125,0.9666985,0.9666985,True
9B,256,1.5,3,315,y,60,0.00086498883,108123.6,0.9643189,0.9643189,True
9B,256,1.5,3,316,y,61,0.000843806,105475.75,0.96709406,0.96709406,True
9B,256,1.5,3,317,y,62,0.00082347385,102934.234,0.9646043,0.9646043,True
9B,256,1.5,3,318,y,63,0.00080394535,100493.17,0.96645314,0.96645314,True
9B,256,1.5,3,319,y,64,0.0007851767,98147.086,0.96708536,0.96708536,True
9B,256,1.5,3,320,y,65,0.0007671271,95890.88,0.9625631,0.9625631,True
9B,256,1.5,3,321,y,66,0.0007497586,93719.83,0.9654217,0.9654217,True
9B,256,1.5,3,322,y,67,0.0007330358,91629.48,0.9653386,0.9653386,True
9B,256,1.5,3,323,y,68,0.0007169254,89615.68,0.96475494,0.96475494,True
9B,256,1.5,3,324,y,69,0.0007013967,87674.59,0.9663954,0.9663954,True
9B,256,1.5,3,325,y,70,0.0006864206,85802.57,0.96325696,0.96325696,True
9B,256,1.5,3,326,y,71,0.00067196996,83996.24,0.96642315,0.96642315,True
9B,256,1.5,3,327,y,72,0.00065801933,82252.414,0.96553576,0.96553576,True
9B,256,1.5,3,328,y,73,0.0006445448,80568.09,0.96686745,0.96686745,True
9B,256,1.5,3,329,y,74,0.0006315239,78940.484,0.9656177,0.9656177,True
9B,256,1.5,3,330,y,75,0.0006189356,77366.95,0.96567494,0.96567494,True
9B,256,1.5,3,331,y,76,0.0006067601,75845.01,0.9621593,0.9621593,True
9B,256,1.5,3,332,y,77,0.00059497857,74372.32,0.9665383,0.9665383,True
9B,256,1.5,3,333,y,78,0.00058357336,72946.67,0.9649216,0.9649216,True
9B,256,1.5,3,334,y,79,0.00057252805,71566.01,0.9657608,0.9657608,True
9B,256,1.5,3,335,y,80,0.00056182675,70228.34,0.9638762,0.9638762,True
9B,256,1.5,3,336,y,81,0.0005514547,68931.84,0.96556306,0.96556306,True
9B,256,1.5,3,337,y,82,0.00054139795,67674.74,0.967421,0.967421,True
9B,256,1.5,3,338,y,83,0.00053164316,66455.4,0.9662727,0.9662727,True
9B,256,1.5,3,339,y,84,0.0005221779,65272.24,0.9658177,0.9658177,True
9B,256,1.5,3,340,y,85,0.0005129901,64123.766,0.9664128,0.9664128,True
9B,256,1.5,3,341,y,86,0.0005040687,63008.586,0.9668532,0.9668532,True
9B,256,1.5,3,342,y,87,0.00049540284,61925.355,0.9639943,0.9639943,True
9B,256,1.5,3,343,y,88,0.0004869825,60872.812,0.96871096,0.96871096,True
9B,256,1.5,3,344,y,89,0.00047879803,59849.754,0.9659518,0.9659518,True
9B,256,1.5,3,345,y,90,0.00047084028,58855.035,0.9650092,0.9650092,True
9B,256,1.5,3,346,y,91,0.00046310056,57887.57,0.96589375,0.96589375,True
9B,256,1.5,3,347,y,92,0.00045557055,56946.32,0.96751916,0.96751916,True
9B,256,1.5,3,348,y,93,0.00044824244,56030.305,0.96547496,0.96547496,True
9B,256,1.5,3,349,y,94,0.00044110868,55138.586,0.96476793,0.96476793,True
9B,256,1.5,3,350,y,95,0.00043416218,54270.273,0.9648931,0.9648931,True
9B,256,1.5,3,351,y,96,0.0004273961,53424.51,0.9648908,0.9648908,True
9B,256,1.5,3,352,y,97,0.0004208039,52600.49,0.9648819,0.9648819,True
9B,256,1.5,3,353,y,98,0.0004143795,51797.438,0.96496785,0.96496785,True
9B,256,1.5,3,354,y,99,0.0004081169,51014.613,0.9691056,0.9691056,True
9B,256,1.5,3,355,y,100,0.0004020105,50251.312,0.96308804,0.96308804,True
9B,256,1.5,3,356,y,101,0.00039605485,49506.855,0.96529186,0.96529186,True
9B,256,1.5,3,357,y,102,0.0003902448,48780.598,0.9648671,0.9648671,True
9B,256,1.5,3,358,y,103,0.00038457545,48071.934,0.96697325,0.96697325,True
9B,256,1.5,3,359,y,104,0.00037904203,47380.254,0.9638175,0.9638175,True
9B,256,1.5,3,360,y,105,0.00037364004,46705.004,0.9666379,0.9666379,True
9B,256,1.5,3,361,y,106,0.0003683652,46045.65,0.9641031,0.9641031,True
9B,256,1.5,3,362,y,107,0.00036321327,45401.66,0.9663584,0.9663584,True
9B,256,1.5,3,363,y,108,0.00035818032,44772.54,0.9665618,0.9665618,True
9B,256,1.5,3,364,y,109,0.00035326256,44157.82,0.96341354,0.96341354,True
9B,256,1.5,3,365,y,110,0.00034845632,43557.04,0.9672562,0.9672562,True
9B,256,1.5,3,366,y,111,0.0003437581,42969.76,0.9666945,0.9666945,True
9B,256,1.5,3,367,y,112,0.00033916446,42395.56,0.9636564,0.9636564,True
9B,256,1.5,3,368,y,113,0.00033467225,41834.03,0.9661863,0.9661863,True
9B,256,1.5,3,369,y,114,0.00033027836,41284.793,0.9658544,0.9658544,True
9B,256,1.5,3,370,y,115,0.00032597975,40747.47,0.96668786,0.96668786,True
9B,256,1.5,3,371,y,116,0.00032177358,40221.7,0.9656874,0.9656874,True
9B,256,1.5,3,372,y,117,0.0003176571,39707.137,0.9654742,0.9654742,True
9B,256,1.5,3,373,y,118,0.00031362765,39203.457,0.96559834,0.96559834,True
9B,256,1.5,3,374,y,119,0.00030968268,38710.336,0.6985898,0.0082800295,False
9B,256,1.5,3,375,y,120,0.00030581973,38227.465,0.9726075,0.9726075,True
9B,256,1.5,3,376,y,121,0.00030203644,37754.555,0.9624773,0.9624773,True
9B,256,1.5,3,377,y,122,0.00029833047,37291.31,0.96606743,0.96606743,True
9B,256,1.5,3,378,y,123,0.0002946997,36837.465,0.9650773,0.9650773,True
9B,256,1.5,3,379,y,124,0.000291142,36392.75,0.9652374,0.9652374,True
9B,256,1.5,3,380,y,125,0.0002876553,35956.914,0.9664027,0.9664027,True
9B,256,1.5,3,381,y,126,0.0002842376,35529.703,0.96465087,0.96465087,True
9B,256,1.5,3,382,y,127,0.0002808871,35110.887,0.965366,0.965366,True
9B,256,1.5,3,383,y,128,0.00027760188,34700.234,0.96706605,0.96706605,True
9B,256,1.5,3,384,y,129,0.00027438023,34297.527,0.98748356,0.98748356,True
9B,256,1.5,3,385,y,130,0.0002712204,33902.55,0.74032974,0.74032974,False
9B,256,1.5,3,386,y,131,0.00026812076,33515.094,0.96614265,0.96614265,True
9B,256,1.5,3,387,y,132,0.0002650797,33134.96,0.9659308,0.9659308,True
9B,256,1.5,3,388,y,133,0.00026209574,32761.967,0.9629215,0.9629215,True
9B,256,1.5,3,389,y,134,0.0002591673,32395.914,0.9654246,0.9654246,True
9B,256,1.5,3,390,y,135,0.000256293,32036.623,0.52226865,0.00253159,False
9B,256,1.5,3,391,y,136,0.00025347143,31683.928,0.6469849,0.0010193093,False
9B,256,1.5,3,392,y,137,0.00025070127,31337.658,0.9656609,0.9656609,True
9B,256,1.5,3,393,y,138,0.0002479812,30997.65,0.96453494,0.96453494,True
9B,256,1.5,3,394,y,139,0.00024530996,30663.744,0.96596366,0.96596366,True
9B,256,1.5,3,395,y,140,0.00024268634,30335.791,0.9627849,0.9627849,True
9B,256,1.5,3,396,y,141,0.00024010913,30013.643,0.9692106,0.9692106,True
9B,256,1.5,3,397,y,142,0.00023757725,29697.156,0.9619175,0.9619175,True
9B,256,1.5,3,398,y,143,0.00023508954,29386.191,0.9576192,0.9576192,True
9B,256,1.5,3,399,y,144,0.00023264496,29080.621,0.7068105,0.7068105,False
9B,256,1.5,3,400,y,145,0.00023024244,28780.305,0.9652155,0.9652155,True
9B,256,1.5,3,401,y,146,0.00022788098,28485.123,0.966792,0.966792,True
9B,256,1.5,3,402,y,147,0.00022555962,28194.953,0.96556526,0.96556526,True
9B,256,1.5,3,403,y,148,0.00022327741,27909.676,0.96665466,0.96665466,True
9B,256,1.5,3,404,y,149,0.00022103344,27629.18,0.74152446,0.74152446,False
9B,256,1.5,3,405,y,150,0.00021882678,27353.348,0.9922254,0.9922254,True
9B,256,1.5,3,406,y,151,0.00021665661,27082.076,0.9667873,0.96435106,True
9B,256,1.5,3,407,y,152,0.00021452208,26815.26,0.9664036,0.9664036,True
9B,256,1.5,3,408,y,153,0.00021242237,26552.797,0.9619619,0.9619619,True
9B,256,1.5,3,409,y,154,0.00021035668,26294.586,0.9685752,0.9685752,True
9B,256,1.5,3,410,y,155,0.00020832426,26040.533,0.9679246,0.9679246,True
9B,256,1.5,3,411,y,156,0.00020632434,25790.543,0.9626914,0.9626914,True
9B,256,1.5,3,412,y,157,0.00020435624,25544.53,0.96973425,0.96973425,True
9B,256,1.5,3,413,y,158,0.00020241922,25302.402,0.96460664,0.96460664,True
9B,256,1.5,3,414,y,159,0.00020051262,25064.076,0.9639493,0.9639493,True
9B,256,1.5,3,415,y,160,0.00019863574,24829.467,0.9680539,0.9680539,True
9B,256,1.5,3,416,y,161,0.00019678797,24598.496,0.97371066,0.97371066,True
9B,256,1.5,3,417,y,162,0.00019496868,24371.086,0.9605338,0.9605338,True
9B,256,1.5,3,418,y,163,0.00019317724,24147.154,0.9639038,0.9639038,True
9B,256,1.5,3,419,y,164,0.00019141307,23926.633,0.96511817,0.96511817,True
9B,256,1.5,3,420,y,165,0.0001896756,23709.45,0.96553946,0.96553946,True
9B,256,1.5,3,421,y,166,0.00018796424,23495.53,0.96487355,0.96487355,True
9B,256,1.5,3,422,y,167,0.00018627847,23284.809,0.9663364,0.9663364,True
9B,256,1.5,3,423,y,168,0.00018461775,23077.219,0.6156192,7.532537e-05,False
9B,256,1.5,3,424,y,169,0.00018298156,22872.695,0.9667984,0.9667984,True
9B,256,1.5,3,425,y,170,0.0001813694,22671.174,0.96515167,0.96515167,True
9B,256,1.5,3,426,y,171,0.00017978076,22472.596,0.96464634,0.96464634,True
9B,256,1.5,3,427,y,172,0.0001782152,22276.9,0.965696,0.965696,True
9B,256,1.5,3,428,y,173,0.0001766722,22084.025,0.967301,0.967301,True
9B,256,1.5,3,429,y,174,0.00017515136,21893.92,0.9615377,0.9615377,True
9B,256,1.5,3,430,y,175,0.00017365221,21706.525,0.967692,0.967692,True
9B,256,1.5,3,431,y,176,0.00017217432,21521.79,0.96885073,0.96885073,True
9B,256,1.5,3,432,y,177,0.00017071728,21339.66,0.7575288,0.7575288,False
9B,256,1.5,3,433,y,178,0.00016928067,21160.084,0.95625234,0.95625234,True
9B,256,1.5,3,434,y,179,0.0001678641,20983.012,0.734874,0.734874,False
9B,256,1.5,3,435,y,180,0.00016646717,20808.396,0.9623848,0.9623848,True
9B,256,1.5,3,436,y,181,0.00016508953,20636.191,0.96578944,0.96578944,True
9B,256,1.5,3,437,y,182,0.00016373077,20466.346,0.96582115,0.96582115,True
9B,256,1.5,3,438,y,183,0.00016239056,20298.82,0.9666033,0.9666033,True
9B,256,1.5,3,439,y,184,0.00016106851,20133.564,0.9651334,0.9651334,True
9B,256,1.5,3,440,y,185,0.00015976431,19970.54,0.94613475,0.94613475,True
9B,256,1.5,3,441,y,186,0.00015847762,19809.703,0.90883386,0.90883386,True
9B,256,1.5,3,442,y,187,0.00015720812,19651.016,0.91126966,0.91126966,True
9B,256,1.5,3,443,y,188,0.00015595547,19494.434,0.957217,0.957217,True
9B,256,1.5,3,444,y,189,0.00015471935,19339.92,0.96709085,0.96709085,True
9B,256,1.5,3,445,y,190,0.0001534995,19187.438,0.96145254,0.96145254,True
9B,256,1.5,3,446,y,191,0.00015229559,19036.95,0.96408904,0.96408904,True
9B,256,1.5,3,447,y,192,0.00015110734,18888.416,0.96764195,0.96764195,True
9B,256,1.5,3,448,y,193,0.00014993445,18741.807,0.73998255,0.73998255,False
9B,256,1.5,3,449,y,194,0.00014877664,18597.08,0.9621782,0.9621782,True
9B,256,1.5,3,450,y,195,0.00014763368,18454.209,0.9498774,0.9498774,True
9B,256,1.5,3,451,y,196,0.00014650528,18313.16,0.96755725,0.96755725,True
9B,256,1.5,3,452,y,197,0.00014539117,18173.896,0.96503377,0.96503377,True
9B,256,1.5,3,453,y,198,0.00014429112,18036.389,0.96594465,0.96594465,True
9B,256,1.5,3,454,y,199,0.00014320486,17900.607,0.9711616,0.9711616,True
9B,256,1.5,3,455,y,200,0.00014213216,17766.521,0.9637377,0.9637377,True
9B,256,1.5,3,456,y,201,0.0001410728,17634.1,0.96960855,0.96960855,True
9B,256,1.5,3,457,y,202,0.00014002652,17503.314,0.6689464,0.00044195354,False
9B,256,1.5,3,458,y,203,0.00013899313,17374.14,0.9352213,0.9352213,True
9B,256,1.5,3,459,y,204,0.00013797237,17246.547,0.9453682,0.9453682,True
9B,256,1.5,3,460,y,205,0.00013696405,17120.506,0.96957624,0.96957624,True
9B,256,1.5,3,461,y,206,0.00013596796,16995.994,0.9613895,0.9613895,True
9B,256,1.5,3,462,y,207,0.00013498386,16872.982,0.93951476,0.93951476,True
9B,256,1.5,3,463,y,208,0.0001340116,16751.45,0.94191664,0.94191664,True
9B,256,1.5,3,464,y,209,0.00013305094,16631.367,0.67993104,0.00017831102,False
9B,256,1.5,3,465,y,210,0.0001321017,16512.713,0.9613693,0.9613693,True
9B,256,1.5,3,466,y,211,0.0001311637,16395.463,0.96595514,0.96595514,True
9B,256,1.5,3,467,y,212,0.00013023676,16279.595,0.96165895,0.96165895,True
9B,256,1.5,3,468,y,213,0.00012932067,16165.084,0.93371284,0.93371284,True
9B,256,1.5,3,469,y,214,0.00012841528,16051.91,0.9494695,0.9494695,True
9B,256,1.5,3,470,y,215,0.0001275204,15940.05,0.7287612,0.7287612,False
9B,256,1.5,3,471,y,216,0.00012663587,15829.484,0.96165365,0.96165365,True
9B,256,1.5,3,472,y,217,0.00012576151,15720.188,0.9388522,0.9388522,True
9B,256,1.5,3,473,y,218,0.00012489718,15612.147,0.93735576,0.93735576,True
9B,256,1.5,3,474,y,219,0.0001240427,15505.337,0.96763927,0.96763927,True
9B,256,1.5,3,475,y,220,0.00012319791,15399.739,0.9776478,0.9776478,True
9B,256,1.5,3,476,y,221,0.00012236268,15295.334,0.9657025,0.9657025,True
9B,256,1.5,3,477,y,222,0.00012153684,15192.1045,0.9661992,0.9661992,True
9B,256,1.5,3,478,y,223,0.00012072023,15090.028,0.9660352,0.9660352,True
9B,256,1.5,3,479,y,224,0.000119912744,14989.093,0.85399044,0.85399044,False
9B,256,1.5,3,480,y,225,0.000119114215,14889.276,0.6675205,0.0013656094,False
9B,256,1.5,3,481,y,226,0.00011832451,14790.563,0.9583068,0.9583068,True
9B,256,1.5,3,482,y,227,0.000117543495,14692.937,0.9661924,0.9661924,True
9B,256,1.5,3,483,y,228,0.000116771036,14596.38,0.35133296,0.00037209783,False
9B,256,1.5,3,484,y,229,0.00011600699,14500.873,0.017621666,0.009578252,False
9B,256,1.5,3,485,y,230,0.00011525125,14406.406,0.53026736,0.009224553,False
9B,256,1.5,3,486,y,231,0.00011450367,14312.959,0.30877927,0.0022612512,False
9B,256,1.5,3,487,y,232,0.000113764145,14220.519,0.31274968,0.00048919395,False
9B,256,1.5,3,488,y,233,0.00011303254,14129.067,0.7772683,0.7772683,False
9B,256,1.5,3,489,y,234,0.00011230876,14038.595,0.8680149,0.8680149,False
9B,256,1.5,3,490,y,235,0.00011159264,13949.08,0.9265863,0.9265863,True
9B,256,1.5,3,491,y,236,0.000110884124,13860.516,0.7708437,0.7708437,False
9B,256,1.5,3,492,y,237,0.000110183064,13772.883,0.33993512,0.00094965287,False
9B,256,1.5,3,493,y,238,0.000109489374,13686.172,0.011980671,0.0019725934,False
9B,256,1.5,3,494,y,239,0.00010880292,13600.364,0.306994,0.306994,False
9B,256,1.5,3,495,y,240,0.000108123604,13515.45,0.31216654,0.0014574109,False
9B,256,1.5,3,496,y,241,0.00010745134,13431.418,0.93384767,0.93384767,True
9B,256,1.5,3,497,y,242,0.00010678601,13348.251,0.9247969,0.9247969,True
9B,256,1.5,3,498,y,243,0.0001061275,13265.9375,0.31545708,0.0011900663,False
9B,256,1.5,3,499,y,244,0.00010547575,13184.469,0.020057125,0.020057125,False
9B,256,1.5,3,500,y,245,0.000104830644,13103.83,0.324585,0.0013632253,False
9B,256,1.5,3,501,y,246,0.000104192084,13024.011,0.5752058,0.3078254,False
9B,256,1.5,3,502,y,247,0.00010355998,12944.997,0.034649856,0.034649856,False
9B,256,1.5,3,503,y,248,0.00010293423,12866.779,0.77416867,0.77416867,False
9B,256,1.5,3,504,y,249,0.00010231478,12789.348,0.83193135,0.83193135,False
9B,256,1.5,3,505,y,250,0.0001017015,12712.6875,0.8754641,0.8754641,False
9B,256,1.5,3,506,y,251,0.00010109433,12636.791,0.96728235,0.96728235,True
9B,256,1.5,3,507,y,252,0.00010049317,12561.646,0.39050716,0.0003704168,False
9B,256,1.5,3,508,y,253,9.989795e-05,12487.244,0.44868988,0.0015182719,False
9B,256,1.5,3,509,y,254,9.930859e-05,12413.574,0.6430969,0.6430969,False
9B,256,1.5,3,510,y,255,9.872499e-05,12340.623,0.42775458,0.0034684315,False
9B,256,1.5,3,511,y,256,9.814709e-05,12268.386,0.80591744,0.80591744,False
9B,256,1.5,4,0,x,1,0.40201047,50251308.0,0.97606266,0.97606266,True
9B,256,1.5,4,1,x,2,0.14213216,17766520.0,0.98810124,0.98810124,True
9B,256,1.5,4,2,x,3,0.077366956,9670869.0,0.962199,0.962199,True
9B,256,1.5,4,3,x,4,0.05025131,6281413.5,0.9683753,0.9683753,True
9B,256,1.5,4,4,x,5,0.03595691,4494614.0,0.9670645,0.9670645,True
9B,256,1.5,4,5,x,6,0.02735335,3419168.8,0.96623194,0.96623194,True
9B,256,1.5,4,6,x,7,0.021706525,2713315.8,0.9670394,0.9670394,True
9B,256,1.5,4,7,x,8,0.01776652,2220815.0,0.966311,0.966311,True
9B,256,1.5,4,8,x,9,0.0148892775,1861159.8,0.9685674,0.9685674,True
9B,256,1.5,4,9,x,10,0.012712687,1589085.9,0.9663197,0.9663197,True
9B,256,1.5,4,10,x,11,0.011019156,1377394.5,0.96500343,0.96500343,True
9B,256,1.5,4,11,x,12,0.009670869,1208858.6,0.96778226,0.96778226,True
9B,256,1.5,4,12,x,13,0.008576742,1072092.8,0.9684652,0.9684652,True
9B,256,1.5,4,13,x,14,0.0076744156,959301.94,0.9654487,0.9654487,True
9B,256,1.5,4,14,x,15,0.0069199107,864988.8,0.96511656,0.96511656,True
9B,256,1.5,4,15,x,16,0.0062814136,785176.7,0.9649062,0.9649062,True
9B,256,1.5,4,16,x,17,0.0057354034,716925.44,0.9672419,0.9672419,True
9B,256,1.5,4,17,x,18,0.0052641546,658019.3,0.9658282,0.9658282,True
9B,256,1.5,4,18,x,19,0.0048540807,606760.06,0.96594536,0.96594536,True
9B,256,1.5,4,19,x,20,0.004494614,561826.75,0.96537054,0.96537054,True
9B,256,1.5,4,20,x,21,0.004177423,522177.9,0.96675575,0.96675575,True
9B,256,1.5,4,21,x,22,0.00389586,486982.5,0.9669476,0.9669476,True
9B,256,1.5,4,22,x,23,0.0036445644,455570.56,0.9662931,0.9662931,True
9B,256,1.5,4,23,x,24,0.0034191688,427396.1,0.9678308,0.9678308,True
9B,256,1.5,4,24,x,25,0.003216084,402010.5,0.9667365,0.9667365,True
9B,256,1.5,4,25,x,26,0.0030323362,379042.03,0.9650328,0.9650328,True
9B,256,1.5,4,26,x,27,0.0028654425,358180.3,0.96693826,0.96693826,True
9B,256,1.5,4,27,x,28,0.0027133157,339164.47,0.9666996,0.9666996,True
9B,256,1.5,4,28,x,29,0.0025741886,321773.6,0.9657841,0.9657841,True
9B,256,1.5,4,29,x,30,0.0024465579,305819.72,0.96503115,0.96503115,True
9B,256,1.5,4,30,x,31,0.002329136,291142.0,0.96648407,0.96648407,True
9B,256,1.5,4,31,x,32,0.002220815,277601.88,0.9662701,0.9662701,True
9B,256,1.5,4,32,x,33,0.0021206376,265079.7,0.9664687,0.9664687,True
9B,256,1.5,4,33,x,34,0.0020277714,253471.42,0.96806574,0.96806574,True
9B,256,1.5,4,34,x,35,0.0019414907,242686.33,0.96714747,0.96714747,True
9B,256,1.5,4,35,x,36,0.0018611597,232644.97,0.9666833,0.9666833,True
9B,256,1.5,4,36,x,37,0.0017862193,223277.4,0.96588826,0.96588826,True
9B,256,1.5,4,37,x,38,0.0017161766,214522.08,0.9650955,0.9650955,True
9B,256,1.5,4,38,x,39,0.0016505948,206324.34,0.9658182,0.9658182,True
9B,256,1.5,4,39,x,40,0.0015890859,198635.73,0.96832126,0.96832126,True
9B,256,1.5,4,40,x,41,0.0015313046,191413.06,0.9664734,0.9664734,True
9B,256,1.5,4,41,x,42,0.001476942,184617.75,0.9654948,0.9654948,True
9B,256,1.5,4,42,x,43,0.0014257216,178215.2,0.96585506,0.96585506,True
9B,256,1.5,4,43,x,44,0.0013773945,172174.31,0.96477616,0.96477616,True
9B,256,1.5,4,44,x,45,0.0013317374,166467.17,0.967358,0.967358,True
9B,256,1.5,4,45,x,46,0.0012885481,161068.52,0.966879,0.966879,True
9B,256,1.5,4,46,x,47,0.0012476437,155955.47,0.9657235,0.9657235,True
9B,256,1.5,4,47,x,48,0.0012088587,151107.33,0.96508455,0.96508455,True
9B,256,1.5,4,48,x,49,0.0011720422,146505.28,0.96563846,0.96563846,True
9B,256,1.5,4,49,x,50,0.0011370573,142132.17,0.9632968,0.9632968,True
9B,256,1.5,4,50,x,51,0.001103779,137972.38,0.9645138,0.9645138,True
9B,256,1.5,4,51,x,52,0.0010720928,134011.6,0.96665055,0.96665055,True
9B,256,1.5,4,52,x,53,0.0010418941,130236.76,0.9644573,0.9644573,True
9B,256,1.5,4,53,x,54,0.001013087,126635.875,0.96639895,0.96639895,True
9B,256,1.5,4,54,x,55,0.0009855833,123197.914,0.96555245,0.96555245,True
9B,256,1.5,4,55,x,56,0.00095930195,119912.74,0.96311754,0.96311754,True
9B,256,1.5,4,56,x,57,0.0009341683,116771.04,0.96397793,0.96397793,True
9B,256,1.5,4,57,x,58,0.00091011316,113764.15,0.96834993,0.96834993,True
9B,256,1.5,4,58,x,59,0.000887073,110884.125,0.9670749,0.9670749,True
9B,256,1.5,4,59,x,60,0.00086498883,108123.6,0.96402544,0.96402544,True
9B,256,1.5,4,60,x,61,0.000843806,105475.75,0.966164,0.966164,True
9B,256,1.5,4,61,x,62,0.00082347385,102934.234,0.9645911,0.9645911,True
9B,256,1.5,4,62,x,63,0.00080394535,100493.17,0.9649608,0.9649608,True
9B,256,1.5,4,63,x,64,0.0007851767,98147.086,0.96550786,0.96550786,True
9B,256,1.5,4,64,x,65,0.0007671271,95890.88,0.9648719,0.9648719,True
9B,256,1.5,4,65,x,66,0.0007497586,93719.83,0.9662545,0.9662545,True
9B,256,1.5,4,66,x,67,0.0007330358,91629.48,0.96550953,0.96550953,True
9B,256,1.5,4,67,x,68,0.0007169254,89615.68,0.9667766,0.9667766,True
9B,256,1.5,4,68,x,69,0.0007013967,87674.59,0.9660653,0.9660653,True
9B,256,1.5,4,69,x,70,0.0006864206,85802.57,0.96473557,0.96473557,True
9B,256,1.5,4,70,x,71,0.00067196996,83996.24,0.9665115,0.9665115,True
9B,256,1.5,4,71,x,72,0.00065801933,82252.414,0.9651374,0.9651374,True
9B,256,1.5,4,72,x,73,0.0006445448,80568.09,0.9663608,0.9663608,True
9B,256,1.5,4,73,x,74,0.0006315239,78940.484,0.9649483,0.9649483,True
9B,256,1.5,4,74,x,75,0.0006189356,77366.95,0.96367,0.96367,True
9B,256,1.5,4,75,x,76,0.0006067601,75845.01,0.9666421,0.9666421,True
9B,256,1.5,4,76,x,77,0.00059497857,74372.32,0.96477145,0.96477145,True
9B,256,1.5,4,77,x,78,0.00058357336,72946.67,0.964116,0.964116,True
9B,256,1.5,4,78,x,79,0.00057252805,71566.01,0.9646863,0.9646863,True
9B,256,1.5,4,79,x,80,0.00056182675,70228.34,0.9651866,0.9651866,True
9B,256,1.5,4,80,x,81,0.0005514547,68931.84,0.9666287,0.9666287,True
9B,256,1.5,4,81,x,82,0.00054139795,67674.74,0.96377057,0.96377057,True
9B,256,1.5,4,82,x,83,0.00053164316,66455.4,0.9639343,0.9639343,True
9B,256,1.5,4,83,x,84,0.0005221779,65272.24,0.9654139,0.9654139,True
9B,256,1.5,4,84,x,85,0.0005129901,64123.766,0.96046114,0.96046114,True
9B,256,1.5,4,85,x,86,0.0005040687,63008.586,0.9682121,0.9682121,True
9B,256,1.5,4,86,x,87,0.00049540284,61925.355,0.9651883,0.9651883,True
9B,256,1.5,4,87,x,88,0.0004869825,60872.812,0.96682036,0.96682036,True
9B,256,1.5,4,88,x,89,0.00047879803,59849.754,0.96609664,0.96609664,True
9B,256,1.5,4,89,x,90,0.00047084028,58855.035,0.96319205,0.96319205,True
9B,256,1.5,4,90,x,91,0.00046310056,57887.57,0.96578985,0.96578985,True
9B,256,1.5,4,91,x,92,0.00045557055,56946.32,0.9661697,0.9661697,True
9B,256,1.5,4,92,x,93,0.00044824244,56030.305,0.96496487,0.96496487,True
9B,256,1.5,4,93,x,94,0.00044110868,55138.586,0.9663358,0.9663358,True
9B,256,1.5,4,94,x,95,0.00043416218,54270.273,0.9621841,0.9621841,True
9B,256,1.5,4,95,x,96,0.0004273961,53424.51,0.96702355,0.96702355,True
9B,256,1.5,4,96,x,97,0.0004208039,52600.49,0.9663404,0.9663404,True
9B,256,1.5,4,97,x,98,0.0004143795,51797.438,0.96416664,0.96416664,True
9B,256,1.5,4,98,x,99,0.0004081169,51014.613,0.9695921,0.9695921,True
9B,256,1.5,4,99,x,100,0.0004020105,50251.312,0.82324374,0.82324374,False
9B,256,1.5,4,100,x,101,0.00039605485,49506.855,0.96622473,0.96622473,True
9B,256,1.5,4,101,x,102,0.0003902448,48780.598,0.96614575,0.96614575,True
9B,256,1.5,4,102,x,103,0.00038457545,48071.934,0.9654219,0.9654219,True
9B,256,1.5,4,103,x,104,0.00037904203,47380.254,0.9653702,0.9653702,True
9B,256,1.5,4,104,x,105,0.00037364004,46705.004,0.9702405,0.9702405,True
9B,256,1.5,4,105,x,106,0.0003683652,46045.65,0.8217683,0.8217683,False
9B,256,1.5,4,106,x,107,0.00036321327,45401.66,0.9600485,0.9600485,True
9B,256,1.5,4,107,x,108,0.00035818032,44772.54,0.9676535,0.9676535,True
9B,256,1.5,4,108,x,109,0.00035326256,44157.82,0.96432304,0.96432304,True
9B,256,1.5,4,109,x,110,0.00034845632,43557.04,0.96605116,0.96605116,True
9B,256,1.5,4,110,x,111,0.0003437581,42969.76,0.96574974,0.96574974,True
9B,256,1.5,4,111,x,112,0.00033916446,42395.56,0.9631688,0.9631688,True
9B,256,1.5,4,112,x,113,0.00033467225,41834.03,0.72112644,0.72112644,False
9B,256,1.5,4,113,x,114,0.00033027836,41284.793,0.9630481,0.9630481,True
9B,256,1.5,4,114,x,115,0.00032597975,40747.47,0.9657491,0.9657491,True
9B,256,1.5,4,115,x,116,0.00032177358,40221.7,0.96336377,0.96336377,True
9B,256,1.5,4,116,x,117,0.0003176571,39707.137,0.95655966,0.95655966,True
9B,256,1.5,4,117,x,118,0.00031362765,39203.457,0.953159,0.953159,True
9B,256,1.5,4,118,x,119,0.00030968268,38710.336,0.9651159,0.9651159,True
9B,256,1.5,4,119,x,120,0.00030581973,38227.465,0.9659856,0.9659856,True
9B,256,1.5,4,120,x,121,0.00030203644,37754.555,0.96626335,0.96626335,True
9B,256,1.5,4,121,x,122,0.00029833047,37291.31,0.96527,0.96527,True
9B,256,1.5,4,122,x,123,0.0002946997,36837.465,0.6870835,0.0054419152,False
9B,256,1.5,4,123,x,124,0.000291142,36392.75,0.95984703,0.95984703,True
9B,256,1.5,4,124,x,125,0.0002876553,35956.914,0.96532905,0.96532905,True
9B,256,1.5,4,125,x,126,0.0002842376,35529.703,0.96627855,0.96627855,True
9B,256,1.5,4,126,x,127,0.0002808871,35110.887,0.96656185,0.96656185,True
9B,256,1.5,4,127,x,128,0.00027760188,34700.234,0.9645416,0.9645416,True
9B,256,1.5,4,128,x,129,0.00027438023,34297.527,0.9638894,0.9638894,True
9B,256,1.5,4,129,x,130,0.0002712204,33902.55,0.9675181,0.9675181,True
9B,256,1.5,4,130,x,131,0.00026812076,33515.094,0.96579796,0.96579796,True
9B,256,1.5,4,131,x,132,0.0002650797,33134.96,0.96443826,0.96443826,True
9B,256,1.5,4,132,x,133,0.00026209574,32761.967,0.96703506,0.96703506,True
9B,256,1.5,4,133,x,134,0.0002591673,32395.914,0.9649015,0.9649015,True
9B,256,1.5,4,134,x,135,0.000256293,32036.623,0.96342814,0.96342814,True
9B,256,1.5,4,135,x,136,0.00025347143,31683.928,0.9665353,0.9665353,True
9B,256,1.5,4,136,x,137,0.00025070127,31337.658,0.9665906,0.9665906,True
9B,256,1.5,4,137,x,138,0.0002479812,30997.65,0.96610755,0.96610755,True
9B,256,1.5,4,138,x,139,0.00024530996,30663.744,0.9668182,0.9668182,True
9B,256,1.5,4,139,x,140,0.00024268634,30335.791,0.9627075,0.9627075,True
9B,256,1.5,4,140,x,141,0.00024010913,30013.643,0.9659166,0.9659166,True
9B,256,1.5,4,141,x,142,0.00023757725,29697.156,0.9650538,0.9650538,True
9B,256,1.5,4,142,x,143,0.00023508954,29386.191,0.96716964,0.96716964,True
9B,256,1.5,4,143,x,144,0.00023264496,29080.621,0.9636862,0.9636862,True
9B,256,1.5,4,144,x,145,0.00023024244,28780.305,0.9661814,0.9661814,True
9B,256,1.5,4,145,x,146,0.00022788098,28485.123,0.9658376,0.9658376,True
9B,256,1.5,4,146,x,147,0.00022555962,28194.953,0.9657465,0.9657465,True
9B,256,1.5,4,147,x,148,0.00022327741,27909.676,0.9648893,0.9648893,True
9B,256,1.5,4,148,x,149,0.00022103344,27629.18,0.96465254,0.96465254,True
9B,256,1.5,4,149,x,150,0.00021882678,27353.348,0.9650272,0.9650272,True
9B,256,1.5,4,150,x,151,0.00021665661,27082.076,0.96598816,0.96598816,True
9B,256,1.5,4,151,x,152,0.00021452208,26815.26,0.9627081,0.9627081,True
9B,256,1.5,4,152,x,153,0.00021242237,26552.797,0.9682791,0.9682791,True
9B,256,1.5,4,153,x,154,0.00021035668,26294.586,0.9643349,0.96427274,True
9B,256,1.5,4,154,x,155,0.00020832426,26040.533,0.9652225,0.9652225,True
9B,256,1.5,4,155,x,156,0.00020632434,25790.543,0.9653684,0.9653684,True
9B,256,1.5,4,156,x,157,0.00020435624,25544.53,0.97727644,0.97727644,True
9B,256,1.5,4,157,x,158,0.00020241922,25302.402,0.9645889,0.9645889,True
9B,256,1.5,4,158,x,159,0.00020051262,25064.076,0.96921027,0.96921027,True
9B,256,1.5,4,159,x,160,0.00019863574,24829.467,0.9652591,0.9652591,True
9B,256,1.5,4,160,x,161,0.00019678797,24598.496,0.96766746,0.96766746,True
9B,256,1.5,4,161,x,162,0.00019496868,24371.086,0.47506303,0.0002837889,False
9B,256,1.5,4,162,x,163,0.00019317724,24147.154,0.9645814,0.9645814,True
9B,256,1.5,4,163,x,164,0.00019141307,23926.633,0.9663292,0.9663292,True
9B,256,1.5,4,164,x,165,0.0001896756,23709.45,0.40705183,0.00034845248,False
9B,256,1.5,4,165,x,166,0.00018796424,23495.53,0.96555775,0.96555775,True
9B,256,1.5,4,166,x,167,0.00018627847,23284.809,0.9691075,0.9691075,True
9B,256,1.5,4,167,x,168,0.00018461775,23077.219,0.9622623,0.9622623,True
9B,256,1.5,4,168,x,169,0.00018298156,22872.695,0.9725755,0.9725755,True
9B,256,1.5,4,169,x,170,0.0001813694,22671.174,0.96715647,0.96715647,True
9B,256,1.5,4,170,x,171,0.00017978076,22472.596,0.96457386,0.96457386,True
9B,256,1.5,4,171,x,172,0.0001782152,22276.9,0.96613103,0.96613103,True
9B,256,1.5,4,172,x,173,0.0001766722,22084.025,0.9637214,0.9637214,True
9B,256,1.5,4,173,x,174,0.00017515136,21893.92,0.9678253,0.9678253,True
9B,256,1.5,4,174,x,175,0.00017365221,21706.525,0.9690247,0.9690247,True
9B,256,1.5,4,175,x,176,0.00017217432,21521.79,0.9639063,0.9639063,True
9B,256,1.5,4,176,x,177,0.00017071728,21339.66,0.9666873,0.9666873,True
9B,256,1.5,4,177,x,178,0.00016928067,21160.084,0.9581693,0.9581693,True
9B,256,1.5,4,178,x,179,0.0001678641,20983.012,0.9651954,0.9651954,True
9B,256,1.5,4,179,x,180,0.00016646717,20808.396,0.69190073,0.023615206,False
9B,256,1.5,4,180,x,181,0.00016508953,20636.191,0.9639162,0.9639162,True
9B,256,1.5,4,181,x,182,0.00016373077,20466.346,0.97232765,0.97232765,True
9B,256,1.5,4,182,x,183,0.00016239056,20298.82,0.71194196,0.71194196,False
9B,256,1.5,4,183,x,184,0.00016106851,20133.564,0.9637048,0.9637048,True
9B,256,1.5,4,184,x,185,0.00015976431,19970.54,0.94320965,0.94320965,True
9B,256,1.5,4,185,x,186,0.00015847762,19809.703,0.95387626,0.95387626,True
9B,256,1.5,4,186,x,187,0.00015720812,19651.016,0.9700899,0.9700899,True
9B,256,1.5,4,187,x,188,0.00015595547,19494.434,0.96632254,0.96632254,True
9B,256,1.5,4,188,x,189,0.00015471935,19339.92,0.9657235,0.9657235,True
9B,256,1.5,4,189,x,190,0.0001534995,19187.438,0.9644754,0.9644754,True
9B,256,1.5,4,190,x,191,0.00015229559,19036.95,0.9383267,0.9383267,True
9B,256,1.5,4,191,x,192,0.00015110734,18888.416,0.6356233,0.00061438605,False
9B,256,1.5,4,192,x,193,0.00014993445,18741.807,0.6808638,0.00018048659,False
9B,256,1.5,4,193,x,194,0.00014877664,18597.08,0.98995364,0.98995364,True
9B,256,1.5,4,194,x,195,0.00014763368,18454.209,0.9677651,0.9677651,True
9B,256,1.5,4,195,x,196,0.00014650528,18313.16,0.9623966,0.9623966,True
9B,256,1.5,4,196,x,197,0.00014539117,18173.896,0.961696,0.961696,True
9B,256,1.5,4,197,x,198,0.00014429112,18036.389,0.96595585,0.96595585,True
9B,256,1.5,4,198,x,199,0.00014320486,17900.607,0.84527403,0.84527403,False
9B,256,1.5,4,199,x,200,0.00014213216,17766.521,0.9406581,0.9406581,True
9B,256,1.5,4,200,x,201,0.0001410728,17634.1,0.7954118,0.7954118,False
9B,256,1.5,4,201,x,202,0.00014002652,17503.314,0.9706897,0.9706897,True
9B,256,1.5,4,202,x,203,0.00013899313,17374.14,0.55891716,0.019901536,False
9B,256,1.5,4,203,x,204,0.00013797237,17246.547,0.94535565,0.94535565,True
9B,256,1.5,4,204,x,205,0.00013696405,17120.506,0.96521467,0.96521467,True
9B,256,1.5,4,205,x,206,0.00013596796,16995.994,0.9646907,0.9646907,True
9B,256,1.5,4,206,x,207,0.00013498386,16872.982,0.69648063,0.0020384153,False
9B,256,1.5,4,207,x,208,0.0001340116,16751.45,0.9603703,0.9603703,True
9B,256,1.5,4,208,x,209,0.00013305094,16631.367,0.94467825,0.94467825,True
9B,256,1.5,4,209,x,210,0.0001321017,16512.713,0.921521,0.921521,True
9B,256,1.5,4,210,x,211,0.0001311637,16395.463,0.9658234,0.9658234,True
9B,256,1.5,4,211,x,212,0.00013023676,16279.595,0.93558204,0.93558204,True
9B,256,1.5,4,212,x,213,0.00012932067,16165.084,0.75017774,0.75017774,False
9B,256,1.5,4,213,x,214,0.00012841528,16051.91,0.9636475,0.9636475,True
9B,256,1.5,4,214,x,215,0.0001275204,15940.05,0.82393855,0.82393855,False
9B,256,1.5,4,215,x,216,0.00012663587,15829.484,0.96668077,0.96668077,True
9B,256,1.5,4,216,x,217,0.00012576151,15720.188,0.8436674,0.8436674,False
9B,256,1.5,4,217,x,218,0.00012489718,15612.147,0.9083541,0.9083541,True
9B,256,1.5,4,218,x,219,0.0001240427,15505.337,0.71560967,0.71560967,False
9B,256,1.5,4,219,x,220,0.00012319791,15399.739,0.9583466,0.9583466,True
9B,256,1.5,4,220,x,221,0.00012236268,15295.334,0.8088348,0.8088348,False
9B,256,1.5,4,221,x,222,0.00012153684,15192.1045,0.82034475,0.82034475,False
9B,256,1.5,4,222,x,223,0.00012072023,15090.028,0.94524443,0.94524443,True
9B,256,1.5,4,223,x,224,0.000119912744,14989.093,0.74051887,0.74051887,False
9B,256,1.5,4,224,x,225,0.000119114215,14889.276,0.9672129,0.9672129,True
9B,256,1.5,4,225,x,226,0.00011832451,14790.563,0.96971714,0.96971714,True
9B,256,1.5,4,226,x,227,0.000117543495,14692.937,0.95190084,0.95190084,True
9B,256,1.5,4,227,x,228,0.000116771036,14596.38,0.90897596,0.90897596,True
9B,256,1.5,4,228,x,229,0.00011600699,14500.873,0.92995167,0.92995167,True
9B,256,1.5,4,229,x,230,0.00011525125,14406.406,0.90549767,0.90549767,True
9B,256,1.5,4,230,x,231,0.00011450367,14312.959,0.23533896,0.001733155,False
9B,256,1.5,4,231,x,232,0.000113764145,14220.519,0.36487943,0.0010953099,False
9B,256,1.5,4,232,x,233,0.00011303254,14129.067,0.96377045,0.96377045,True
9B,256,1.5,4,233,x,234,0.00011230876,14038.595,0.17608552,0.0006254427,False
9B,256,1.5,4,234,x,235,0.00011159264,13949.08,0.5607476,0.0005049892,False
9B,256,1.5,4,235,x,236,0.000110884124,13860.516,0.9434132,0.9434132,True
9B,256,1.5,4,236,x,237,0.000110183064,13772.883,0.97860104,0.97860104,True
9B,256,1.5,4,237,x,238,0.000109489374,13686.172,0.6957643,0.6957643,False
9B,256,1.5,4,238,x,239,0.00010880292,13600.364,0.38504577,0.0016007731,False
9B,256,1.5,4,239,x,240,0.000108123604,13515.45,0.5404829,0.2702505,False
9B,256,1.5,4,240,x,241,0.00010745134,13431.418,0.29487705,0.0005302131,False
9B,256,1.5,4,241,x,242,0.00010678601,13348.251,0.9660982,0.9660982,True
9B,256,1.5,4,242,x,243,0.0001061275,13265.9375,0.97810745,0.97810745,True
9B,256,1.5,4,243,x,244,0.00010547575,13184.469,0.9646597,0.9646597,True
9B,256,1.5,4,244,x,245,0.000104830644,13103.83,0.60075283,0.0061476566,False
9B,256,1.5,4,245,x,246,0.000104192084,13024.011,0.9552634,0.9552634,True
9B,256,1.5,4,246,x,247,0.00010355998,12944.997,0.42295423,0.0017418936,False
9B,256,1.5,4,247,x,248,0.00010293423,12866.779,0.24149707,0.0048339325,False
9B,256,1.5,4,248,x,249,0.00010231478,12789.348,0.963042,0.963042,True
9B,256,1.5,4,249,x,250,0.0001017015,12712.6875,0.067214645,0.011736566,False
9B,256,1.5,4,250,x,251,0.00010109433,12636.791,0.9742409,0.9742409,True
9B,256,1.5,4,251,x,252,0.00010049317,12561.646,0.016486846,0.006344637,False
9B,256,1.5,4,252,x,253,9.989795e-05,12487.244,0.05628407,0.0014125574,False
9B,256,1.5,4,253,x,254,9.930859e-05,12413.574,0.23881361,0.23881361,False
9B,256,1.5,4,254,x,255,9.872499e-05,12340.623,0.9858035,0.9858035,True
9B,256,1.5,4,255,x,256,9.814709e-05,12268.386,0.9588654,0.9588654,True
9B,256,1.5,4,256,y,1,0.40201047,50251308.0,0.97217494,0.97217494,True
9B,256,1.5,4,257,y,2,0.14213216,17766520.0,0.98802936,0.98802936,True
9B,256,1.5,4,258,y,3,0.077366956,9670869.0,0.96945816,0.96945816,True
9B,256,1.5,4,259,y,4,0.05025131,6281413.5,0.96761966,0.96761966,True
9B,256,1.5,4,260,y,5,0.03595691,4494614.0,0.9684347,0.9684347,True
9B,256,1.5,4,261,y,6,0.02735335,3419168.8,0.96514845,0.96514845,True
9B,256,1.5,4,262,y,7,0.021706525,2713315.8,0.96684265,0.96684265,True
9B,256,1.5,4,263,y,8,0.01776652,2220815.0,0.96951145,0.96951145,True
9B,256,1.5,4,264,y,9,0.0148892775,1861159.8,0.969071,0.969071,True
9B,256,1.5,4,265,y,10,0.012712687,1589085.9,0.9687536,0.9687536,True
9B,256,1.5,4,266,y,11,0.011019156,1377394.5,0.9690238,0.9690238,True
9B,256,1.5,4,267,y,12,0.009670869,1208858.6,0.9697305,0.9697305,True
9B,256,1.5,4,268,y,13,0.008576742,1072092.8,0.966258,0.966258,True
9B,256,1.5,4,269,y,14,0.0076744156,959301.94,0.9675537,0.9675537,True
9B,256,1.5,4,270,y,15,0.0069199107,864988.8,0.9668952,0.9668952,True
9B,256,1.5,4,271,y,16,0.0062814136,785176.7,0.9691581,0.9691581,True
9B,256,1.5,4,272,y,17,0.0057354034,716925.44,0.966401,0.966401,True
9B,256,1.5,4,273,y,18,0.0052641546,658019.3,0.9668642,0.9668642,True
9B,256,1.5,4,274,y,19,0.0048540807,606760.06,0.9651507,0.9651507,True
9B,256,1.5,4,275,y,20,0.004494614,561826.75,0.9665011,0.9665011,True
9B,256,1.5,4,276,y,21,0.004177423,522177.9,0.96548796,0.96548796,True
9B,256,1.5,4,277,y,22,0.00389586,486982.5,0.9666004,0.9666004,True
9B,256,1.5,4,278,y,23,0.0036445644,455570.56,0.96584135,0.96584135,True
9B,256,1.5,4,279,y,24,0.0034191688,427396.1,0.9668005,0.9668005,True
9B,256,1.5,4,280,y,25,0.003216084,402010.5,0.96557707,0.96557707,True
9B,256,1.5,4,281,y,26,0.0030323362,379042.03,0.96894413,0.96894413,True
9B,256,1.5,4,282,y,27,0.0028654425,358180.3,0.96683156,0.96683156,True
9B,256,1.5,4,283,y,28,0.0027133157,339164.47,0.96749043,0.96749043,True
9B,256,1.5,4,284,y,29,0.0025741886,321773.6,0.9674258,0.9674258,True
9B,256,1.5,4,285,y,30,0.0024465579,305819.72,0.9674182,0.9674182,True
9B,256,1.5,4,286,y,31,0.002329136,291142.0,0.96654797,0.96654797,True
9B,256,1.5,4,287,y,32,0.002220815,277601.88,0.9658235,0.9658235,True
9B,256,1.5,4,288,y,33,0.0021206376,265079.7,0.96718526,0.96718526,True
9B,256,1.5,4,289,y,34,0.0020277714,253471.42,0.9673232,0.9673232,True
9B,256,1.5,4,290,y,35,0.0019414907,242686.33,0.96666604,0.96666604,True
9B,256,1.5,4,291,y,36,0.0018611597,232644.97,0.96626675,0.96626675,True
9B,256,1.5,4,292,y,37,0.0017862193,223277.4,0.96414447,0.96414447,True
9B,256,1.5,4,293,y,38,0.0017161766,214522.08,0.96634674,0.96634674,True
9B,256,1.5,4,294,y,39,0.0016505948,206324.34,0.96534747,0.96534747,True
9B,256,1.5,4,295,y,40,0.0015890859,198635.73,0.96763337,0.96763337,True
9B,256,1.5,4,296,y,41,0.0015313046,191413.06,0.96349037,0.96349037,True
9B,256,1.5,4,297,y,42,0.001476942,184617.75,0.96798,0.96798,True
9B,256,1.5,4,298,y,43,0.0014257216,178215.2,0.9667803,0.9667803,True
9B,256,1.5,4,299,y,44,0.0013773945,172174.31,0.96579075,0.96579075,True
9B,256,1.5,4,300,y,45,0.0013317374,166467.17,0.9672718,0.9672718,True
9B,256,1.5,4,301,y,46,0.0012885481,161068.52,0.96633685,0.96633685,True
9B,256,1.5,4,302,y,47,0.0012476437,155955.47,0.96637976,0.96637976,True
9B,256,1.5,4,303,y,48,0.0012088587,151107.33,0.96668774,0.96668774,True
9B,256,1.5,4,304,y,49,0.0011720422,146505.28,0.9667856,0.9667856,True
9B,256,1.5,4,305,y,50,0.0011370573,142132.17,0.9655838,0.9655838,True
9B,256,1.5,4,306,y,51,0.001103779,137972.38,0.9670744,0.9670744,True
9B,256,1.5,4,307,y,52,0.0010720928,134011.6,0.9648578,0.9648578,True
9B,256,1.5,4,308,y,53,0.0010418941,130236.76,0.96618664,0.96618664,True
9B,256,1.5,4,309,y,54,0.001013087,126635.875,0.9659869,0.9659869,True
9B,256,1.5,4,310,y,55,0.0009855833,123197.914,0.96502745,0.96502745,True
9B,256,1.5,4,311,y,56,0.00095930195,119912.74,0.9663727,0.9663727,True
9B,256,1.5,4,312,y,57,0.0009341683,116771.04,0.96458364,0.96458364,True
9B,256,1.5,4,313,y,58,0.00091011316,113764.15,0.9660727,0.9660727,True
9B,256,1.5,4,314,y,59,0.000887073,110884.125,0.965399,0.965399,True
9B,256,1.5,4,315,y,60,0.00086498883,108123.6,0.96619433,0.96619433,True
9B,256,1.5,4,316,y,61,0.000843806,105475.75,0.9675298,0.9675298,True
9B,256,1.5,4,317,y,62,0.00082347385,102934.234,0.9647422,0.9647422,True
9B,256,1.5,4,318,y,63,0.00080394535,100493.17,0.9680786,0.9680786,True
9B,256,1.5,4,319,y,64,0.0007851767,98147.086,0.96535134,0.96535134,True
9B,256,1.5,4,320,y,65,0.0007671271,95890.88,0.96671784,0.96671784,True
9B,256,1.5,4,321,y,66,0.0007497586,93719.83,0.96434546,0.96434546,True
9B,256,1.5,4,322,y,67,0.0007330358,91629.48,0.9646695,0.9646695,True
9B,256,1.5,4,323,y,68,0.0007169254,89615.68,0.96534437,0.96534437,True
9B,256,1.5,4,324,y,69,0.0007013967,87674.59,0.96722424,0.96722424,True
9B,256,1.5,4,325,y,70,0.0006864206,85802.57,0.96425164,0.96425164,True
9B,256,1.5,4,326,y,71,0.00067196996,83996.24,0.96613586,0.96613586,True
9B,256,1.5,4,327,y,72,0.00065801933,82252.414,0.9662607,0.9662607,True
9B,256,1.5,4,328,y,73,0.0006445448,80568.09,0.9657365,0.9657365,True
9B,256,1.5,4,329,y,74,0.0006315239,78940.484,0.9664872,0.9664872,True
9B,256,1.5,4,330,y,75,0.0006189356,77366.95,0.96561265,0.96561265,True
9B,256,1.5,4,331,y,76,0.0006067601,75845.01,0.96381396,0.96381396,True
9B,256,1.5,4,332,y,77,0.00059497857,74372.32,0.96720034,0.96720034,True
9B,256,1.5,4,333,y,78,0.00058357336,72946.67,0.67268175,0.00064460747,False
9B,256,1.5,4,334,y,79,0.00057252805,71566.01,0.96614265,0.96614265,True
9B,256,1.5,4,335,y,80,0.00056182675,70228.34,0.9636072,0.9636072,True
9B,256,1.5,4,336,y,81,0.0005514547,68931.84,0.9664562,0.9664562,True
9B,256,1.5,4,337,y,82,0.00054139795,67674.74,0.9660132,0.9660132,True
9B,256,1.5,4,338,y,83,0.00053164316,66455.4,0.9650161,0.9650161,True
9B,256,1.5,4,339,y,84,0.0005221779,65272.24,0.9661299,0.9661299,True
9B,256,1.5,4,340,y,85,0.0005129901,64123.766,0.9659363,0.9659363,True
9B,256,1.5,4,341,y,86,0.0005040687,63008.586,0.9670983,0.9670983,True
9B,256,1.5,4,342,y,87,0.00049540284,61925.355,0.9651385,0.9651385,True
9B,256,1.5,4,343,y,88,0.0004869825,60872.812,0.96843517,0.96843517,True
9B,256,1.5,4,344,y,89,0.00047879803,59849.754,0.9653945,0.9653945,True
9B,256,1.5,4,345,y,90,0.00047084028,58855.035,0.9653244,0.9653244,True
9B,256,1.5,4,346,y,91,0.00046310056,57887.57,0.9673904,0.9673904,True
9B,256,1.5,4,347,y,92,0.00045557055,56946.32,0.9662863,0.9662863,True
9B,256,1.5,4,348,y,93,0.00044824244,56030.305,0.9664691,0.9664691,True
9B,256,1.5,4,349,y,94,0.00044110868,55138.586,0.96404433,0.96404433,True
9B,256,1.5,4,350,y,95,0.00043416218,54270.273,0.96549535,0.96549535,True
9B,256,1.5,4,351,y,96,0.0004273961,53424.51,0.96403825,0.96403825,True
9B,256,1.5,4,352,y,97,0.0004208039,52600.49,0.96436954,0.96436954,True
9B,256,1.5,4,353,y,98,0.0004143795,51797.438,0.96452093,0.96452093,True
9B,256,1.5,4,354,y,99,0.0004081169,51014.613,0.9657024,0.9657024,True
9B,256,1.5,4,355,y,100,0.0004020105,50251.312,0.9667531,0.9667531,True
9B,256,1.5,4,356,y,101,0.00039605485,49506.855,0.9642061,0.9642061,True
9B,256,1.5,4,357,y,102,0.0003902448,48780.598,0.96680987,0.96680987,True
9B,256,1.5,4,358,y,103,0.00038457545,48071.934,0.9675957,0.9675957,True
9B,256,1.5,4,359,y,104,0.00037904203,47380.254,0.9646264,0.9646264,True
9B,256,1.5,4,360,y,105,0.00037364004,46705.004,0.9679953,0.9679953,True
9B,256,1.5,4,361,y,106,0.0003683652,46045.65,0.96316963,0.96316963,True
9B,256,1.5,4,362,y,107,0.00036321327,45401.66,0.96362877,0.96362877,True
9B,256,1.5,4,363,y,108,0.00035818032,44772.54,0.9680919,0.9680919,True
9B,256,1.5,4,364,y,109,0.00035326256,44157.82,0.9602486,0.9602486,True
9B,256,1.5,4,365,y,110,0.00034845632,43557.04,0.9685735,0.9685735,True
9B,256,1.5,4,366,y,111,0.0003437581,42969.76,0.96653724,0.96653724,True
9B,256,1.5,4,367,y,112,0.00033916446,42395.56,0.9627044,0.9627044,True
9B,256,1.5,4,368,y,113,0.00033467225,41834.03,0.96291304,0.96291304,True
9B,256,1.5,4,369,y,114,0.00033027836,41284.793,0.96775126,0.96775126,True
9B,256,1.5,4,370,y,115,0.00032597975,40747.47,0.9661162,0.9661162,True
9B,256,1.5,4,371,y,116,0.00032177358,40221.7,0.9637438,0.9637438,True
9B,256,1.5,4,372,y,117,0.0003176571,39707.137,0.96540475,0.96540475,True
9B,256,1.5,4,373,y,118,0.00031362765,39203.457,0.96687627,0.96687627,True
9B,256,1.5,4,374,y,119,0.00030968268,38710.336,0.9660047,0.9660047,True
9B,256,1.5,4,375,y,120,0.00030581973,38227.465,0.96614295,0.96614295,True
9B,256,1.5,4,376,y,121,0.00030203644,37754.555,0.96510637,0.96510637,True
9B,256,1.5,4,377,y,122,0.00029833047,37291.31,0.9619286,0.9619286,True
9B,256,1.5,4,378,y,123,0.0002946997,36837.465,0.9674455,0.9674455,True
9B,256,1.5,4,379,y,124,0.000291142,36392.75,0.96417964,0.96417964,True
9B,256,1.5,4,380,y,125,0.0002876553,35956.914,0.9648565,0.9648565,True
9B,256,1.5,4,381,y,126,0.0002842376,35529.703,0.96585596,0.96585596,True
9B,256,1.5,4,382,y,127,0.0002808871,35110.887,0.9644654,0.9644654,True
9B,256,1.5,4,383,y,128,0.00027760188,34700.234,0.9649905,0.9649905,True
9B,256,1.5,4,384,y,129,0.00027438023,34297.527,0.96669185,0.96669185,True
9B,256,1.5,4,385,y,130,0.0002712204,33902.55,0.9664825,0.9664825,True
9B,256,1.5,4,386,y,131,0.00026812076,33515.094,0.9656079,0.9656079,True
9B,256,1.5,4,387,y,132,0.0002650797,33134.96,0.96627927,0.96627927,True
9B,256,1.5,4,388,y,133,0.00026209574,32761.967,0.9656459,0.9656459,True
9B,256,1.5,4,389,y,134,0.0002591673,32395.914,0.9618776,0.9618776,True
9B,256,1.5,4,390,y,135,0.000256293,32036.623,0.9695475,0.9695475,True
9B,256,1.5,4,391,y,136,0.00025347143,31683.928,0.9600522,0.9600522,True
9B,256,1.5,4,392,y,137,0.00025070127,31337.658,0.9672384,0.9672384,True
9B,256,1.5,4,393,y,138,0.0002479812,30997.65,0.9636413,0.9636413,True
9B,256,1.5,4,394,y,139,0.00024530996,30663.744,0.9627398,0.9627398,True
9B,256,1.5,4,395,y,140,0.00024268634,30335.791,0.96577764,0.96577764,True
9B,256,1.5,4,396,y,141,0.00024010913,30013.643,0.9616347,0.9616347,True
9B,256,1.5,4,397,y,142,0.00023757725,29697.156,0.9677653,0.9677653,True
9B,256,1.5,4,398,y,143,0.00023508954,29386.191,0.7076335,0.7076335,False
9B,256,1.5,4,399,y,144,0.00023264496,29080.621,0.96120524,0.96120524,True
9B,256,1.5,4,400,y,145,0.00023024244,28780.305,0.703099,0.00013960246,False
9B,256,1.5,4,401,y,146,0.00022788098,28485.123,0.95589405,0.95589405,True
9B,256,1.5,4,402,y,147,0.00022555962,28194.953,0.9638759,0.9638759,True
9B,256,1.5,4,403,y,148,0.00022327741,27909.676,0.9690772,0.9690772,True
9B,256,1.5,4,404,y,149,0.00022103344,27629.18,0.96310467,0.96310467,True
9B,256,1.5,4,405,y,150,0.00021882678,27353.348,0.9656747,0.9656747,True
9B,256,1.5,4,406,y,151,0.00021665661,27082.076,0.9670421,0.9670421,True
9B,256,1.5,4,407,y,152,0.00021452208,26815.26,0.9644935,0.9644935,True
9B,256,1.5,4,408,y,153,0.00021242237,26552.797,0.9684725,0.9684725,True
9B,256,1.5,4,409,y,154,0.00021035668,26294.586,0.96424574,0.96424574,True
9B,256,1.5,4,410,y,155,0.00020832426,26040.533,0.96151435,0.96151435,True
9B,256,1.5,4,411,y,156,0.00020632434,25790.543,0.9611752,0.9611752,True
9B,256,1.5,4,412,y,157,0.00020435624,25544.53,0.9704089,0.9704089,True
9B,256,1.5,4,413,y,158,0.00020241922,25302.402,0.96371245,0.96371245,True
9B,256,1.5,4,414,y,159,0.00020051262,25064.076,0.9685763,0.9685763,True
9B,256,1.5,4,415,y,160,0.00019863574,24829.467,0.95569074,0.95569074,True
9B,256,1.5,4,416,y,161,0.00019678797,24598.496,0.94177336,0.94177336,True
9B,256,1.5,4,417,y,162,0.00019496868,24371.086,0.94024605,0.94024605,True
9B,256,1.5,4,418,y,163,0.00019317724,24147.154,0.96468174,0.96468174,True
9B,256,1.5,4,419,y,164,0.00019141307,23926.633,0.9650488,0.9650488,True
9B,256,1.5,4,420,y,165,0.0001896756,23709.45,0.96328074,0.96328074,True
9B,256,1.5,4,421,y,166,0.00018796424,23495.53,0.9636415,0.9636415,True
9B,256,1.5,4,422,y,167,0.00018627847,23284.809,0.9616152,0.9616152,True
9B,256,1.5,4,423,y,168,0.00018461775,23077.219,0.8768239,0.8768239,False
9B,256,1.5,4,424,y,169,0.00018298156,22872.695,0.71107256,0.71107256,False
9B,256,1.5,4,425,y,170,0.0001813694,22671.174,0.967808,0.967808,True
9B,256,1.5,4,426,y,171,0.00017978076,22472.596,0.9654488,0.9654488,True
9B,256,1.5,4,427,y,172,0.0001782152,22276.9,0.96627563,0.96627563,True
9B,256,1.5,4,428,y,173,0.0001766722,22084.025,0.7270136,0.7270136,False
9B,256,1.5,4,429,y,174,0.00017515136,21893.92,0.99298567,0.99298567,True
9B,256,1.5,4,430,y,175,0.00017365221,21706.525,0.96216536,0.96216536,True
9B,256,1.5,4,431,y,176,0.00017217432,21521.79,0.7527323,0.7527323,False
9B,256,1.5,4,432,y,177,0.00017071728,21339.66,0.9655411,0.9655411,True
9B,256,1.5,4,433,y,178,0.00016928067,21160.084,0.96654755,0.96654755,True
9B,256,1.5,4,434,y,179,0.0001678641,20983.012,0.9673499,0.9673499,True
9B,256,1.5,4,435,y,180,0.00016646717,20808.396,0.96482396,0.96482396,True
9B,256,1.5,4,436,y,181,0.00016508953,20636.191,0.9653361,0.9653361,True
9B,256,1.5,4,437,y,182,0.00016373077,20466.346,0.8139366,0.8139366,False
9B,256,1.5,4,438,y,183,0.00016239056,20298.82,0.9679421,0.9679421,True
9B,256,1.5,4,439,y,184,0.00016106851,20133.564,0.9611969,0.9611969,True
9B,256,1.5,4,440,y,185,0.00015976431,19970.54,0.96454835,0.96454835,True
9B,256,1.5,4,441,y,186,0.00015847762,19809.703,0.96611476,0.96611476,True
9B,256,1.5,4,442,y,187,0.00015720812,19651.016,0.9679105,0.9679105,True
9B,256,1.5,4,443,y,188,0.00015595547,19494.434,0.9639875,0.9639875,True
9B,256,1.5,4,444,y,189,0.00015471935,19339.92,0.96333927,0.96333927,True
9B,256,1.5,4,445,y,190,0.0001534995,19187.438,0.96617645,0.96617645,True
9B,256,1.5,4,446,y,191,0.00015229559,19036.95,0.96345407,0.96345407,True
9B,256,1.5,4,447,y,192,0.00015110734,18888.416,0.9683007,0.9683007,True
9B,256,1.5,4,448,y,193,0.00014993445,18741.807,0.9630971,0.9630971,True
9B,256,1.5,4,449,y,194,0.00014877664,18597.08,0.94730806,0.94730806,True
9B,256,1.5,4,450,y,195,0.00014763368,18454.209,0.96399057,0.96399057,True
9B,256,1.5,4,451,y,196,0.00014650528,18313.16,0.9643817,0.9643817,True
9B,256,1.5,4,452,y,197,0.00014539117,18173.896,0.65317065,0.0739433,False
9B,256,1.5,4,453,y,198,0.00014429112,18036.389,0.9605259,0.9605259,True
9B,256,1.5,4,454,y,199,0.00014320486,17900.607,0.6988596,9.7693875e-05,False
9B,256,1.5,4,455,y,200,0.00014213216,17766.521,0.9583297,0.9583297,True
9B,256,1.5,4,456,y,201,0.0001410728,17634.1,0.96589375,0.96589375,True
9B,256,1.5,4,457,y,202,0.00014002652,17503.314,0.95971,0.95971,True
9B,256,1.5,4,458,y,203,0.00013899313,17374.14,0.3827113,0.0020943545,False
9B,256,1.5,4,459,y,204,0.00013797237,17246.547,0.3633419,0.3633419,False
9B,256,1.5,4,460,y,205,0.00013696405,17120.506,0.92464983,0.92464983,True
9B,256,1.5,4,461,y,206,0.00013596796,16995.994,0.48265928,0.0018581375,False
9B,256,1.5,4,462,y,207,0.00013498386,16872.982,0.95703685,0.95703685,True
9B,256,1.5,4,463,y,208,0.0001340116,16751.45,0.96640414,0.96640414,True
9B,256,1.5,4,464,y,209,0.00013305094,16631.367,0.9581364,0.9581364,True
9B,256,1.5,4,465,y,210,0.0001321017,16512.713,0.9613186,0.9613186,True
9B,256,1.5,4,466,y,211,0.0001311637,16395.463,0.9617802,0.9617802,True
9B,256,1.5,4,467,y,212,0.00013023676,16279.595,0.9675776,0.9675776,True
9B,256,1.5,4,468,y,213,0.00012932067,16165.084,0.98141825,0.98141825,True
9B,256,1.5,4,469,y,214,0.00012841528,16051.91,0.79534197,0.79534197,False
9B,256,1.5,4,470,y,215,0.0001275204,15940.05,0.9623109,0.9623109,True
9B,256,1.5,4,471,y,216,0.00012663587,15829.484,0.96463645,0.96463645,True
9B,256,1.5,4,472,y,217,0.00012576151,15720.188,0.69729805,0.00020009279,False
9B,256,1.5,4,473,y,218,0.00012489718,15612.147,0.9586314,0.9586314,True
9B,256,1.5,4,474,y,219,0.0001240427,15505.337,0.9359163,0.9359163,True
9B,256,1.5,4,475,y,220,0.00012319791,15399.739,0.93918514,0.93918514,True
9B,256,1.5,4,476,y,221,0.00012236268,15295.334,0.71228856,0.71228856,False
9B,256,1.5,4,477,y,222,0.00012153684,15192.1045,0.9606644,0.9606644,True
9B,256,1.5,4,478,y,223,0.00012072023,15090.028,0.9648206,0.9648206,True
9B,256,1.5,4,479,y,224,0.000119912744,14989.093,0.9653101,0.9653101,True
9B,256,1.5,4,480,y,225,0.000119114215,14889.276,0.95869946,0.95869946,True
9B,256,1.5,4,481,y,226,0.00011832451,14790.563,0.696321,0.696321,False
9B,256,1.5,4,482,y,227,0.000117543495,14692.937,0.7263675,0.7263675,False
9B,256,1.5,4,483,y,228,0.000116771036,14596.38,0.9601966,0.9601966,True
9B,256,1.5,4,484,y,229,0.00011600699,14500.873,0.95845574,0.95845574,True
9B,256,1.5,4,485,y,230,0.00011525125,14406.406,0.73153985,0.73153985,False
9B,256,1.5,4,486,y,231,0.00011450367,14312.959,0.03009183,0.010289203,False
9B,256,1.5,4,487,y,232,0.000113764145,14220.519,0.96026754,0.96026754,True
9B,256,1.5,4,488,y,233,0.00011303254,14129.067,0.9514443,0.9514443,True
9B,256,1.5,4,489,y,234,0.00011230876,14038.595,0.7698536,0.7698536,False
9B,256,1.5,4,490,y,235,0.00011159264,13949.08,0.60930336,0.00056179427,False
9B,256,1.5,4,491,y,236,0.000110884124,13860.516,0.43682468,0.0007860288,False
9B,256,1.5,4,492,y,237,0.000110183064,13772.883,0.9640616,0.9640616,True
9B,256,1.5,4,493,y,238,0.000109489374,13686.172,0.9693749,0.9693749,True
9B,256,1.5,4,494,y,239,0.00010880292,13600.364,0.67859346,0.060373567,False
9B,256,1.5,4,495,y,240,0.000108123604,13515.45,0.9696945,0.9696945,True
9B,256,1.5,4,496,y,241,0.00010745134,13431.418,0.06800971,0.013611428,False
9B,256,1.5,4,497,y,242,0.00010678601,13348.251,0.95981014,0.95981014,True
9B,256,1.5,4,498,y,243,0.0001061275,13265.9375,0.34847707,0.0011332389,False
9B,256,1.5,4,499,y,244,0.00010547575,13184.469,0.9667963,0.9667963,True
9B,256,1.5,4,500,y,245,0.000104830644,13103.83,0.9698012,0.9698012,True
9B,256,1.5,4,501,y,246,0.000104192084,13024.011,0.76225746,0.76225746,False
9B,256,1.5,4,502,y,247,0.00010355998,12944.997,0.8312459,0.8312459,False
9B,256,1.5,4,503,y,248,0.00010293423,12866.779,0.938352,0.938352,True
9B,256,1.5,4,504,y,249,0.00010231478,12789.348,0.32232153,0.0015455633,False
9B,256,1.5,4,505,y,250,0.0001017015,12712.6875,0.06545928,0.003384944,False
9B,256,1.5,4,506,y,251,0.00010109433,12636.791,0.084331885,0.0038634622,False
9B,256,1.5,4,507,y,252,0.00010049317,12561.646,0.96081215,0.96081215,True
9B,256,1.5,4,508,y,253,9.989795e-05,12487.244,0.7207414,0.7207414,False
9B,256,1.5,4,509,y,254,9.930859e-05,12413.574,0.86891174,0.86891174,False
9B,256,1.5,4,510,y,255,9.872499e-05,12340.623,0.15900502,0.018052924,False
9B,256,1.5,4,511,y,256,9.814709e-05,12268.386,0.9560131,0.9560131,True
