study,n_per_set,alpha,sae_seed,primitive_index,primitive_group,rank,probability,expected_exposure,max_cosine,assigned_cosine,recovered_90
9C,8,1.0,0,0,x,1,0.3679369,45992110.0,0.7074759,0.7074759,False
9C,8,1.0,0,1,x,2,0.18396845,22996056.0,0.7138113,0.70718473,False
9C,8,1.0,0,2,x,3,0.12264564,15330705.0,0.9985108,0.9985108,True
9C,8,1.0,0,3,x,4,0.09198423,11498028.0,0.99869686,0.99869686,True
9C,8,1.0,0,4,x,5,0.07358738,9198423.0,0.76037806,0.76037806,False
9C,8,1.0,0,5,x,6,0.06132282,7665352.5,0.97915375,0.97915375,True
9C,8,1.0,0,6,x,7,0.052562416,6570302.0,0.994872,0.994872,True
9C,8,1.0,0,7,x,8,0.045992114,5749014.0,0.9986712,0.9986712,True
9C,8,1.0,0,8,y,1,0.3679369,45992110.0,0.7067276,0.7002562,False
9C,8,1.0,0,9,y,2,0.18396845,22996056.0,0.71365005,0.71365005,False
9C,8,1.0,0,10,y,3,0.12264564,15330705.0,0.99849313,0.99849313,True
9C,8,1.0,0,11,y,4,0.09198423,11498028.0,0.9987546,0.9987546,True
9C,8,1.0,0,12,y,5,0.07358738,9198423.0,0.9986389,0.9986389,True
9C,8,1.0,0,13,y,6,0.06132282,7665352.5,0.9986612,0.9986612,True
9C,8,1.0,0,14,y,7,0.052562416,6570302.0,0.98035216,0.98035216,True
9C,8,1.0,0,15,y,8,0.045992114,5749014.0,0.6491285,0.110434644,False
9C,8,1.0,1,0,x,1,0.3679369,45992110.0,0.70734984,0.70734984,False
9C,8,1.0,1,1,x,2,0.18396845,22996056.0,0.71755606,0.70715517,False
9C,8,1.0,1,2,x,3,0.12264564,15330705.0,0.99637526,0.99637526,True
9C,8,1.0,1,3,x,4,0.09198423,11498028.0,0.99679464,0.99679464,True
9C,8,1.0,1,4,x,5,0.07358738,9198423.0,0.99649787,0.99649787,True
9C,8,1.0,1,5,x,6,0.06132282,7665352.5,0.99676263,0.99676263,True
9C,8,1.0,1,6,x,7,0.052562416,6570302.0,0.99652743,0.99652743,True
9C,8,1.0,1,7,x,8,0.045992114,5749014.0,0.9966432,0.9966432,True
9C,8,1.0,1,8,y,1,0.3679369,45992110.0,0.7068565,0.6964963,False
9C,8,1.0,1,9,y,2,0.18396845,22996056.0,0.7173208,0.7173208,False
9C,8,1.0,1,10,y,3,0.12264564,15330705.0,0.9963261,0.9963261,True
9C,8,1.0,1,11,y,4,0.09198423,11498028.0,0.9967702,0.9967702,True
9C,8,1.0,1,12,y,5,0.07358738,9198423.0,0.99646205,0.99646205,True
9C,8,1.0,1,13,y,6,0.06132282,7665352.5,0.9966749,0.9966749,True
9C,8,1.0,1,14,y,7,0.052562416,6570302.0,0.9964376,0.9964376,True
9C,8,1.0,1,15,y,8,0.045992114,5749014.0,0.9966503,0.9966503,True
9C,8,1.0,2,0,x,1,0.3679369,45992110.0,0.9919975,0.9919975,True
9C,8,1.0,2,1,x,2,0.18396845,22996056.0,0.9895818,0.9895818,True
9C,8,1.0,2,2,x,3,0.12264564,15330705.0,0.98280907,0.98280907,True
9C,8,1.0,2,3,x,4,0.09198423,11498028.0,0.98323494,0.98323494,True
9C,8,1.0,2,4,x,5,0.07358738,9198423.0,0.982886,0.982886,True
9C,8,1.0,2,5,x,6,0.06132282,7665352.5,0.9830369,0.9830369,True
9C,8,1.0,2,6,x,7,0.052562416,6570302.0,0.75292873,0.75292873,False
9C,8,1.0,2,7,x,8,0.045992114,5749014.0,0.9612791,0.9612791,True
9C,8,1.0,2,8,y,1,0.3679369,45992110.0,0.9839331,0.9839331,True
9C,8,1.0,2,9,y,2,0.18396845,22996056.0,0.98881793,0.98881793,True
9C,8,1.0,2,10,y,3,0.12264564,15330705.0,0.9845001,0.9845001,True
9C,8,1.0,2,11,y,4,0.09198423,11498028.0,0.9842487,0.9842487,True
9C,8,1.0,2,12,y,5,0.07358738,9198423.0,0.9846234,0.9846234,True
9C,8,1.0,2,13,y,6,0.06132282,7665352.5,0.98390514,0.98390514,True
9C,8,1.0,2,14,y,7,0.052562416,6570302.0,0.6529789,0.25738913,False
9C,8,1.0,2,15,y,8,0.045992114,5749014.0,0.9869461,0.9869461,True
9C,8,1.0,3,0,x,1,0.3679369,45992110.0,0.99084187,0.99084187,True
9C,8,1.0,3,1,x,2,0.18396845,22996056.0,0.9947959,0.9947959,True
9C,8,1.0,3,2,x,3,0.12264564,15330705.0,0.98006326,0.98006326,True
9C,8,1.0,3,3,x,4,0.09198423,11498028.0,0.98126453,0.98126453,True
9C,8,1.0,3,4,x,5,0.07358738,9198423.0,0.9804575,0.9804575,True
9C,8,1.0,3,5,x,6,0.06132282,7665352.5,0.98088914,0.98088914,True
9C,8,1.0,3,6,x,7,0.052562416,6570302.0,0.9804362,0.9804362,True
9C,8,1.0,3,7,x,8,0.045992114,5749014.0,0.98073214,0.98073214,True
9C,8,1.0,3,8,y,1,0.3679369,45992110.0,0.99092066,0.99092066,True
9C,8,1.0,3,9,y,2,0.18396845,22996056.0,0.9948221,0.9948221,True
9C,8,1.0,3,10,y,3,0.12264564,15330705.0,0.9800873,0.9800873,True
9C,8,1.0,3,11,y,4,0.09198423,11498028.0,0.9813584,0.9813584,True
9C,8,1.0,3,12,y,5,0.07358738,9198423.0,0.9804686,0.9804686,True
9C,8,1.0,3,13,y,6,0.06132282,7665352.5,0.98081046,0.98081046,True
9C,8,1.0,3,14,y,7,0.052562416,6570302.0,0.9804048,0.9804048,True
9C,8,1.0,3,15,y,8,0.045992114,5749014.0,0.98067075,0.98067075,True
9C,8,1.0,4,0,x,1,0.3679369,45992110.0,0.7074526,0.6968813,False
9C,8,1.0,4,1,x,2,0.18396845,22996056.0,0.7175342,0.7175342,False
9C,8,1.0,4,2,x,3,0.12264564,15330705.0,0.9962408,0.9962408,True
9C,8,1.0,4,3,x,4,0.09198423,11498028.0,0.99662274,0.99662274,True
9C,8,1.0,4,4,x,5,0.07358738,9198423.0,0.9963675,0.9963675,True
9C,8,1.0,4,5,x,6,0.06132282,7665352.5,0.9965812,0.9965812,True
9C,8,1.0,4,6,x,7,0.052562416,6570302.0,0.99641085,0.99641085,True
9C,8,1.0,4,7,x,8,0.045992114,5749014.0,0.9946805,0.9946805,True
9C,8,1.0,4,8,y,1,0.3679369,45992110.0,0.7067575,0.7067575,False
9C,8,1.0,4,9,y,2,0.18396845,22996056.0,0.7171856,0.7073795,False
9C,8,1.0,4,10,y,3,0.12264564,15330705.0,0.99611247,0.99611247,True
9C,8,1.0,4,11,y,4,0.09198423,11498028.0,0.99665046,0.99665046,True
9C,8,1.0,4,12,y,5,0.07358738,9198423.0,0.9962941,0.9962941,True
9C,8,1.0,4,13,y,6,0.06132282,7665352.5,0.99646163,0.99646163,True
9C,8,1.0,4,14,y,7,0.052562416,6570302.0,0.9962766,0.9962766,True
9C,8,1.0,4,15,y,8,0.045992114,5749014.0,0.9964373,0.9964373,True
9C,32,1.0,0,0,x,1,0.24639672,30799590.0,0.9966604,0.9966604,True
9C,32,1.0,0,1,x,2,0.12319836,15399795.0,0.99759436,0.99759436,True
9C,32,1.0,0,2,x,3,0.08213224,10266530.0,0.9928974,0.9928974,True
9C,32,1.0,0,3,x,4,0.06159918,7699897.5,0.99324244,0.99324244,True
9C,32,1.0,0,4,x,5,0.049279347,6159918.5,0.9928838,0.9928838,True
9C,32,1.0,0,5,x,6,0.04106612,5133265.0,0.99316835,0.99316835,True
9C,32,1.0,0,6,x,7,0.035199534,4399942.0,0.9930241,0.9930241,True
9C,32,1.0,0,7,x,8,0.03079959,3849948.8,0.9929003,0.9929003,True
9C,32,1.0,0,8,x,9,0.027377414,3422176.8,0.99525845,0.9919689,True
9C,32,1.0,0,9,x,10,0.024639674,3079959.2,0.992942,0.992942,True
9C,32,1.0,0,10,x,11,0.022399703,2799963.0,0.9929221,0.9929221,True
9C,32,1.0,0,11,x,12,0.02053306,2566632.5,0.9930491,0.9930491,True
9C,32,1.0,0,12,x,13,0.018953595,2369199.5,0.9890251,0.9890251,True
9C,32,1.0,0,13,x,14,0.017599767,2199971.0,0.7744449,0.7744449,False
9C,32,1.0,0,14,x,15,0.01642645,2053306.2,0.99294287,0.99294287,True
9C,32,1.0,0,15,x,16,0.015399795,1924974.4,0.99306476,0.99306476,True
9C,32,1.0,0,16,x,17,0.014493925,1811740.6,0.9929131,0.9929131,True
9C,32,1.0,0,17,x,18,0.013688707,1711088.4,0.9930718,0.9930718,True
9C,32,1.0,0,18,x,19,0.012968249,1621031.1,0.9930278,0.9930278,True
9C,32,1.0,0,19,x,20,0.012319837,1539979.6,0.993086,0.993086,True
9C,32,1.0,0,20,x,21,0.011733177,1466647.1,0.99306524,0.99306524,True
9C,32,1.0,0,21,x,22,0.0111998515,1399981.5,0.9929602,0.9929602,True
9C,32,1.0,0,22,x,23,0.010712901,1339112.6,0.63171035,0.014878791,False
9C,32,1.0,0,23,x,24,0.01026653,1283316.2,0.9818765,0.9818765,True
9C,32,1.0,0,24,x,25,0.009855868,1231983.5,0.9930004,0.9930004,True
9C,32,1.0,0,25,x,26,0.009476798,1184599.8,0.99282205,0.99282205,True
9C,32,1.0,0,26,x,27,0.0091258045,1140725.6,0.9930197,0.9930197,True
9C,32,1.0,0,27,x,28,0.008799884,1099985.5,0.9929907,0.9929907,True
9C,32,1.0,0,28,x,29,0.008496439,1062054.9,0.9930487,0.9930487,True
9C,32,1.0,0,29,x,30,0.008213225,1026653.1,0.9930022,0.9930022,True
9C,32,1.0,0,30,x,31,0.007948281,993535.1,0.9930103,0.98977995,True
9C,32,1.0,0,31,x,32,0.0076998975,962487.2,0.99304533,0.99304533,True
9C,32,1.0,0,32,y,1,0.24639672,30799590.0,0.99651736,0.99651736,True
9C,32,1.0,0,33,y,2,0.12319836,15399795.0,0.99747086,0.99747086,True
9C,32,1.0,0,34,y,3,0.08213224,10266530.0,0.99278605,0.99278605,True
9C,32,1.0,0,35,y,4,0.06159918,7699897.5,0.99313825,0.99313825,True
9C,32,1.0,0,36,y,5,0.049279347,6159918.5,0.9930595,0.9930595,True
9C,32,1.0,0,37,y,6,0.04106612,5133265.0,0.99315894,0.99315894,True
9C,32,1.0,0,38,y,7,0.035199534,4399942.0,0.7753756,0.7753756,False
9C,32,1.0,0,39,y,8,0.03079959,3849948.8,0.983817,0.983817,True
9C,32,1.0,0,40,y,9,0.027377414,3422176.8,0.98589224,0.98589224,True
9C,32,1.0,0,41,y,10,0.024639674,3079959.2,0.6305869,-0.016563203,False
9C,32,1.0,0,42,y,11,0.022399703,2799963.0,0.99300426,0.99300426,True
9C,32,1.0,0,43,y,12,0.02053306,2566632.5,0.99305904,0.99305904,True
9C,32,1.0,0,44,y,13,0.018953595,2369199.5,0.99302083,0.99302083,True
9C,32,1.0,0,45,y,14,0.017599767,2199971.0,0.99296224,0.99296224,True
9C,32,1.0,0,46,y,15,0.01642645,2053306.2,0.993013,0.993013,True
9C,32,1.0,0,47,y,16,0.015399795,1924974.4,0.99301624,0.99301624,True
9C,32,1.0,0,48,y,17,0.014493925,1811740.6,0.99312997,0.99312997,True
9C,32,1.0,0,49,y,18,0.013688707,1711088.4,0.99308544,0.99308544,True
9C,32,1.0,0,50,y,19,0.012968249,1621031.1,0.99294215,0.99294215,True
9C,32,1.0,0,51,y,20,0.012319837,1539979.6,0.99302334,0.99302334,True
9C,32,1.0,0,52,y,21,0.011733177,1466647.1,0.99302465,0.99302465,True
9C,32,1.0,0,53,y,22,0.0111998515,1399981.5,0.9930581,0.9930581,True
9C,32,1.0,0,54,y,23,0.010712901,1339112.6,0.99312556,0.99312556,True
9C,32,1.0,0,55,y,24,0.01026653,1283316.2,0.9930743,0.9930743,True
9C,32,1.0,0,56,y,25,0.009855868,1231983.5,0.73806876,0.73806876,False
9C,32,1.0,0,57,y,26,0.009476798,1184599.8,0.98656714,0.98656714,True
9C,32,1.0,0,58,y,27,0.0091258045,1140725.6,0.9929804,0.9929804,True
9C,32,1.0,0,59,y,28,0.008799884,1099985.5,0.9930018,0.9930018,True
9C,32,1.0,0,60,y,29,0.008496439,1062054.9,0.98577017,0.98577017,True
9C,32,1.0,0,61,y,30,0.008213225,1026653.1,0.6739182,0.23594444,False
9C,32,1.0,0,62,y,31,0.007948281,993535.1,0.9929598,0.9929598,True
9C,32,1.0,0,63,y,32,0.0076998975,962487.2,0.99300265,0.99300265,True
9C,32,1.0,1,0,x,1,0.24639672,30799590.0,0.9970024,0.9970024,True
9C,32,1.0,1,1,x,2,0.12319836,15399795.0,0.9984759,0.9984759,True
9C,32,1.0,1,2,x,3,0.08213224,10266530.0,0.9931961,0.9931961,True
9C,32,1.0,1,3,x,4,0.06159918,7699897.5,0.9934912,0.9934912,True
9C,32,1.0,1,4,x,5,0.049279347,6159918.5,0.99318874,0.99318874,True
9C,32,1.0,1,5,x,6,0.04106612,5133265.0,0.9934415,0.9934415,True
9C,32,1.0,1,6,x,7,0.035199534,4399942.0,0.9932928,0.9932928,True
9C,32,1.0,1,7,x,8,0.03079959,3849948.8,0.99321526,0.99321526,True
9C,32,1.0,1,8,x,9,0.027377414,3422176.8,0.9931801,0.9931801,True
9C,32,1.0,1,9,x,10,0.024639674,3079959.2,0.9932419,0.9932419,True
9C,32,1.0,1,10,x,11,0.022399703,2799963.0,0.9932307,0.9932307,True
9C,32,1.0,1,11,x,12,0.02053306,2566632.5,0.9933426,0.9933426,True
9C,32,1.0,1,12,x,13,0.018953595,2369199.5,0.9933346,0.9933346,True
9C,32,1.0,1,13,x,14,0.017599767,2199971.0,0.9932271,0.9932271,True
9C,32,1.0,1,14,x,15,0.01642645,2053306.2,0.98751056,0.98751056,True
9C,32,1.0,1,15,x,16,0.015399795,1924974.4,0.7101392,0.7101392,False
9C,32,1.0,1,16,x,17,0.014493925,1811740.6,0.70330846,0.0663805,False
9C,32,1.0,1,17,x,18,0.013688707,1711088.4,0.9846593,0.9846593,True
9C,32,1.0,1,18,x,19,0.012968249,1621031.1,0.99341935,0.99341935,True
9C,32,1.0,1,19,x,20,0.012319837,1539979.6,0.99331355,0.99331355,True
9C,32,1.0,1,20,x,21,0.011733177,1466647.1,0.9933369,0.9933369,True
9C,32,1.0,1,21,x,22,0.0111998515,1399981.5,0.99313307,0.99313307,True
9C,32,1.0,1,22,x,23,0.010712901,1339112.6,0.9934093,0.9934093,True
9C,32,1.0,1,23,x,24,0.01026653,1283316.2,0.99335635,0.99335635,True
9C,32,1.0,1,24,x,25,0.009855868,1231983.5,0.9932309,0.9932309,True
9C,32,1.0,1,25,x,26,0.009476798,1184599.8,0.99315226,0.99315226,True
9C,32,1.0,1,26,x,27,0.0091258045,1140725.6,0.99333483,0.99333483,True
9C,32,1.0,1,27,x,28,0.008799884,1099985.5,0.9933358,0.9933358,True
9C,32,1.0,1,28,x,29,0.008496439,1062054.9,0.9933549,0.9933549,True
9C,32,1.0,1,29,x,30,0.008213225,1026653.1,0.99331605,0.99331605,True
9C,32,1.0,1,30,x,31,0.007948281,993535.1,0.99321663,0.99321663,True
9C,32,1.0,1,31,x,32,0.0076998975,962487.2,0.9933305,0.9933305,True
9C,32,1.0,1,32,y,1,0.24639672,30799590.0,0.9969909,0.9969909,True
9C,32,1.0,1,33,y,2,0.12319836,15399795.0,0.9978072,0.9978072,True
9C,32,1.0,1,34,y,3,0.08213224,10266530.0,0.9931374,0.9931374,True
9C,32,1.0,1,35,y,4,0.06159918,7699897.5,0.99341035,0.99341035,True
9C,32,1.0,1,36,y,5,0.049279347,6159918.5,0.9933858,0.9933858,True
9C,32,1.0,1,37,y,6,0.04106612,5133265.0,0.9934652,0.9934652,True
9C,32,1.0,1,38,y,7,0.035199534,4399942.0,0.99328494,0.99328494,True
9C,32,1.0,1,39,y,8,0.03079959,3849948.8,0.9934271,0.9934271,True
9C,32,1.0,1,40,y,9,0.027377414,3422176.8,0.99335575,0.99335575,True
9C,32,1.0,1,41,y,10,0.024639674,3079959.2,0.99329215,0.99329215,True
9C,32,1.0,1,42,y,11,0.022399703,2799963.0,0.99330676,0.99330676,True
9C,32,1.0,1,43,y,12,0.02053306,2566632.5,0.99334735,0.99334735,True
9C,32,1.0,1,44,y,13,0.018953595,2369199.5,0.9933188,0.9933188,True
9C,32,1.0,1,45,y,14,0.017599767,2199971.0,0.99324155,0.99324155,True
9C,32,1.0,1,46,y,15,0.01642645,2053306.2,0.9933182,0.9933182,True
9C,32,1.0,1,47,y,16,0.015399795,1924974.4,0.9933165,0.9933165,True
9C,32,1.0,1,48,y,17,0.014493925,1811740.6,0.9934272,0.9934272,True
9C,32,1.0,1,49,y,18,0.013688707,1711088.4,0.9933901,0.9933901,True
9C,32,1.0,1,50,y,19,0.012968249,1621031.1,0.98840016,0.98840016,True
9C,32,1.0,1,51,y,20,0.012319837,1539979.6,0.7540793,0.7540793,False
9C,32,1.0,1,52,y,21,0.011733177,1466647.1,0.9933214,0.9933214,True
9C,32,1.0,1,53,y,22,0.0111998515,1399981.5,0.9933595,0.9933595,True
9C,32,1.0,1,54,y,23,0.010712901,1339112.6,0.9933332,0.9933332,True
9C,32,1.0,1,55,y,24,0.01026653,1283316.2,0.99337715,0.99337715,True
9C,32,1.0,1,56,y,25,0.009855868,1231983.5,0.99336594,0.99336594,True
9C,32,1.0,1,57,y,26,0.009476798,1184599.8,0.9933684,0.9933684,True
9C,32,1.0,1,58,y,27,0.0091258045,1140725.6,0.98507595,0.98507595,True
9C,32,1.0,1,59,y,28,0.008799884,1099985.5,0.655959,-0.0068265945,False
9C,32,1.0,1,60,y,29,0.008496439,1062054.9,0.9932648,0.9932648,True
9C,32,1.0,1,61,y,30,0.008213225,1026653.1,0.9933981,0.9933981,True
9C,32,1.0,1,62,y,31,0.007948281,993535.1,0.9932662,0.9932662,True
9C,32,1.0,1,63,y,32,0.0076998975,962487.2,0.9932827,0.9932827,True
9C,32,1.0,2,0,x,1,0.24639672,30799590.0,0.9971274,0.9971274,True
9C,32,1.0,2,1,x,2,0.12319836,15399795.0,0.99794596,0.99794596,True
9C,32,1.0,2,2,x,3,0.08213224,10266530.0,0.9933377,0.9933377,True
9C,32,1.0,2,3,x,4,0.06159918,7699897.5,0.99362457,0.99362457,True
9C,32,1.0,2,4,x,5,0.049279347,6159918.5,0.993319,0.993319,True
9C,32,1.0,2,5,x,6,0.04106612,5133265.0,0.9935794,0.9935794,True
9C,32,1.0,2,6,x,7,0.035199534,4399942.0,0.99340445,0.99340445,True
9C,32,1.0,2,7,x,8,0.03079959,3849948.8,0.9933294,0.9933294,True
9C,32,1.0,2,8,x,9,0.027377414,3422176.8,0.9933381,0.9933381,True
9C,32,1.0,2,9,x,10,0.024639674,3079959.2,0.99339396,0.99339396,True
9C,32,1.0,2,10,x,11,0.022399703,2799963.0,0.99339753,0.99339753,True
9C,32,1.0,2,11,x,12,0.02053306,2566632.5,0.9934913,0.9934913,True
9C,32,1.0,2,12,x,13,0.018953595,2369199.5,0.99347,0.99347,True
9C,32,1.0,2,13,x,14,0.017599767,2199971.0,0.99336165,0.99336165,True
9C,32,1.0,2,14,x,15,0.01642645,2053306.2,0.99337095,0.99337095,True
9C,32,1.0,2,15,x,16,0.015399795,1924974.4,0.99350315,0.99350315,True
9C,32,1.0,2,16,x,17,0.014493925,1811740.6,0.9933873,0.9933873,True
9C,32,1.0,2,17,x,18,0.013688707,1711088.4,0.9935162,0.9935162,True
9C,32,1.0,2,18,x,19,0.012968249,1621031.1,0.9935169,0.9935169,True
9C,32,1.0,2,19,x,20,0.012319837,1539979.6,0.99348927,0.99348927,True
9C,32,1.0,2,20,x,21,0.011733177,1466647.1,0.99347913,0.99347913,True
9C,32,1.0,2,21,x,22,0.0111998515,1399981.5,0.99325335,0.99325335,True
9C,32,1.0,2,22,x,23,0.010712901,1339112.6,0.99355316,0.99355316,True
9C,32,1.0,2,23,x,24,0.01026653,1283316.2,0.9934647,0.9934647,True
9C,32,1.0,2,24,x,25,0.009855868,1231983.5,0.72093916,0.72093916,False
9C,32,1.0,2,25,x,26,0.009476798,1184599.8,0.9866958,0.9866958,True
9C,32,1.0,2,26,x,27,0.0091258045,1140725.6,0.6922253,-0.007426018,False
9C,32,1.0,2,27,x,28,0.008799884,1099985.5,0.9864955,0.9864955,True
9C,32,1.0,2,28,x,29,0.008496439,1062054.9,0.9934818,0.9934818,True
9C,32,1.0,2,29,x,30,0.008213225,1026653.1,0.99341655,0.99341655,True
9C,32,1.0,2,30,x,31,0.007948281,993535.1,0.99338037,0.99338037,True
9C,32,1.0,2,31,x,32,0.0076998975,962487.2,0.993459,0.993459,True
9C,32,1.0,2,32,y,1,0.24639672,30799590.0,0.99712175,0.99712175,True
9C,32,1.0,2,33,y,2,0.12319836,15399795.0,0.99791646,0.99791646,True
9C,32,1.0,2,34,y,3,0.08213224,10266530.0,0.99322176,0.99322176,True
9C,32,1.0,2,35,y,4,0.06159918,7699897.5,0.9935585,0.9935585,True
9C,32,1.0,2,36,y,5,0.049279347,6159918.5,0.99517804,0.99517804,True
9C,32,1.0,2,37,y,6,0.04106612,5133265.0,0.99356747,0.99356747,True
9C,32,1.0,2,38,y,7,0.035199534,4399942.0,0.993394,0.993394,True
9C,32,1.0,2,39,y,8,0.03079959,3849948.8,0.9935566,0.9935566,True
9C,32,1.0,2,40,y,9,0.027377414,3422176.8,0.99345356,0.99345356,True
9C,32,1.0,2,41,y,10,0.024639674,3079959.2,0.99340546,0.99340546,True
9C,32,1.0,2,42,y,11,0.022399703,2799963.0,0.9934196,0.9934196,True
9C,32,1.0,2,43,y,12,0.02053306,2566632.5,0.99350035,0.99350035,True
9C,32,1.0,2,44,y,13,0.018953595,2369199.5,0.9934256,0.9934256,True
9C,32,1.0,2,45,y,14,0.017599767,2199971.0,0.9933713,0.9933713,True
9C,32,1.0,2,46,y,15,0.01642645,2053306.2,0.9934781,0.9934781,True
9C,32,1.0,2,47,y,16,0.015399795,1924974.4,0.9934233,0.9934233,True
9C,32,1.0,2,48,y,17,0.014493925,1811740.6,0.9935324,0.9935324,True
9C,32,1.0,2,49,y,18,0.013688707,1711088.4,0.99350196,0.99350196,True
9C,32,1.0,2,50,y,19,0.012968249,1621031.1,0.9933197,0.9933197,True
9C,32,1.0,2,51,y,20,0.012319837,1539979.6,0.99343306,0.99343306,True
9C,32,1.0,2,52,y,21,0.011733177,1466647.1,0.9934187,0.9934187,True
9C,32,1.0,2,53,y,22,0.0111998515,1399981.5,0.9934477,0.9934477,True
9C,32,1.0,2,54,y,23,0.010712901,1339112.6,0.993516,0.993516,True
9C,32,1.0,2,55,y,24,0.01026653,1283316.2,0.9934838,0.9934838,True
9C,32,1.0,2,56,y,25,0.009855868,1231983.5,0.9934634,0.9934634,True
9C,32,1.0,2,57,y,26,0.009476798,1184599.8,0.9934398,0.9934398,True
9C,32,1.0,2,58,y,27,0.0091258045,1140725.6,0.9933913,0.9933913,True
9C,32,1.0,2,59,y,28,0.008799884,1099985.5,0.99338484,0.99338484,True
9C,32,1.0,2,60,y,29,0.008496439,1062054.9,0.99339074,0.99339074,True
9C,32,1.0,2,61,y,30,0.008213225,1026653.1,0.9934819,0.9934819,True
9C,32,1.0,2,62,y,31,0.007948281,993535.1,0.99335134,0.99335134,True
9C,32,1.0,2,63,y,32,0.0076998975,962487.2,0.9934182,0.9934182,True
9C,32,1.0,3,0,x,1,0.24639672,30799590.0,0.9980341,0.9980341,True
9C,32,1.0,3,1,x,2,0.12319836,15399795.0,0.9985252,0.9985252,True
9C,32,1.0,3,2,x,3,0.08213224,10266530.0,0.99538004,0.99538004,True
9C,32,1.0,3,3,x,4,0.06159918,7699897.5,0.99556655,0.99556655,True
9C,32,1.0,3,4,x,5,0.049279347,6159918.5,0.99536234,0.99536234,True
9C,32,1.0,3,5,x,6,0.04106612,5133265.0,0.99554324,0.99554324,True
9C,32,1.0,3,6,x,7,0.035199534,4399942.0,0.9954386,0.9954386,True
9C,32,1.0,3,7,x,8,0.03079959,3849948.8,0.99534565,0.99534565,True
9C,32,1.0,3,8,x,9,0.027377414,3422176.8,0.99537075,0.99537075,True
9C,32,1.0,3,9,x,10,0.024639674,3079959.2,0.99539566,0.99539566,True
9C,32,1.0,3,10,x,11,0.022399703,2799963.0,0.995388,0.995388,True
9C,32,1.0,3,11,x,12,0.02053306,2566632.5,0.9954635,0.9954635,True
9C,32,1.0,3,12,x,13,0.018953595,2369199.5,0.9954344,0.9954344,True
9C,32,1.0,3,13,x,14,0.017599767,2199971.0,0.9953534,0.9953534,True
9C,32,1.0,3,14,x,15,0.01642645,2053306.2,0.99536914,0.99536914,True
9C,32,1.0,3,15,x,16,0.015399795,1924974.4,0.9954752,0.9954752,True
9C,32,1.0,3,16,x,17,0.014493925,1811740.6,0.9953832,0.9953832,True
9C,32,1.0,3,17,x,18,0.013688707,1711088.4,0.9954963,0.9954963,True
9C,32,1.0,3,18,x,19,0.012968249,1621031.1,0.9954668,0.9954668,True
9C,32,1.0,3,19,x,20,0.012319837,1539979.6,0.9954933,0.9954933,True
9C,32,1.0,3,20,x,21,0.011733177,1466647.1,0.99547136,0.99547136,True
9C,32,1.0,3,21,x,22,0.0111998515,1399981.5,0.99532455,0.99532455,True
9C,32,1.0,3,22,x,23,0.010712901,1339112.6,0.99552965,0.99552965,True
9C,32,1.0,3,23,x,24,0.01026653,1283316.2,0.99553823,0.99553823,True
9C,32,1.0,3,24,x,25,0.009855868,1231983.5,0.98979896,0.98979896,True
9C,32,1.0,3,25,x,26,0.009476798,1184599.8,0.7288828,0.7288828,False
9C,32,1.0,3,26,x,27,0.0091258045,1140725.6,0.734427,0.09591169,False
9C,32,1.0,3,27,x,28,0.008799884,1099985.5,0.9913138,0.9913138,True
9C,32,1.0,3,28,x,29,0.008496439,1062054.9,0.99547356,0.99547356,True
9C,32,1.0,3,29,x,30,0.008213225,1026653.1,0.9954022,0.9954022,True
9C,32,1.0,3,30,x,31,0.007948281,993535.1,0.6840725,0.12657037,False
9C,32,1.0,3,31,x,32,0.0076998975,962487.2,0.98692685,0.98692685,True
9C,32,1.0,3,32,y,1,0.24639672,30799590.0,0.9980049,0.9980049,True
9C,32,1.0,3,33,y,2,0.12319836,15399795.0,0.9984881,0.9984881,True
9C,32,1.0,3,34,y,3,0.08213224,10266530.0,0.99530554,0.99530554,True
9C,32,1.0,3,35,y,4,0.06159918,7699897.5,0.99552166,0.99552166,True
9C,32,1.0,3,36,y,5,0.049279347,6159918.5,0.99547124,0.99547124,True
9C,32,1.0,3,37,y,6,0.04106612,5133265.0,0.99552625,0.99552625,True
9C,32,1.0,3,38,y,7,0.035199534,4399942.0,0.99540263,0.99540263,True
9C,32,1.0,3,39,y,8,0.03079959,3849948.8,0.9955436,0.9955436,True
9C,32,1.0,3,40,y,9,0.027377414,3422176.8,0.9954862,0.9954862,True
9C,32,1.0,3,41,y,10,0.024639674,3079959.2,0.9954019,0.9954019,True
9C,32,1.0,3,42,y,11,0.022399703,2799963.0,0.99542576,0.99542576,True
9C,32,1.0,3,43,y,12,0.02053306,2566632.5,0.99550015,0.99550015,True
9C,32,1.0,3,44,y,13,0.018953595,2369199.5,0.88067436,0.88067436,False
9C,32,1.0,3,45,y,14,0.017599767,2199971.0,0.7221808,0.7221808,False
9C,32,1.0,3,46,y,15,0.01642645,2053306.2,0.9955239,0.9955239,True
9C,32,1.0,3,47,y,16,0.015399795,1924974.4,0.99542856,0.99542856,True
9C,32,1.0,3,48,y,17,0.014493925,1811740.6,0.99549603,0.99549603,True
9C,32,1.0,3,49,y,18,0.013688707,1711088.4,0.99550396,0.99550396,True
9C,32,1.0,3,50,y,19,0.012968249,1621031.1,0.9953739,0.9953739,True
9C,32,1.0,3,51,y,20,0.012319837,1539979.6,0.99545217,0.99545217,True
9C,32,1.0,3,52,y,21,0.011733177,1466647.1,0.99545807,0.99545807,True
9C,32,1.0,3,53,y,22,0.0111998515,1399981.5,0.9954604,0.9954604,True
9C,32,1.0,3,54,y,23,0.010712901,1339112.6,0.7759257,0.7759257,False
9C,32,1.0,3,55,y,24,0.01026653,1283316.2,0.6251521,0.037363444,False
9C,32,1.0,3,56,y,25,0.009855868,1231983.5,0.99548125,0.99548125,True
9C,32,1.0,3,57,y,26,0.009476798,1184599.8,0.9955373,0.9955373,True
9C,32,1.0,3,58,y,27,0.0091258045,1140725.6,0.99536216,0.99536216,True
9C,32,1.0,3,59,y,28,0.008799884,1099985.5,0.9954216,0.9954216,True
9C,32,1.0,3,60,y,29,0.008496439,1062054.9,0.9954466,0.9954466,True
9C,32,1.0,3,61,y,30,0.008213225,1026653.1,0.596196,0.596196,False
9C,32,1.0,3,62,y,31,0.007948281,993535.1,0.9896177,0.9896177,True
9C,32,1.0,3,63,y,32,0.0076998975,962487.2,0.6785914,0.6785914,False
9C,32,1.0,4,0,x,1,0.24639672,30799590.0,0.9980271,0.9980271,True
9C,32,1.0,4,1,x,2,0.12319836,15399795.0,0.99848187,0.99848187,True
9C,32,1.0,4,2,x,3,0.08213224,10266530.0,0.99586105,0.99586105,True
9C,32,1.0,4,3,x,4,0.06159918,7699897.5,0.99595916,0.99595916,True
9C,32,1.0,4,4,x,5,0.049279347,6159918.5,0.9958166,0.9958166,True
9C,32,1.0,4,5,x,6,0.04106612,5133265.0,0.99594325,0.99594325,True
9C,32,1.0,4,6,x,7,0.035199534,4399942.0,0.99587977,0.99587977,True
9C,32,1.0,4,7,x,8,0.03079959,3849948.8,0.9957955,0.9957955,True
9C,32,1.0,4,8,x,9,0.027377414,3422176.8,0.9957978,0.9957978,True
9C,32,1.0,4,9,x,10,0.024639674,3079959.2,0.99583757,0.99583757,True
9C,32,1.0,4,10,x,11,0.022399703,2799963.0,0.9958416,0.9958416,True
9C,32,1.0,4,11,x,12,0.02053306,2566632.5,0.99589455,0.99589455,True
9C,32,1.0,4,12,x,13,0.018953595,2369199.5,0.99590635,0.99590635,True
9C,32,1.0,4,13,x,14,0.017599767,2199971.0,0.9961577,0.9961577,True
9C,32,1.0,4,14,x,15,0.01642645,2053306.2,0.9958167,0.9958167,True
9C,32,1.0,4,15,x,16,0.015399795,1924974.4,0.99592686,0.99592686,True
9C,32,1.0,4,16,x,17,0.014493925,1811740.6,0.989896,0.989896,True
9C,32,1.0,4,17,x,18,0.013688707,1711088.4,0.73525417,0.28398776,False
9C,32,1.0,4,18,x,19,0.012968249,1621031.1,0.99592036,0.99592036,True
9C,32,1.0,4,19,x,20,0.012319837,1539979.6,0.99589324,0.99589324,True
9C,32,1.0,4,20,x,21,0.011733177,1466647.1,0.9882572,0.9882572,True
9C,32,1.0,4,21,x,22,0.0111998515,1399981.5,0.67730844,0.67730844,False
9C,32,1.0,4,22,x,23,0.010712901,1339112.6,0.99591243,0.99591243,True
9C,32,1.0,4,23,x,24,0.01026653,1283316.2,0.99594665,0.99594665,True
9C,32,1.0,4,24,x,25,0.009855868,1231983.5,0.7419401,0.7419401,False
9C,32,1.0,4,25,x,26,0.009476798,1184599.8,0.9896037,0.9896037,True
9C,32,1.0,4,26,x,27,0.0091258045,1140725.6,0.6148624,-0.022608468,False
9C,32,1.0,4,27,x,28,0.008799884,1099985.5,0.98384464,0.98384464,True
9C,32,1.0,4,28,x,29,0.008496439,1062054.9,0.9891534,0.9891534,True
9C,32,1.0,4,29,x,30,0.008213225,1026653.1,0.6699459,0.042144187,False
9C,32,1.0,4,30,x,31,0.007948281,993535.1,0.99587286,0.99587286,True
9C,32,1.0,4,31,x,32,0.0076998975,962487.2,0.9958833,0.9958833,True
9C,32,1.0,4,32,y,1,0.24639672,30799590.0,0.9979827,0.9979827,True
9C,32,1.0,4,33,y,2,0.12319836,15399795.0,0.99844325,0.99844325,True
9C,32,1.0,4,34,y,3,0.08213224,10266530.0,0.99575835,0.99575835,True
9C,32,1.0,4,35,y,4,0.06159918,7699897.5,0.99594074,0.99594074,True
9C,32,1.0,4,36,y,5,0.049279347,6159918.5,0.99589795,0.99589795,True
9C,32,1.0,4,37,y,6,0.04106612,5133265.0,0.99592656,0.99592656,True
9C,32,1.0,4,38,y,7,0.035199534,4399942.0,0.9958377,0.9958377,True
9C,32,1.0,4,39,y,8,0.03079959,3849948.8,0.995964,0.995964,True
9C,32,1.0,4,40,y,9,0.027377414,3422176.8,0.9958971,0.9958971,True
9C,32,1.0,4,41,y,10,0.024639674,3079959.2,0.9958584,0.9958584,True
9C,32,1.0,4,42,y,11,0.022399703,2799963.0,0.9958454,0.9958454,True
9C,32,1.0,4,43,y,12,0.02053306,2566632.5,0.9959195,0.9959195,True
9C,32,1.0,4,44,y,13,0.018953595,2369199.5,0.9927168,0.9927168,True
9C,32,1.0,4,45,y,14,0.017599767,2199971.0,0.78841454,0.78841454,False
9C,32,1.0,4,46,y,15,0.01642645,2053306.2,0.9958954,0.9958954,True
9C,32,1.0,4,47,y,16,0.015399795,1924974.4,0.99585557,0.99585557,True
9C,32,1.0,4,48,y,17,0.014493925,1811740.6,0.99593323,0.99593323,True
9C,32,1.0,4,49,y,18,0.013688707,1711088.4,0.9959319,0.9959319,True
9C,32,1.0,4,50,y,19,0.012968249,1621031.1,0.99583364,0.99583364,True
9C,32,1.0,4,51,y,20,0.012319837,1539979.6,0.9958929,0.9958929,True
9C,32,1.0,4,52,y,21,0.011733177,1466647.1,0.9958839,0.9958839,True
9C,32,1.0,4,53,y,22,0.0111998515,1399981.5,0.99588645,0.99588645,True
9C,32,1.0,4,54,y,23,0.010712901,1339112.6,0.99591,0.99591,True
9C,32,1.0,4,55,y,24,0.01026653,1283316.2,0.99593765,0.99593765,True
9C,32,1.0,4,56,y,25,0.009855868,1231983.5,0.9958983,0.9958983,True
9C,32,1.0,4,57,y,26,0.009476798,1184599.8,0.9959166,0.9959166,True
9C,32,1.0,4,58,y,27,0.0091258045,1140725.6,0.9958492,0.9958492,True
9C,32,1.0,4,59,y,28,0.008799884,1099985.5,0.9958247,0.9958247,True
9C,32,1.0,4,60,y,29,0.008496439,1062054.9,0.99583876,0.99583876,True
9C,32,1.0,4,61,y,30,0.008213225,1026653.1,0.9959251,0.9959251,True
9C,32,1.0,4,62,y,31,0.007948281,993535.1,0.9958261,0.9958261,True
9C,32,1.0,4,63,y,32,0.0076998975,962487.2,0.9958528,0.9958528,True
9C,128,1.0,0,0,x,1,0.18405537,23006922.0,0.9997035,0.998891,True
9C,128,1.0,0,1,x,2,0.09202769,11503461.0,0.99949384,0.99949384,True
9C,128,1.0,0,2,x,3,0.061351795,7668974.5,0.9986526,0.9986526,True
9C,128,1.0,0,3,x,4,0.046013843,5751730.5,0.9983403,0.9983403,True
9C,128,1.0,0,4,x,5,0.036811076,4601384.5,0.99870074,0.9981134,True
9C,128,1.0,0,5,x,6,0.030675897,3834487.2,0.99834996,0.99834996,True
9C,128,1.0,0,6,x,7,0.026293626,3286703.2,0.9983747,0.9983747,True
9C,128,1.0,0,7,x,8,0.023006922,2875865.2,0.99833965,0.99833965,True
9C,128,1.0,0,8,x,9,0.020450598,2556324.8,0.9984522,0.9984522,True
9C,128,1.0,0,9,x,10,0.018405538,2300692.2,0.99839133,0.99839133,True
9C,128,1.0,0,10,x,11,0.016732307,2091538.4,0.99835813,0.99835813,True
9C,128,1.0,0,11,x,12,0.015337949,1917243.6,0.99844027,0.99844027,True
9C,128,1.0,0,12,x,13,0.014158106,1769763.2,0.99830073,0.99830073,True
9C,128,1.0,0,13,x,14,0.013146813,1643351.6,0.9983298,0.9983298,True
9C,128,1.0,0,14,x,15,0.012270359,1533794.9,0.9983221,0.9983221,True
9C,128,1.0,0,15,x,16,0.011503461,1437932.6,0.99838,0.99838,True
9C,128,1.0,0,16,x,17,0.010826787,1353348.4,0.99836254,0.99836254,True
9C,128,1.0,0,17,x,18,0.010225299,1278162.4,0.99843264,0.99843264,True
9C,128,1.0,0,18,x,19,0.009687125,1210890.6,0.99837995,0.99837995,True
9C,128,1.0,0,19,x,20,0.009202769,1150346.1,0.9982667,0.9982667,True
9C,128,1.0,0,20,x,21,0.008764542,1095567.8,0.99832034,0.99832034,True
9C,128,1.0,0,21,x,22,0.008366154,1045769.2,0.9985244,0.9985244,True
9C,128,1.0,0,22,x,23,0.008002408,1000301.0,0.99828863,0.99828863,True
9C,128,1.0,0,23,x,24,0.0076689743,958621.8,0.9984836,0.9984836,True
9C,128,1.0,0,24,x,25,0.007362215,920276.9,0.99827206,0.99827206,True
9C,128,1.0,0,25,x,26,0.007079053,884881.6,0.9983198,0.9983198,True
9C,128,1.0,0,26,x,27,0.006816866,852108.25,0.9983345,0.9983345,True
9C,128,1.0,0,27,x,28,0.0065734065,821675.8,0.9982639,0.9982639,True
9C,128,1.0,0,28,x,29,0.006346737,793342.1,0.99840885,0.99840885,True
9C,128,1.0,0,29,x,30,0.0061351797,766897.44,0.998257,0.998257,True
9C,128,1.0,0,30,x,31,0.00593727,742158.75,0.9983417,0.9983417,True
9C,128,1.0,0,31,x,32,0.0057517304,718966.3,0.99830616,0.99830616,True
9C,128,1.0,0,32,x,33,0.0055774357,697179.44,0.9983796,0.9983796,True
9C,128,1.0,0,33,x,34,0.0054133935,676674.2,0.99835575,0.99835575,True
9C,128,1.0,0,34,x,35,0.005258725,657340.6,0.99835193,0.99835193,True
9C,128,1.0,0,35,x,36,0.0051126494,639081.2,0.99841833,0.99841833,True
9C,128,1.0,0,36,x,37,0.00497447,621808.75,0.99846315,0.99846315,True
9C,128,1.0,0,37,x,38,0.0048435624,605445.3,0.998421,0.998421,True
9C,128,1.0,0,38,x,39,0.0047193686,589921.06,0.99823856,0.99823856,True
9C,128,1.0,0,39,x,40,0.0046013845,575173.06,0.99836123,0.99836123,True
9C,128,1.0,0,40,x,41,0.0044891555,561144.44,0.9983024,0.9983024,True
9C,128,1.0,0,41,x,42,0.004382271,547783.9,0.99829614,0.99829614,True
9C,128,1.0,0,42,x,43,0.0042803576,535044.7,0.79155886,0.79155886,False
9C,128,1.0,0,43,x,44,0.004183077,522884.6,0.9940911,0.9940911,True
9C,128,1.0,0,44,x,45,0.0040901196,511264.94,0.9984156,0.9984156,True
9C,128,1.0,0,45,x,46,0.004001204,500150.5,0.9983811,0.9983811,True
9C,128,1.0,0,46,x,47,0.0039160717,489508.97,0.99837446,0.99837446,True
9C,128,1.0,0,47,x,48,0.0038344872,479310.9,0.9983176,0.9983176,True
9C,128,1.0,0,48,x,49,0.003756232,469529.0,0.99339926,0.99339926,True
9C,128,1.0,0,49,x,50,0.0036811074,460138.44,0.7988969,0.7988969,False
9C,128,1.0,0,50,x,51,0.003608929,451116.12,0.9982255,0.9982255,True
9C,128,1.0,0,51,x,52,0.0035395266,442440.8,0.9984013,0.9984013,True
9C,128,1.0,0,52,x,53,0.003472743,434092.88,0.998419,0.998419,True
9C,128,1.0,0,53,x,54,0.003408433,426054.12,0.99844956,0.99844956,True
9C,128,1.0,0,54,x,55,0.0033464613,418307.66,0.99834746,0.99834746,True
9C,128,1.0,0,55,x,56,0.0032867033,410837.9,0.9982751,0.9982751,True
9C,128,1.0,0,56,x,57,0.0032290418,403630.22,0.99829155,0.99829155,True
9C,128,1.0,0,57,x,58,0.0031733685,396671.06,0.9984436,0.9984436,True
9C,128,1.0,0,58,x,59,0.0031195828,389947.84,0.81200844,0.81200844,False
9C,128,1.0,0,59,x,60,0.0030675898,383448.72,0.9928689,0.9928689,True
9C,128,1.0,0,60,x,61,0.0030173012,377162.66,0.9983964,0.9983964,True
9C,128,1.0,0,61,x,62,0.002968635,371079.38,0.9983108,0.9983108,True
9C,128,1.0,0,62,x,63,0.002921514,365189.25,0.9984255,0.9984255,True
9C,128,1.0,0,63,x,64,0.0028758652,359483.16,0.9984022,0.9984022,True
9C,128,1.0,0,64,x,65,0.002831621,353952.62,0.9984271,0.9984271,True
9C,128,1.0,0,65,x,66,0.0027887179,348589.72,0.9984971,0.9984971,True
9C,128,1.0,0,66,x,67,0.0027470952,343386.9,0.9984423,0.9984423,True
9C,128,1.0,0,67,x,68,0.0027066967,338337.1,0.99835116,0.99835116,True
9C,128,1.0,0,68,x,69,0.0026674692,333433.66,0.9983847,0.9983847,True
9C,128,1.0,0,69,x,70,0.0026293625,328670.3,0.9984351,0.9984351,True
9C,128,1.0,0,70,x,71,0.0025923292,324041.16,0.9983943,0.9983943,True
9C,128,1.0,0,71,x,72,0.0025563247,319540.6,0.9983538,0.9983538,True
9C,128,1.0,0,72,x,73,0.0025213065,315163.3,0.99843264,0.99843264,True
9C,128,1.0,0,73,x,74,0.002487235,310904.38,0.9984708,0.9984708,True
9C,128,1.0,0,74,x,75,0.0024540718,306758.97,0.9982369,0.9982369,True
9C,128,1.0,0,75,x,76,0.0024217812,302722.66,0.99845946,0.99845946,True
9C,128,1.0,0,76,x,77,0.0023903295,298791.2,0.9983295,0.9983295,True
9C,128,1.0,0,77,x,78,0.0023596843,294960.53,0.99839175,0.99839175,True
9C,128,1.0,0,78,x,79,0.002329815,291226.88,0.99845964,0.99845964,True
9C,128,1.0,0,79,x,80,0.0023006923,287586.53,0.9984207,0.9984207,True
9C,128,1.0,0,80,x,81,0.0022722885,284036.06,0.998464,0.998464,True
9C,128,1.0,0,81,x,82,0.0022445777,280572.22,0.9984384,0.9984384,True
9C,128,1.0,0,82,x,83,0.0022175347,277191.84,0.99842155,0.99842155,True
9C,128,1.0,0,83,x,84,0.0021911354,273891.94,0.9984121,0.9984121,True
9C,128,1.0,0,84,x,85,0.0021653573,270669.66,0.99841064,0.99841064,True
9C,128,1.0,0,85,x,86,0.0021401788,267522.34,0.9984509,0.9984509,True
9C,128,1.0,0,86,x,87,0.002115579,264447.38,0.9984899,0.9984899,True
9C,128,1.0,0,87,x,88,0.0020915384,261442.3,0.99835235,0.99835235,True
9C,128,1.0,0,88,x,89,0.0020680379,258504.73,0.9982939,0.9982939,True
9C,128,1.0,0,89,x,90,0.0020450598,255632.47,0.9984041,0.9984041,True
9C,128,1.0,0,90,x,91,0.0020225865,252823.31,0.99190927,0.99190927,True
9C,128,1.0,0,91,x,92,0.002000602,250075.25,0.5908106,0.024927732,False
9C,128,1.0,0,92,x,93,0.00197909,247386.25,0.6012448,0.0017010234,False
9C,128,1.0,0,93,x,94,0.0019580359,244754.48,0.9890254,0.9890254,True
9C,128,1.0,0,94,x,95,0.0019374251,242178.14,0.9984307,0.9984307,True
9C,128,1.0,0,95,x,96,0.0019172436,239655.45,0.99845326,0.99845326,True
9C,128,1.0,0,96,x,97,0.001897478,237184.75,0.99831766,0.99831766,True
9C,128,1.0,0,97,x,98,0.001878116,234764.5,0.9984237,0.9984237,True
9C,128,1.0,0,98,x,99,0.0018591452,232393.16,0.9604079,0.9604079,True
9C,128,1.0,0,99,x,100,0.0018405537,230069.22,0.9556538,0.9556538,True
9C,128,1.0,0,100,x,101,0.0018223304,227791.3,0.9984883,0.9984883,True
9C,128,1.0,0,101,x,102,0.0018044645,225558.06,0.9983347,0.9983347,True
9C,128,1.0,0,102,x,103,0.0017869454,223368.17,0.9983435,0.9983435,True
9C,128,1.0,0,103,x,104,0.0017697633,221220.4,0.9983918,0.9983918,True
9C,128,1.0,0,104,x,105,0.0017529085,219113.56,0.99825937,0.99825937,True
9C,128,1.0,0,105,x,106,0.0017363715,217046.44,0.9982413,0.9982413,True
9C,128,1.0,0,106,x,107,0.0017201437,215017.97,0.9984208,0.9984208,True
9C,128,1.0,0,107,x,108,0.0017042165,213027.06,0.99835896,0.99835896,True
9C,128,1.0,0,108,x,109,0.0016885814,211072.67,0.9984947,0.9984947,True
9C,128,1.0,0,109,x,110,0.0016732307,209153.83,0.9983577,0.9983577,True
9C,128,1.0,0,110,x,111,0.0016581566,207269.58,0.98887515,0.98887515,True
9C,128,1.0,0,111,x,112,0.0016433516,205418.95,0.58338916,0.036639027,False
9C,128,1.0,0,112,x,113,0.0016288087,203601.08,0.4761119,0.006061759,False
9C,128,1.0,0,113,x,114,0.0016145209,201815.11,0.9854222,0.9854222,True
9C,128,1.0,0,114,x,115,0.0016004815,200060.19,0.95192605,0.95192605,True
9C,128,1.0,0,115,x,116,0.0015866843,198335.53,0.95471334,0.95471334,True
9C,128,1.0,0,116,x,117,0.0015731229,196640.36,0.9983165,0.9983165,True
9C,128,1.0,0,117,x,118,0.0015597914,194973.92,0.9983003,0.9983003,True
9C,128,1.0,0,118,x,119,0.001546684,193335.5,0.99847883,0.99847883,True
9C,128,1.0,0,119,x,120,0.0015337949,191724.36,0.9984007,0.9984007,True
9C,128,1.0,0,120,x,121,0.0015211188,190139.84,0.998412,0.998412,True
9C,128,1.0,0,121,x,122,0.0015086506,188581.33,0.99835616,0.99835616,True
9C,128,1.0,0,122,x,123,0.0014963851,187048.14,0.99834454,0.99834454,True
9C,128,1.0,0,123,x,124,0.0014843175,185539.69,0.99836993,0.99836993,True
9C,128,1.0,0,124,x,125,0.0014724431,184055.39,0.99242336,0.99242336,True
9C,128,1.0,0,125,x,126,0.001460757,182594.62,0.6951618,0.06688179,False
9C,128,1.0,0,126,x,127,0.0014492549,181156.86,0.9917335,0.9917335,True
9C,128,1.0,0,127,x,128,0.0014379326,179741.58,0.68699783,0.0020563528,False
9C,128,1.0,0,128,y,1,0.18405537,23006922.0,0.99972403,0.99972403,True
9C,128,1.0,0,129,y,2,0.09202769,11503461.0,0.9997211,0.9997211,True
9C,128,1.0,0,130,y,3,0.061351795,7668974.5,0.99846613,0.99846613,True
9C,128,1.0,0,131,y,4,0.046013843,5751730.5,0.9987675,0.9987675,True
9C,128,1.0,0,132,y,5,0.036811076,4601384.5,0.99847066,0.99847066,True
9C,128,1.0,0,133,y,6,0.030675897,3834487.2,0.99863327,0.99863327,True
9C,128,1.0,0,134,y,7,0.026293626,3286703.2,0.9983847,0.9983847,True
9C,128,1.0,0,135,y,8,0.023006922,2875865.2,0.99859196,0.99859196,True
9C,128,1.0,0,136,y,9,0.020450598,2556324.8,0.9984596,0.9984596,True
9C,128,1.0,0,137,y,10,0.018405538,2300692.2,0.9984607,0.9984607,True
9C,128,1.0,0,138,y,11,0.016732307,2091538.4,0.99845374,0.99845374,True
9C,128,1.0,0,139,y,12,0.015337949,1917243.6,0.9985166,0.9985166,True
9C,128,1.0,0,140,y,13,0.014158106,1769763.2,0.9986283,0.9986283,True
9C,128,1.0,0,141,y,14,0.013146813,1643351.6,0.99841034,0.99841034,True
9C,128,1.0,0,142,y,15,0.012270359,1533794.9,0.99841416,0.99841416,True
9C,128,1.0,0,143,y,16,0.011503461,1437932.6,0.9985215,0.9985215,True
9C,128,1.0,0,144,y,17,0.010826787,1353348.4,0.99842757,0.99842757,True
9C,128,1.0,0,145,y,18,0.010225299,1278162.4,0.9984253,0.9984253,True
9C,128,1.0,0,146,y,19,0.009687125,1210890.6,0.9984272,0.9984272,True
9C,128,1.0,0,147,y,20,0.009202769,1150346.1,0.99841255,0.99841255,True
9C,128,1.0,0,148,y,21,0.008764542,1095567.8,0.9983927,0.9983927,True
9C,128,1.0,0,149,y,22,0.008366154,1045769.2,0.9984263,0.9984263,True
9C,128,1.0,0,150,y,23,0.008002408,1000301.0,0.99850863,0.99850863,True
9C,128,1.0,0,151,y,24,0.0076689743,958621.8,0.99843854,0.99843854,True
9C,128,1.0,0,152,y,25,0.007362215,920276.9,0.9986033,0.9986033,True
9C,128,1.0,0,153,y,26,0.007079053,884881.6,0.9985477,0.9985477,True
9C,128,1.0,0,154,y,27,0.006816866,852108.25,0.9985144,0.9985144,True
9C,128,1.0,0,155,y,28,0.0065734065,821675.8,0.99841225,0.99841225,True
9C,128,1.0,0,156,y,29,0.006346737,793342.1,0.9983503,0.9983503,True
9C,128,1.0,0,157,y,30,0.0061351797,766897.44,0.9983941,0.9983941,True
9C,128,1.0,0,158,y,31,0.00593727,742158.75,0.9947938,0.9947938,True
9C,128,1.0,0,159,y,32,0.0057517304,718966.3,0.87924767,0.87924767,False
9C,128,1.0,0,160,y,33,0.0055774357,697179.44,0.9984856,0.9984856,True
9C,128,1.0,0,161,y,34,0.0054133935,676674.2,0.99852693,0.99852693,True
9C,128,1.0,0,162,y,35,0.005258725,657340.6,0.99852383,0.99852383,True
9C,128,1.0,0,163,y,36,0.0051126494,639081.2,0.9983597,0.9983597,True
9C,128,1.0,0,164,y,37,0.00497447,621808.75,0.9984412,0.9984412,True
9C,128,1.0,0,165,y,38,0.0048435624,605445.3,0.99847627,0.99847627,True
9C,128,1.0,0,166,y,39,0.0047193686,589921.06,0.9985023,0.9985023,True
9C,128,1.0,0,167,y,40,0.0046013845,575173.06,0.9983791,0.9983791,True
9C,128,1.0,0,168,y,41,0.0044891555,561144.44,0.99855024,0.99855024,True
9C,128,1.0,0,169,y,42,0.004382271,547783.9,0.9985772,0.9985772,True
9C,128,1.0,0,170,y,43,0.0042803576,535044.7,0.99848163,0.99848163,True
9C,128,1.0,0,171,y,44,0.004183077,522884.6,0.9983922,0.9983922,True
9C,128,1.0,0,172,y,45,0.0040901196,511264.94,0.99833375,0.99833375,True
9C,128,1.0,0,173,y,46,0.004001204,500150.5,0.99842864,0.99842864,True
9C,128,1.0,0,174,y,47,0.0039160717,489508.97,0.9985275,0.9985275,True
9C,128,1.0,0,175,y,48,0.0038344872,479310.9,0.99845445,0.99845445,True
9C,128,1.0,0,176,y,49,0.003756232,469529.0,0.8067629,0.8067629,False
9C,128,1.0,0,177,y,50,0.0036811074,460138.44,0.9933766,0.9933766,True
9C,128,1.0,0,178,y,51,0.003608929,451116.12,0.99830973,0.99830973,True
9C,128,1.0,0,179,y,52,0.0035395266,442440.8,0.99842846,0.99842846,True
9C,128,1.0,0,180,y,53,0.003472743,434092.88,0.99850106,0.99850106,True
9C,128,1.0,0,181,y,54,0.003408433,426054.12,0.99834496,0.99834496,True
9C,128,1.0,0,182,y,55,0.0033464613,418307.66,0.9985083,0.9985083,True
9C,128,1.0,0,183,y,56,0.0032867033,410837.9,0.9985307,0.9985307,True
9C,128,1.0,0,184,y,57,0.0032290418,403630.22,0.9984926,0.9984926,True
9C,128,1.0,0,185,y,58,0.0031733685,396671.06,0.99845815,0.99845815,True
9C,128,1.0,0,186,y,59,0.0031195828,389947.84,0.99839836,0.99839836,True
9C,128,1.0,0,187,y,60,0.0030675898,383448.72,0.998461,0.998461,True
9C,128,1.0,0,188,y,61,0.0030173012,377162.66,0.9983612,0.9983612,True
9C,128,1.0,0,189,y,62,0.002968635,371079.38,0.9984059,0.9984059,True
9C,128,1.0,0,190,y,63,0.002921514,365189.25,0.9983709,0.9983709,True
9C,128,1.0,0,191,y,64,0.0028758652,359483.16,0.9983453,0.9983453,True
9C,128,1.0,0,192,y,65,0.002831621,353952.62,0.9983971,0.9983971,True
9C,128,1.0,0,193,y,66,0.0027887179,348589.72,0.9983734,0.9983734,True
9C,128,1.0,0,194,y,67,0.0027470952,343386.9,0.998489,0.998489,True
9C,128,1.0,0,195,y,68,0.0027066967,338337.1,0.9984677,0.9984677,True
9C,128,1.0,0,196,y,69,0.0026674692,333433.66,0.9986351,0.9986351,True
9C,128,1.0,0,197,y,70,0.0026293625,328670.3,0.99848306,0.99848306,True
9C,128,1.0,0,198,y,71,0.0025923292,324041.16,0.99014693,0.99014693,True
9C,128,1.0,0,199,y,72,0.0025563247,319540.6,0.6110211,0.0066893124,False
9C,128,1.0,0,200,y,73,0.0025213065,315163.3,0.998418,0.998418,True
9C,128,1.0,0,201,y,74,0.002487235,310904.38,0.9983993,0.9983993,True
9C,128,1.0,0,202,y,75,0.0024540718,306758.97,0.9983331,0.9983331,True
9C,128,1.0,0,203,y,76,0.0024217812,302722.66,0.9984882,0.9984882,True
9C,128,1.0,0,204,y,77,0.0023903295,298791.2,0.9985082,0.9985082,True
9C,128,1.0,0,205,y,78,0.0023596843,294960.53,0.99841857,0.99841857,True
9C,128,1.0,0,206,y,79,0.002329815,291226.88,0.99847054,0.99847054,True
9C,128,1.0,0,207,y,80,0.0023006923,287586.53,0.99842703,0.99842703,True
9C,128,1.0,0,208,y,81,0.0022722885,284036.06,0.99841845,0.99841845,True
9C,128,1.0,0,209,y,82,0.0022445777,280572.22,0.9983636,0.9983636,True
9C,128,1.0,0,210,y,83,0.0022175347,277191.84,0.9985973,0.9985973,True
9C,128,1.0,0,211,y,84,0.0021911354,273891.94,0.99839467,0.99839467,True
9C,128,1.0,0,212,y,85,0.0021653573,270669.66,0.9984211,0.9984211,True
9C,128,1.0,0,213,y,86,0.0021401788,267522.34,0.99840355,0.99840355,True
9C,128,1.0,0,214,y,87,0.002115579,264447.38,0.9985027,0.9985027,True
9C,128,1.0,0,215,y,88,0.0020915384,261442.3,0.99851763,0.99851763,True
9C,128,1.0,0,216,y,89,0.0020680379,258504.73,0.99844414,0.99844414,True
9C,128,1.0,0,217,y,90,0.0020450598,255632.47,0.99845016,0.99845016,True
9C,128,1.0,0,218,y,91,0.0020225865,252823.31,0.9984299,0.9984299,True
9C,128,1.0,0,219,y,92,0.002000602,250075.25,0.9984385,0.9984385,True
9C,128,1.0,0,220,y,93,0.00197909,247386.25,0.9984976,0.9984976,True
9C,128,1.0,0,221,y,94,0.0019580359,244754.48,0.99842983,0.99842983,True
9C,128,1.0,0,222,y,95,0.0019374251,242178.14,0.99860144,0.99860144,True
9C,128,1.0,0,223,y,96,0.0019172436,239655.45,0.99849904,0.99849904,True
9C,128,1.0,0,224,y,97,0.001897478,237184.75,0.998398,0.998398,True
9C,128,1.0,0,225,y,98,0.001878116,234764.5,0.9985173,0.9985173,True
9C,128,1.0,0,226,y,99,0.0018591452,232393.16,0.34719437,0.092490345,False
9C,128,1.0,0,227,y,100,0.0018405537,230069.22,0.998436,0.998436,True
9C,128,1.0,0,228,y,101,0.0018223304,227791.3,0.72838485,0.72838485,False
9C,128,1.0,0,229,y,102,0.0018044645,225558.06,0.99282116,0.99282116,True
9C,128,1.0,0,230,y,103,0.0017869454,223368.17,0.99836093,0.99836093,True
9C,128,1.0,0,231,y,104,0.0017697633,221220.4,0.9983855,0.9983855,True
9C,128,1.0,0,232,y,105,0.0017529085,219113.56,0.9574618,0.9574618,True
9C,128,1.0,0,233,y,106,0.0017363715,217046.44,0.9484765,0.9484765,True
9C,128,1.0,0,234,y,107,0.0017201437,215017.97,0.9947614,0.9947614,True
9C,128,1.0,0,235,y,108,0.0017042165,213027.06,0.726637,0.726637,False
9C,128,1.0,0,236,y,109,0.0016885814,211072.67,0.99832845,0.99832845,True
9C,128,1.0,0,237,y,110,0.0016732307,209153.83,0.9985212,0.9985212,True
9C,128,1.0,0,238,y,111,0.0016581566,207269.58,0.9984298,0.9984298,True
9C,128,1.0,0,239,y,112,0.0016433516,205418.95,0.9985398,0.9985398,True
9C,128,1.0,0,240,y,113,0.0016288087,203601.08,0.71883166,0.71883166,False
9C,128,1.0,0,241,y,114,0.0016145209,201815.11,0.9929856,0.9929856,True
9C,128,1.0,0,242,y,115,0.0016004815,200060.19,0.6849731,0.0007339474,False
9C,128,1.0,0,243,y,116,0.0015866843,198335.53,0.9902141,0.9902141,True
9C,128,1.0,0,244,y,117,0.0015731229,196640.36,0.31540415,0.0045171976,False
9C,128,1.0,0,245,y,118,0.0015597914,194973.92,0.9983549,0.9983549,True
9C,128,1.0,0,246,y,119,0.001546684,193335.5,0.9984294,0.9984294,True
9C,128,1.0,0,247,y,120,0.0015337949,191724.36,0.9984084,0.9984084,True
9C,128,1.0,0,248,y,121,0.0015211188,190139.84,0.9427895,0.9427895,True
9C,128,1.0,0,249,y,122,0.0015086506,188581.33,0.937321,0.937321,True
9C,128,1.0,0,250,y,123,0.0014963851,187048.14,0.042419814,0.002528688,False
9C,128,1.0,0,251,y,124,0.0014843175,185539.69,0.2944215,0.0015580952,False
9C,128,1.0,0,252,y,125,0.0014724431,184055.39,0.30622447,0.0022081956,False
9C,128,1.0,0,253,y,126,0.001460757,182594.62,0.014091188,0.0005241614,False
9C,128,1.0,0,254,y,127,0.0014492549,181156.86,0.99839413,0.99839413,True
9C,128,1.0,0,255,y,128,0.0014379326,179741.58,0.9984469,0.9984469,True
9C,128,1.0,1,0,x,1,0.18405537,23006922.0,0.99979967,0.99979967,True
9C,128,1.0,1,1,x,2,0.09202769,11503461.0,0.9993633,0.9993633,True
9C,128,1.0,1,2,x,3,0.061351795,7668974.5,0.99818754,0.99818754,True
9C,128,1.0,1,3,x,4,0.046013843,5751730.5,0.99814385,0.99814385,True
9C,128,1.0,1,4,x,5,0.036811076,4601384.5,0.99809337,0.99809337,True
9C,128,1.0,1,5,x,6,0.030675897,3834487.2,0.9981289,0.9981289,True
9C,128,1.0,1,6,x,7,0.026293626,3286703.2,0.9981257,0.9981257,True
9C,128,1.0,1,7,x,8,0.023006922,2875865.2,0.99812686,0.99812686,True
9C,128,1.0,1,8,x,9,0.020450598,2556324.8,0.99820083,0.99820083,True
9C,128,1.0,1,9,x,10,0.018405538,2300692.2,0.9981407,0.9981407,True
9C,128,1.0,1,10,x,11,0.016732307,2091538.4,0.99809223,0.99809223,True
9C,128,1.0,1,11,x,12,0.015337949,1917243.6,0.9981868,0.9981868,True
9C,128,1.0,1,12,x,13,0.014158106,1769763.2,0.99805105,0.99805105,True
9C,128,1.0,1,13,x,14,0.013146813,1643351.6,0.9980998,0.9980998,True
9C,128,1.0,1,14,x,15,0.012270359,1533794.9,0.9981427,0.9981427,True
9C,128,1.0,1,15,x,16,0.011503461,1437932.6,0.99817395,0.99817395,True
9C,128,1.0,1,16,x,17,0.010826787,1353348.4,0.998149,0.998149,True
9C,128,1.0,1,17,x,18,0.010225299,1278162.4,0.9981923,0.9981923,True
9C,128,1.0,1,18,x,19,0.009687125,1210890.6,0.9981438,0.9981438,True
9C,128,1.0,1,19,x,20,0.009202769,1150346.1,0.998072,0.998072,True
9C,128,1.0,1,20,x,21,0.008764542,1095567.8,0.9980665,0.9980665,True
9C,128,1.0,1,21,x,22,0.008366154,1045769.2,0.99812406,0.99812406,True
9C,128,1.0,1,22,x,23,0.008002408,1000301.0,0.99802357,0.99802357,True
9C,128,1.0,1,23,x,24,0.0076689743,958621.8,0.9982438,0.9982438,True
9C,128,1.0,1,24,x,25,0.007362215,920276.9,0.99799895,0.99799895,True
9C,128,1.0,1,25,x,26,0.007079053,884881.6,0.9980116,0.9980116,True
9C,128,1.0,1,26,x,27,0.006816866,852108.25,0.9980689,0.9980689,True
9C,128,1.0,1,27,x,28,0.0065734065,821675.8,0.9979937,0.9979937,True
9C,128,1.0,1,28,x,29,0.006346737,793342.1,0.99818873,0.99818873,True
9C,128,1.0,1,29,x,30,0.0061351797,766897.44,0.99795836,0.99795836,True
9C,128,1.0,1,30,x,31,0.00593727,742158.75,0.9981023,0.9981023,True
9C,128,1.0,1,31,x,32,0.0057517304,718966.3,0.9980917,0.9980917,True
9C,128,1.0,1,32,x,33,0.0055774357,697179.44,0.9980476,0.9980476,True
9C,128,1.0,1,33,x,34,0.0054133935,676674.2,0.9981079,0.9981079,True
9C,128,1.0,1,34,x,35,0.005258725,657340.6,0.99807906,0.99807906,True
9C,128,1.0,1,35,x,36,0.0051126494,639081.2,0.9980971,0.9980971,True
9C,128,1.0,1,36,x,37,0.00497447,621808.75,0.99881697,0.99881697,True
9C,128,1.0,1,37,x,38,0.0048435624,605445.3,0.9982147,0.9982147,True
9C,128,1.0,1,38,x,39,0.0047193686,589921.06,0.99798036,0.99798036,True
9C,128,1.0,1,39,x,40,0.0046013845,575173.06,0.99804443,0.99804443,True
9C,128,1.0,1,40,x,41,0.0044891555,561144.44,0.99795705,0.99795705,True
9C,128,1.0,1,41,x,42,0.004382271,547783.9,0.99808854,0.99808854,True
9C,128,1.0,1,42,x,43,0.0042803576,535044.7,0.9980676,0.9980676,True
9C,128,1.0,1,43,x,44,0.004183077,522884.6,0.99823856,0.99823856,True
9C,128,1.0,1,44,x,45,0.0040901196,511264.94,0.9981236,0.9981236,True
9C,128,1.0,1,45,x,46,0.004001204,500150.5,0.99806947,0.99806947,True
9C,128,1.0,1,46,x,47,0.0039160717,489508.97,0.9981434,0.9981434,True
9C,128,1.0,1,47,x,48,0.0038344872,479310.9,0.99809116,0.99809116,True
9C,128,1.0,1,48,x,49,0.003756232,469529.0,0.99807256,0.99807256,True
9C,128,1.0,1,49,x,50,0.0036811074,460138.44,0.99821854,0.99821854,True
9C,128,1.0,1,50,x,51,0.003608929,451116.12,0.9980095,0.9980095,True
9C,128,1.0,1,51,x,52,0.0035395266,442440.8,0.9981588,0.9981588,True
9C,128,1.0,1,52,x,53,0.003472743,434092.88,0.998111,0.998111,True
9C,128,1.0,1,53,x,54,0.003408433,426054.12,0.99816215,0.99816215,True
9C,128,1.0,1,54,x,55,0.0033464613,418307.66,0.99801725,0.99801725,True
9C,128,1.0,1,55,x,56,0.0032867033,410837.9,0.99800843,0.99800843,True
9C,128,1.0,1,56,x,57,0.0032290418,403630.22,0.9980016,0.9980016,True
9C,128,1.0,1,57,x,58,0.0031733685,396671.06,0.9981842,0.9981842,True
9C,128,1.0,1,58,x,59,0.0031195828,389947.84,0.99823374,0.99823374,True
9C,128,1.0,1,59,x,60,0.0030675898,383448.72,0.9981364,0.9981364,True
9C,128,1.0,1,60,x,61,0.0030173012,377162.66,0.9917527,0.9917527,True
9C,128,1.0,1,61,x,62,0.002968635,371079.38,0.7112237,0.7112237,False
9C,128,1.0,1,62,x,63,0.002921514,365189.25,0.9981671,0.9981671,True
9C,128,1.0,1,63,x,64,0.0028758652,359483.16,0.9981642,0.9981642,True
9C,128,1.0,1,64,x,65,0.002831621,353952.62,0.70273757,-1.7553568e-05,False
9C,128,1.0,1,65,x,66,0.0027887179,348589.72,0.9913538,0.9913538,True
9C,128,1.0,1,66,x,67,0.0027470952,343386.9,0.9982375,0.9982375,True
9C,128,1.0,1,67,x,68,0.0027066967,338337.1,0.9981624,0.9981624,True
9C,128,1.0,1,68,x,69,0.0026674692,333433.66,0.799313,0.799313,False
9C,128,1.0,1,69,x,70,0.0026293625,328670.3,0.994264,0.994264,True
9C,128,1.0,1,70,x,71,0.0025923292,324041.16,0.9981494,0.9981494,True
9C,128,1.0,1,71,x,72,0.0025563247,319540.6,0.9981041,0.9981041,True
9C,128,1.0,1,72,x,73,0.0025213065,315163.3,0.99816495,0.99816495,True
9C,128,1.0,1,73,x,74,0.002487235,310904.38,0.9981505,0.9981505,True
9C,128,1.0,1,74,x,75,0.0024540718,306758.97,0.7770356,0.7770356,False
9C,128,1.0,1,75,x,76,0.0024217812,302722.66,0.9933629,0.9933629,True
9C,128,1.0,1,76,x,77,0.0023903295,298791.2,0.99806744,0.99806744,True
9C,128,1.0,1,77,x,78,0.0023596843,294960.53,0.9980532,0.9980532,True
9C,128,1.0,1,78,x,79,0.002329815,291226.88,0.998217,0.998217,True
9C,128,1.0,1,79,x,80,0.0023006923,287586.53,0.9982074,0.9982074,True
9C,128,1.0,1,80,x,81,0.0022722885,284036.06,0.77234894,0.77234894,False
9C,128,1.0,1,81,x,82,0.0022445777,280572.22,0.9928017,0.9928017,True
9C,128,1.0,1,82,x,83,0.0022175347,277191.84,0.9914829,0.9914829,True
9C,128,1.0,1,83,x,84,0.0021911354,273891.94,0.71358746,0.71358746,False
9C,128,1.0,1,84,x,85,0.0021653573,270669.66,0.9981971,0.9981971,True
9C,128,1.0,1,85,x,86,0.0021401788,267522.34,0.9981818,0.9981818,True
9C,128,1.0,1,86,x,87,0.002115579,264447.38,0.9981531,0.9981531,True
9C,128,1.0,1,87,x,88,0.0020915384,261442.3,0.99808025,0.99808025,True
9C,128,1.0,1,88,x,89,0.0020680379,258504.73,0.99800277,0.99800277,True
9C,128,1.0,1,89,x,90,0.0020450598,255632.47,0.9980997,0.9980997,True
9C,128,1.0,1,90,x,91,0.0020225865,252823.31,0.70038235,0.13511886,False
9C,128,1.0,1,91,x,92,0.002000602,250075.25,0.99046284,0.99046284,True
9C,128,1.0,1,92,x,93,0.00197909,247386.25,0.99801844,0.99801844,True
9C,128,1.0,1,93,x,94,0.0019580359,244754.48,0.9980223,0.9980223,True
9C,128,1.0,1,94,x,95,0.0019374251,242178.14,0.99062943,0.99062943,True
9C,128,1.0,1,95,x,96,0.0019172436,239655.45,0.6365229,0.005008228,False
9C,128,1.0,1,96,x,97,0.001897478,237184.75,0.9980688,0.9980688,True
9C,128,1.0,1,97,x,98,0.001878116,234764.5,0.99811697,0.99811697,True
9C,128,1.0,1,98,x,99,0.0018591452,232393.16,0.7337487,0.7337487,False
9C,128,1.0,1,99,x,100,0.0018405537,230069.22,0.9908449,0.9908449,True
9C,128,1.0,1,100,x,101,0.0018223304,227791.3,0.9982581,0.9982581,True
9C,128,1.0,1,101,x,102,0.0018044645,225558.06,0.99801606,0.99801606,True
9C,128,1.0,1,102,x,103,0.0017869454,223368.17,0.9980248,0.9980248,True
9C,128,1.0,1,103,x,104,0.0017697633,221220.4,0.9981269,0.9981269,True
9C,128,1.0,1,104,x,105,0.0017529085,219113.56,0.9979314,0.9979314,True
9C,128,1.0,1,105,x,106,0.0017363715,217046.44,0.99797654,0.99797654,True
9C,128,1.0,1,106,x,107,0.0017201437,215017.97,0.9926529,0.9926529,True
9C,128,1.0,1,107,x,108,0.0017042165,213027.06,0.72297597,0.72297597,False
9C,128,1.0,1,108,x,109,0.0016885814,211072.67,0.9981658,0.9981658,True
9C,128,1.0,1,109,x,110,0.0016732307,209153.83,0.998058,0.998058,True
9C,128,1.0,1,110,x,111,0.0016581566,207269.58,0.686388,0.686388,False
9C,128,1.0,1,111,x,112,0.0016433516,205418.95,0.9904575,0.9904575,True
9C,128,1.0,1,112,x,113,0.0016288087,203601.08,0.99148905,0.99148905,True
9C,128,1.0,1,113,x,114,0.0016145209,201815.11,0.6906172,0.09389056,False
9C,128,1.0,1,114,x,115,0.0016004815,200060.19,0.99813664,0.99813664,True
9C,128,1.0,1,115,x,116,0.0015866843,198335.53,0.99814683,0.99814683,True
9C,128,1.0,1,116,x,117,0.0015731229,196640.36,0.99803543,0.99803543,True
9C,128,1.0,1,117,x,118,0.0015597914,194973.92,0.9980365,0.9980365,True
9C,128,1.0,1,118,x,119,0.001546684,193335.5,0.9981472,0.9981472,True
9C,128,1.0,1,119,x,120,0.0015337949,191724.36,0.9981083,0.9981083,True
9C,128,1.0,1,120,x,121,0.0015211188,190139.84,0.6291748,0.0013197251,False
9C,128,1.0,1,121,x,122,0.0015086506,188581.33,0.988235,0.988235,True
9C,128,1.0,1,122,x,123,0.0014963851,187048.14,0.98976684,0.98976684,True
9C,128,1.0,1,123,x,124,0.0014843175,185539.69,0.6349504,0.0017794594,False
9C,128,1.0,1,124,x,125,0.0014724431,184055.39,0.9982087,0.9982087,True
9C,128,1.0,1,125,x,126,0.001460757,182594.62,0.99809015,0.99809015,True
9C,128,1.0,1,126,x,127,0.0014492549,181156.86,0.9866488,0.9866488,True
9C,128,1.0,1,127,x,128,0.0014379326,179741.58,0.46728712,0.041084386,False
9C,128,1.0,1,128,y,1,0.18405537,23006922.0,0.99968493,0.99968493,True
9C,128,1.0,1,129,y,2,0.09202769,11503461.0,0.9995742,0.9995742,True
9C,128,1.0,1,130,y,3,0.061351795,7668974.5,0.99808216,0.99808216,True
9C,128,1.0,1,131,y,4,0.046013843,5751730.5,0.99833924,0.99833924,True
9C,128,1.0,1,132,y,5,0.036811076,4601384.5,0.9980978,0.9980978,True
9C,128,1.0,1,133,y,6,0.030675897,3834487.2,0.99822783,0.99822783,True
9C,128,1.0,1,134,y,7,0.026293626,3286703.2,0.9980677,0.9980677,True
9C,128,1.0,1,135,y,8,0.023006922,2875865.2,0.99814576,0.99814576,True
9C,128,1.0,1,136,y,9,0.020450598,2556324.8,0.99811935,0.99811935,True
9C,128,1.0,1,137,y,10,0.018405538,2300692.2,0.99813944,0.99813944,True
9C,128,1.0,1,138,y,11,0.016732307,2091538.4,0.9981596,0.9981596,True
9C,128,1.0,1,139,y,12,0.015337949,1917243.6,0.9981186,0.9981186,True
9C,128,1.0,1,140,y,13,0.014158106,1769763.2,0.99822754,0.99822754,True
9C,128,1.0,1,141,y,14,0.013146813,1643351.6,0.9980949,0.9980949,True
9C,128,1.0,1,142,y,15,0.012270359,1533794.9,0.9981121,0.9981121,True
9C,128,1.0,1,143,y,16,0.011503461,1437932.6,0.99816227,0.99816227,True
9C,128,1.0,1,144,y,17,0.010826787,1353348.4,0.99827385,0.99827385,True
9C,128,1.0,1,145,y,18,0.010225299,1278162.4,0.9980647,0.9980647,True
9C,128,1.0,1,146,y,19,0.009687125,1210890.6,0.9981081,0.9981081,True
9C,128,1.0,1,147,y,20,0.009202769,1150346.1,0.9979949,0.9979949,True
9C,128,1.0,1,148,y,21,0.008764542,1095567.8,0.99809945,0.99809945,True
9C,128,1.0,1,149,y,22,0.008366154,1045769.2,0.9981309,0.9981309,True
9C,128,1.0,1,150,y,23,0.008002408,1000301.0,0.99817336,0.99817336,True
9C,128,1.0,1,151,y,24,0.0076689743,958621.8,0.9981183,0.9981183,True
9C,128,1.0,1,152,y,25,0.007362215,920276.9,0.99825644,0.99825644,True
9C,128,1.0,1,153,y,26,0.007079053,884881.6,0.9981741,0.9981741,True
9C,128,1.0,1,154,y,27,0.006816866,852108.25,0.9981615,0.9981615,True
9C,128,1.0,1,155,y,28,0.0065734065,821675.8,0.99807215,0.99807215,True
9C,128,1.0,1,156,y,29,0.006346737,793342.1,0.99801874,0.99801874,True
9C,128,1.0,1,157,y,30,0.0061351797,766897.44,0.99803853,0.99803853,True
9C,128,1.0,1,158,y,31,0.00593727,742158.75,0.9981389,0.9981389,True
9C,128,1.0,1,159,y,32,0.0057517304,718966.3,0.9980558,0.9980558,True
9C,128,1.0,1,160,y,33,0.0055774357,697179.44,0.9981799,0.9981799,True
9C,128,1.0,1,161,y,34,0.0054133935,676674.2,0.99826455,0.99826455,True
9C,128,1.0,1,162,y,35,0.005258725,657340.6,0.9953207,0.9953207,True
9C,128,1.0,1,163,y,36,0.0051126494,639081.2,0.8838793,0.8838793,False
9C,128,1.0,1,164,y,37,0.00497447,621808.75,0.99813175,0.99813175,True
9C,128,1.0,1,165,y,38,0.0048435624,605445.3,0.99814165,0.99814165,True
9C,128,1.0,1,166,y,39,0.0047193686,589921.06,0.998173,0.998173,True
9C,128,1.0,1,167,y,40,0.0046013845,575173.06,0.99807304,0.99807304,True
9C,128,1.0,1,168,y,41,0.0044891555,561144.44,0.9982436,0.9982436,True
9C,128,1.0,1,169,y,42,0.004382271,547783.9,0.9982511,0.9982511,True
9C,128,1.0,1,170,y,43,0.0042803576,535044.7,0.9981111,0.9981111,True
9C,128,1.0,1,171,y,44,0.004183077,522884.6,0.9980948,0.9980948,True
9C,128,1.0,1,172,y,45,0.0040901196,511264.94,0.9980481,0.9980481,True
9C,128,1.0,1,173,y,46,0.004001204,500150.5,0.9981367,0.9981367,True
9C,128,1.0,1,174,y,47,0.0039160717,489508.97,0.99813706,0.99813706,True
9C,128,1.0,1,175,y,48,0.0038344872,479310.9,0.9981717,0.9981717,True
9C,128,1.0,1,176,y,49,0.003756232,469529.0,0.9981234,0.9981234,True
9C,128,1.0,1,177,y,50,0.0036811074,460138.44,0.9980937,0.9980937,True
9C,128,1.0,1,178,y,51,0.003608929,451116.12,0.99793166,0.99793166,True
9C,128,1.0,1,179,y,52,0.0035395266,442440.8,0.9981476,0.9981476,True
9C,128,1.0,1,180,y,53,0.003472743,434092.88,0.9983049,0.9983049,True
9C,128,1.0,1,181,y,54,0.003408433,426054.12,0.99802595,0.99802595,True
9C,128,1.0,1,182,y,55,0.0033464613,418307.66,0.99822176,0.99822176,True
9C,128,1.0,1,183,y,56,0.0032867033,410837.9,0.99825656,0.99825656,True
9C,128,1.0,1,184,y,57,0.0032290418,403630.22,0.9982194,0.9982194,True
9C,128,1.0,1,185,y,58,0.0031733685,396671.06,0.99817675,0.99817675,True
9C,128,1.0,1,186,y,59,0.0031195828,389947.84,0.9980885,0.9980885,True
9C,128,1.0,1,187,y,60,0.0030675898,383448.72,0.9981779,0.9981779,True
9C,128,1.0,1,188,y,61,0.0030173012,377162.66,0.9935857,0.9935857,True
9C,128,1.0,1,189,y,62,0.002968635,371079.38,0.77121294,0.77121294,False
9C,128,1.0,1,190,y,63,0.002921514,365189.25,0.99807954,0.99807954,True
9C,128,1.0,1,191,y,64,0.0028758652,359483.16,0.99798685,0.99798685,True
9C,128,1.0,1,192,y,65,0.002831621,353952.62,0.99815357,0.99815357,True
9C,128,1.0,1,193,y,66,0.0027887179,348589.72,0.99814314,0.99814314,True
9C,128,1.0,1,194,y,67,0.0027470952,343386.9,0.9982028,0.9982028,True
9C,128,1.0,1,195,y,68,0.0027066967,338337.1,0.99817824,0.99817824,True
9C,128,1.0,1,196,y,69,0.0026674692,333433.66,0.99820244,0.99820244,True
9C,128,1.0,1,197,y,70,0.0026293625,328670.3,0.99817157,0.99817157,True
9C,128,1.0,1,198,y,71,0.0025923292,324041.16,0.9980433,0.9980433,True
9C,128,1.0,1,199,y,72,0.0025563247,319540.6,0.99799347,0.99799347,True
9C,128,1.0,1,200,y,73,0.0025213065,315163.3,0.9981214,0.9981214,True
9C,128,1.0,1,201,y,74,0.002487235,310904.38,0.9980916,0.9980916,True
9C,128,1.0,1,202,y,75,0.0024540718,306758.97,0.7555161,0.7555161,False
9C,128,1.0,1,203,y,76,0.0024217812,302722.66,0.9904231,0.9904231,True
9C,128,1.0,1,204,y,77,0.0023903295,298791.2,0.99805915,0.99805915,True
9C,128,1.0,1,205,y,78,0.0023596843,294960.53,0.9981534,0.9981534,True
9C,128,1.0,1,206,y,79,0.002329815,291226.88,0.99811465,0.99811465,True
9C,128,1.0,1,207,y,80,0.0023006923,287586.53,0.9981084,0.9981084,True
9C,128,1.0,1,208,y,81,0.0022722885,284036.06,0.9981967,0.9981967,True
9C,128,1.0,1,209,y,82,0.0022445777,280572.22,0.99808913,0.99808913,True
9C,128,1.0,1,210,y,83,0.0022175347,277191.84,0.9983747,0.9983747,True
9C,128,1.0,1,211,y,84,0.0021911354,273891.94,0.9980724,0.9980724,True
9C,128,1.0,1,212,y,85,0.0021653573,270669.66,0.9981024,0.9981024,True
9C,128,1.0,1,213,y,86,0.0021401788,267522.34,0.9981004,0.9981004,True
9C,128,1.0,1,214,y,87,0.002115579,264447.38,0.9982164,0.9982164,True
9C,128,1.0,1,215,y,88,0.0020915384,261442.3,0.9982046,0.9982046,True
9C,128,1.0,1,216,y,89,0.0020680379,258504.73,0.9981991,0.9981991,True
9C,128,1.0,1,217,y,90,0.0020450598,255632.47,0.9982673,0.9982673,True
9C,128,1.0,1,218,y,91,0.0020225865,252823.31,0.9980942,0.9980942,True
9C,128,1.0,1,219,y,92,0.002000602,250075.25,0.9981113,0.9981113,True
9C,128,1.0,1,220,y,93,0.00197909,247386.25,0.9982559,0.9982559,True
9C,128,1.0,1,221,y,94,0.0019580359,244754.48,0.99821895,0.99821895,True
9C,128,1.0,1,222,y,95,0.0019374251,242178.14,0.9981818,0.9981818,True
9C,128,1.0,1,223,y,96,0.0019172436,239655.45,0.99815845,0.99815845,True
9C,128,1.0,1,224,y,97,0.001897478,237184.75,0.7271951,0.10265997,False
9C,128,1.0,1,225,y,98,0.001878116,234764.5,0.99361324,0.99361324,True
9C,128,1.0,1,226,y,99,0.0018591452,232393.16,0.9981771,0.9981771,True
9C,128,1.0,1,227,y,100,0.0018405537,230069.22,0.9981372,0.9981372,True
9C,128,1.0,1,228,y,101,0.0018223304,227791.3,0.9981534,0.9981534,True
9C,128,1.0,1,229,y,102,0.0018044645,225558.06,0.99812746,0.99812746,True
9C,128,1.0,1,230,y,103,0.0017869454,223368.17,0.9980693,0.9980693,True
9C,128,1.0,1,231,y,104,0.0017697633,221220.4,0.9981543,0.9981543,True
9C,128,1.0,1,232,y,105,0.0017529085,219113.56,0.6548735,0.0010629036,False
9C,128,1.0,1,233,y,106,0.0017363715,217046.44,0.9886681,0.9886681,True
9C,128,1.0,1,234,y,107,0.0017201437,215017.97,0.99830484,0.99830484,True
9C,128,1.0,1,235,y,108,0.0017042165,213027.06,0.9981085,0.9981085,True
9C,128,1.0,1,236,y,109,0.0016885814,211072.67,0.9979942,0.9979942,True
9C,128,1.0,1,237,y,110,0.0016732307,209153.83,0.9982613,0.9982613,True
9C,128,1.0,1,238,y,111,0.0016581566,207269.58,0.9980748,0.9980748,True
9C,128,1.0,1,239,y,112,0.0016433516,205418.95,0.99826753,0.99826753,True
9C,128,1.0,1,240,y,113,0.0016288087,203601.08,0.6793955,0.030513871,False
9C,128,1.0,1,241,y,114,0.0016145209,201815.11,0.992188,0.992188,True
9C,128,1.0,1,242,y,115,0.0016004815,200060.19,0.9981475,0.9981475,True
9C,128,1.0,1,243,y,116,0.0015866843,198335.53,0.99805564,0.99805564,True
9C,128,1.0,1,244,y,117,0.0015731229,196640.36,0.9980909,0.9980909,True
9C,128,1.0,1,245,y,118,0.0015597914,194973.92,0.998049,0.998049,True
9C,128,1.0,1,246,y,119,0.001546684,193335.5,0.99140894,0.99140894,True
9C,128,1.0,1,247,y,120,0.0015337949,191724.36,0.600841,0.018004425,False
9C,128,1.0,1,248,y,121,0.0015211188,190139.84,0.9980829,0.9980829,True
9C,128,1.0,1,249,y,122,0.0015086506,188581.33,0.9980255,0.9980255,True
9C,128,1.0,1,250,y,123,0.0014963851,187048.14,0.026691534,0.002342781,False
9C,128,1.0,1,251,y,124,0.0014843175,185539.69,0.040487126,0.00016397983,False
9C,128,1.0,1,252,y,125,0.0014724431,184055.39,0.99801433,0.99801433,True
9C,128,1.0,1,253,y,126,0.001460757,182594.62,0.99814826,0.99814826,True
9C,128,1.0,1,254,y,127,0.0014492549,181156.86,0.99808025,0.99808025,True
9C,128,1.0,1,255,y,128,0.0014379326,179741.58,0.9981338,0.9981338,True
9C,128,1.0,2,0,x,1,0.18405537,23006922.0,0.9995033,0.9995033,True
9C,128,1.0,2,1,x,2,0.09202769,11503461.0,0.9994272,0.9994272,True
9C,128,1.0,2,2,x,3,0.061351795,7668974.5,0.99786776,0.99786776,True
9C,128,1.0,2,3,x,4,0.046013843,5751730.5,0.9983108,0.9983108,True
9C,128,1.0,2,4,x,5,0.036811076,4601384.5,0.9977713,0.9977713,True
9C,128,1.0,2,5,x,6,0.030675897,3834487.2,0.9978416,0.9978416,True
9C,128,1.0,2,6,x,7,0.026293626,3286703.2,0.9978622,0.9978622,True
9C,128,1.0,2,7,x,8,0.023006922,2875865.2,0.997836,0.997836,True
9C,128,1.0,2,8,x,9,0.020450598,2556324.8,0.99854445,0.99854445,True
9C,128,1.0,2,9,x,10,0.018405538,2300692.2,0.9979054,0.9979054,True
9C,128,1.0,2,10,x,11,0.016732307,2091538.4,0.99802434,0.99802434,True
9C,128,1.0,2,11,x,12,0.015337949,1917243.6,0.997919,0.997919,True
9C,128,1.0,2,12,x,13,0.014158106,1769763.2,0.99776316,0.99776316,True
9C,128,1.0,2,13,x,14,0.013146813,1643351.6,0.9978438,0.9978438,True
9C,128,1.0,2,14,x,15,0.012270359,1533794.9,0.99778914,0.99778914,True
9C,128,1.0,2,15,x,16,0.011503461,1437932.6,0.9978066,0.9978066,True
9C,128,1.0,2,16,x,17,0.010826787,1353348.4,0.9978893,0.9978893,True
9C,128,1.0,2,17,x,18,0.010225299,1278162.4,0.9979259,0.9979259,True
9C,128,1.0,2,18,x,19,0.009687125,1210890.6,0.9978728,0.9978728,True
9C,128,1.0,2,19,x,20,0.009202769,1150346.1,0.99781126,0.99781126,True
9C,128,1.0,2,20,x,21,0.008764542,1095567.8,0.99778426,0.99778426,True
9C,128,1.0,2,21,x,22,0.008366154,1045769.2,0.9977037,0.9977037,True
9C,128,1.0,2,22,x,23,0.008002408,1000301.0,0.99776644,0.99776644,True
9C,128,1.0,2,23,x,24,0.0076689743,958621.8,0.9979627,0.9979627,True
9C,128,1.0,2,24,x,25,0.007362215,920276.9,0.99772197,0.99772197,True
9C,128,1.0,2,25,x,26,0.007079053,884881.6,0.9977967,0.9977967,True
9C,128,1.0,2,26,x,27,0.006816866,852108.25,0.9977833,0.9977833,True
9C,128,1.0,2,27,x,28,0.0065734065,821675.8,0.99771017,0.99771017,True
9C,128,1.0,2,28,x,29,0.006346737,793342.1,0.9979061,0.9979061,True
9C,128,1.0,2,29,x,30,0.0061351797,766897.44,0.99769294,0.99769294,True
9C,128,1.0,2,30,x,31,0.00593727,742158.75,0.9979751,0.9979751,True
9C,128,1.0,2,31,x,32,0.0057517304,718966.3,0.99778175,0.99778175,True
9C,128,1.0,2,32,x,33,0.0055774357,697179.44,0.99786776,0.99786776,True
9C,128,1.0,2,33,x,34,0.0054133935,676674.2,0.99789983,0.99789983,True
9C,128,1.0,2,34,x,35,0.005258725,657340.6,0.99782234,0.99782234,True
9C,128,1.0,2,35,x,36,0.0051126494,639081.2,0.9978676,0.9978676,True
9C,128,1.0,2,36,x,37,0.00497447,621808.75,0.9980044,0.9980044,True
9C,128,1.0,2,37,x,38,0.0048435624,605445.3,0.9979111,0.9979111,True
9C,128,1.0,2,38,x,39,0.0047193686,589921.06,0.9977256,0.9977256,True
9C,128,1.0,2,39,x,40,0.0046013845,575173.06,0.9978529,0.9978529,True
9C,128,1.0,2,40,x,41,0.0044891555,561144.44,0.9929773,0.9929773,True
9C,128,1.0,2,41,x,42,0.004382271,547783.9,0.80196536,0.80196536,False
9C,128,1.0,2,42,x,43,0.0042803576,535044.7,0.9977727,0.9977727,True
9C,128,1.0,2,43,x,44,0.004183077,522884.6,0.9979683,0.9979683,True
9C,128,1.0,2,44,x,45,0.0040901196,511264.94,0.9979051,0.9979051,True
9C,128,1.0,2,45,x,46,0.004001204,500150.5,0.9978621,0.9978621,True
9C,128,1.0,2,46,x,47,0.0039160717,489508.97,0.997834,0.997834,True
9C,128,1.0,2,47,x,48,0.0038344872,479310.9,0.99775887,0.99775887,True
9C,128,1.0,2,48,x,49,0.003756232,469529.0,0.833366,0.833366,False
9C,128,1.0,2,49,x,50,0.0036811074,460138.44,0.9934374,0.9934374,True
9C,128,1.0,2,50,x,51,0.003608929,451116.12,0.99762607,0.99762607,True
9C,128,1.0,2,51,x,52,0.0035395266,442440.8,0.99792105,0.99792105,True
9C,128,1.0,2,52,x,53,0.003472743,434092.88,0.9978497,0.9978497,True
9C,128,1.0,2,53,x,54,0.003408433,426054.12,0.9979825,0.9979825,True
9C,128,1.0,2,54,x,55,0.0033464613,418307.66,0.99785763,0.99785763,True
9C,128,1.0,2,55,x,56,0.0032867033,410837.9,0.9977155,0.9977155,True
9C,128,1.0,2,56,x,57,0.0032290418,403630.22,0.9977666,0.9977666,True
9C,128,1.0,2,57,x,58,0.0031733685,396671.06,0.9979406,0.9979406,True
9C,128,1.0,2,58,x,59,0.0031195828,389947.84,0.9979597,0.9979597,True
9C,128,1.0,2,59,x,60,0.0030675898,383448.72,0.9979029,0.9979029,True
9C,128,1.0,2,60,x,61,0.0030173012,377162.66,0.9978342,0.9978342,True
9C,128,1.0,2,61,x,62,0.002968635,371079.38,0.9977041,0.9977041,True
9C,128,1.0,2,62,x,63,0.002921514,365189.25,0.9978792,0.9978792,True
9C,128,1.0,2,63,x,64,0.0028758652,359483.16,0.99789375,0.99789375,True
9C,128,1.0,2,64,x,65,0.002831621,353952.62,0.9978843,0.9978843,True
9C,128,1.0,2,65,x,66,0.0027887179,348589.72,0.99807966,0.99807966,True
9C,128,1.0,2,66,x,67,0.0027470952,343386.9,0.99796826,0.99796826,True
9C,128,1.0,2,67,x,68,0.0027066967,338337.1,0.9978665,0.9978665,True
9C,128,1.0,2,68,x,69,0.0026674692,333433.66,0.99783593,0.99783593,True
9C,128,1.0,2,69,x,70,0.0026293625,328670.3,0.9979638,0.9979638,True
9C,128,1.0,2,70,x,71,0.0025923292,324041.16,0.99790585,0.99790585,True
9C,128,1.0,2,71,x,72,0.0025563247,319540.6,0.99783134,0.99783134,True
9C,128,1.0,2,72,x,73,0.0025213065,315163.3,0.9979516,0.9979516,True
9C,128,1.0,2,73,x,74,0.002487235,310904.38,0.9978857,0.9978857,True
9C,128,1.0,2,74,x,75,0.0024540718,306758.97,0.8974275,0.8974275,False
9C,128,1.0,2,75,x,76,0.0024217812,302722.66,0.9002739,0.9002739,True
9C,128,1.0,2,76,x,77,0.0023903295,298791.2,0.99779296,0.99779296,True
9C,128,1.0,2,77,x,78,0.0023596843,294960.53,0.99784493,0.99784493,True
9C,128,1.0,2,78,x,79,0.002329815,291226.88,0.9979396,0.9979396,True
9C,128,1.0,2,79,x,80,0.0023006923,287586.53,0.99790674,0.99790674,True
9C,128,1.0,2,80,x,81,0.0022722885,284036.06,0.9882535,0.9882535,True
9C,128,1.0,2,81,x,82,0.0022445777,280572.22,0.5970499,0.0054595945,False
9C,128,1.0,2,82,x,83,0.0022175347,277191.84,0.99796766,0.99796766,True
9C,128,1.0,2,83,x,84,0.0021911354,273891.94,0.99795115,0.99795115,True
9C,128,1.0,2,84,x,85,0.0021653573,270669.66,0.99802935,0.99802935,True
9C,128,1.0,2,85,x,86,0.0021401788,267522.34,0.9979825,0.9979825,True
9C,128,1.0,2,86,x,87,0.002115579,264447.38,0.9614904,0.9614904,True
9C,128,1.0,2,87,x,88,0.0020915384,261442.3,0.9546726,0.9546726,True
9C,128,1.0,2,88,x,89,0.0020680379,258504.73,0.9978172,0.9978172,True
9C,128,1.0,2,89,x,90,0.0020450598,255632.47,0.9979013,0.9979013,True
9C,128,1.0,2,90,x,91,0.0020225865,252823.31,0.99806726,0.99806726,True
9C,128,1.0,2,91,x,92,0.002000602,250075.25,0.99776083,0.99776083,True
9C,128,1.0,2,92,x,93,0.00197909,247386.25,0.9977767,0.9977767,True
9C,128,1.0,2,93,x,94,0.0019580359,244754.48,0.99777853,0.99777853,True
9C,128,1.0,2,94,x,95,0.0019374251,242178.14,0.9979395,0.9979395,True
9C,128,1.0,2,95,x,96,0.0019172436,239655.45,0.99798644,0.99798644,True
9C,128,1.0,2,96,x,97,0.001897478,237184.75,0.9924801,0.9924801,True
9C,128,1.0,2,97,x,98,0.001878116,234764.5,0.7353887,0.7353887,False
9C,128,1.0,2,98,x,99,0.0018591452,232393.16,0.99786437,0.99786437,True
9C,128,1.0,2,99,x,100,0.0018405537,230069.22,0.99775845,0.99775845,True
9C,128,1.0,2,100,x,101,0.0018223304,227791.3,0.9980007,0.9980007,True
9C,128,1.0,2,101,x,102,0.0018044645,225558.06,0.997754,0.997754,True
9C,128,1.0,2,102,x,103,0.0017869454,223368.17,0.99280596,0.99280596,True
9C,128,1.0,2,103,x,104,0.0017697633,221220.4,0.73328716,0.73328716,False
9C,128,1.0,2,104,x,105,0.0017529085,219113.56,0.9931736,0.9931736,True
9C,128,1.0,2,105,x,106,0.0017363715,217046.44,0.73481035,0.73481035,False
9C,128,1.0,2,106,x,107,0.0017201437,215017.97,0.99791247,0.99791247,True
9C,128,1.0,2,107,x,108,0.0017042165,213027.06,0.99784434,0.99784434,True
9C,128,1.0,2,108,x,109,0.0016885814,211072.67,0.997913,0.997913,True
9C,128,1.0,2,109,x,110,0.0016732307,209153.83,0.99783856,0.99783856,True
9C,128,1.0,2,110,x,111,0.0016581566,207269.58,0.9875416,0.9875416,True
9C,128,1.0,2,111,x,112,0.0016433516,205418.95,0.5523246,0.0019760712,False
9C,128,1.0,2,112,x,113,0.0016288087,203601.08,0.99788386,0.99788386,True
9C,128,1.0,2,113,x,114,0.0016145209,201815.11,0.99784553,0.99784553,True
9C,128,1.0,2,114,x,115,0.0016004815,200060.19,0.9978984,0.9978984,True
9C,128,1.0,2,115,x,116,0.0015866843,198335.53,0.997915,0.997915,True
9C,128,1.0,2,116,x,117,0.0015731229,196640.36,0.34323984,0.012401015,False
9C,128,1.0,2,117,x,118,0.0015597914,194973.92,0.41382128,0.011302672,False
9C,128,1.0,2,118,x,119,0.001546684,193335.5,0.9915674,0.9915674,True
9C,128,1.0,2,119,x,120,0.0015337949,191724.36,0.6774077,0.0008046217,False
9C,128,1.0,2,120,x,121,0.0015211188,190139.84,0.997902,0.997902,True
9C,128,1.0,2,121,x,122,0.0015086506,188581.33,0.9978145,0.9978145,True
9C,128,1.0,2,122,x,123,0.0014963851,187048.14,0.9977847,0.9977847,True
9C,128,1.0,2,123,x,124,0.0014843175,185539.69,0.9979019,0.9979019,True
9C,128,1.0,2,124,x,125,0.0014724431,184055.39,0.9883598,0.9883598,True
9C,128,1.0,2,125,x,126,0.001460757,182594.62,0.53621185,0.0057968087,False
9C,128,1.0,2,126,x,127,0.0014492549,181156.86,0.9978795,0.9978795,True
9C,128,1.0,2,127,x,128,0.0014379326,179741.58,0.027774772,0.008727821,False
9C,128,1.0,2,128,y,1,0.18405537,23006922.0,0.999139,0.999139,True
9C,128,1.0,2,129,y,2,0.09202769,11503461.0,0.99954945,0.99954945,True
9C,128,1.0,2,130,y,3,0.061351795,7668974.5,0.9979071,0.9979071,True
9C,128,1.0,2,131,y,4,0.046013843,5751730.5,0.99798983,0.99798983,True
9C,128,1.0,2,132,y,5,0.036811076,4601384.5,0.99792325,0.99792325,True
9C,128,1.0,2,133,y,6,0.030675897,3834487.2,0.99788976,0.99788976,True
9C,128,1.0,2,134,y,7,0.026293626,3286703.2,0.9983798,0.9983798,True
9C,128,1.0,2,135,y,8,0.023006922,2875865.2,0.99792296,0.99792296,True
9C,128,1.0,2,136,y,9,0.020450598,2556324.8,0.99797827,0.99797827,True
9C,128,1.0,2,137,y,10,0.018405538,2300692.2,0.99790424,0.99790424,True
9C,128,1.0,2,138,y,11,0.016732307,2091538.4,0.9979472,0.9979472,True
9C,128,1.0,2,139,y,12,0.015337949,1917243.6,0.99796844,0.99796844,True
9C,128,1.0,2,140,y,13,0.014158106,1769763.2,0.9980465,0.9980465,True
9C,128,1.0,2,141,y,14,0.013146813,1643351.6,0.9980889,0.9980889,True
9C,128,1.0,2,142,y,15,0.012270359,1533794.9,0.99786526,0.99786526,True
9C,128,1.0,2,143,y,16,0.011503461,1437932.6,0.9979618,0.9979618,True
9C,128,1.0,2,144,y,17,0.010826787,1353348.4,0.997851,0.997851,True
9C,128,1.0,2,145,y,18,0.010225299,1278162.4,0.99791944,0.99791944,True
9C,128,1.0,2,146,y,19,0.009687125,1210890.6,0.99796915,0.99796915,True
9C,128,1.0,2,147,y,20,0.009202769,1150346.1,0.99783885,0.99783885,True
9C,128,1.0,2,148,y,21,0.008764542,1095567.8,0.9978843,0.9978843,True
9C,128,1.0,2,149,y,22,0.008366154,1045769.2,0.99794567,0.99794567,True
9C,128,1.0,2,150,y,23,0.008002408,1000301.0,0.99799705,0.99799705,True
9C,128,1.0,2,151,y,24,0.0076689743,958621.8,0.9979202,0.9979202,True
9C,128,1.0,2,152,y,25,0.007362215,920276.9,0.9980472,0.9980472,True
9C,128,1.0,2,153,y,26,0.007079053,884881.6,0.9980314,0.9980314,True
9C,128,1.0,2,154,y,27,0.006816866,852108.25,0.9979339,0.9979339,True
9C,128,1.0,2,155,y,28,0.0065734065,821675.8,0.9978627,0.9978627,True
9C,128,1.0,2,156,y,29,0.006346737,793342.1,0.9978405,0.9978405,True
9C,128,1.0,2,157,y,30,0.0061351797,766897.44,0.9978588,0.9978588,True
9C,128,1.0,2,158,y,31,0.00593727,742158.75,0.9979554,0.9979554,True
9C,128,1.0,2,159,y,32,0.0057517304,718966.3,0.9978387,0.9978387,True
9C,128,1.0,2,160,y,33,0.0055774357,697179.44,0.99795896,0.99795896,True
9C,128,1.0,2,161,y,34,0.0054133935,676674.2,0.9979495,0.9979495,True
9C,128,1.0,2,162,y,35,0.005258725,657340.6,0.9980032,0.9980032,True
9C,128,1.0,2,163,y,36,0.0051126494,639081.2,0.99782354,0.99782354,True
9C,128,1.0,2,164,y,37,0.00497447,621808.75,0.9979436,0.9979436,True
9C,128,1.0,2,165,y,38,0.0048435624,605445.3,0.997942,0.997942,True
9C,128,1.0,2,166,y,39,0.0047193686,589921.06,0.9979645,0.9979645,True
9C,128,1.0,2,167,y,40,0.0046013845,575173.06,0.9978912,0.9978912,True
9C,128,1.0,2,168,y,41,0.0044891555,561144.44,0.998072,0.998072,True
9C,128,1.0,2,169,y,42,0.004382271,547783.9,0.9979819,0.9979819,True
9C,128,1.0,2,170,y,43,0.0042803576,535044.7,0.99797213,0.99797213,True
9C,128,1.0,2,171,y,44,0.004183077,522884.6,0.9978484,0.9978484,True
9C,128,1.0,2,172,y,45,0.0040901196,511264.94,0.9978218,0.9978218,True
9C,128,1.0,2,173,y,46,0.004001204,500150.5,0.9979039,0.9979039,True
9C,128,1.0,2,174,y,47,0.0039160717,489508.97,0.99436766,0.99436766,True
9C,128,1.0,2,175,y,48,0.0038344872,479310.9,0.8440255,0.8440255,False
9C,128,1.0,2,176,y,49,0.003756232,469529.0,0.9939022,0.9939022,True
9C,128,1.0,2,177,y,50,0.0036811074,460138.44,0.8238071,0.8238071,False
9C,128,1.0,2,178,y,51,0.003608929,451116.12,0.9977998,0.9977998,True
9C,128,1.0,2,179,y,52,0.0035395266,442440.8,0.997969,0.997969,True
9C,128,1.0,2,180,y,53,0.003472743,434092.88,0.9980264,0.9980264,True
9C,128,1.0,2,181,y,54,0.003408433,426054.12,0.9978409,0.9978409,True
9C,128,1.0,2,182,y,55,0.0033464613,418307.66,0.99797016,0.99797016,True
9C,128,1.0,2,183,y,56,0.0032867033,410837.9,0.99801636,0.99801636,True
9C,128,1.0,2,184,y,57,0.0032290418,403630.22,0.99795747,0.99795747,True
9C,128,1.0,2,185,y,58,0.0031733685,396671.06,0.9979609,0.9979609,True
9C,128,1.0,2,186,y,59,0.0031195828,389947.84,0.99791515,0.99791515,True
9C,128,1.0,2,187,y,60,0.0030675898,383448.72,0.9979602,0.9979602,True
9C,128,1.0,2,188,y,61,0.0030173012,377162.66,0.99776185,0.99776185,True
9C,128,1.0,2,189,y,62,0.002968635,371079.38,0.99785525,0.99785525,True
9C,128,1.0,2,190,y,63,0.002921514,365189.25,0.9979067,0.9979067,True
9C,128,1.0,2,191,y,64,0.0028758652,359483.16,0.9977982,0.9977982,True
9C,128,1.0,2,192,y,65,0.002831621,353952.62,0.99786603,0.99786603,True
9C,128,1.0,2,193,y,66,0.0027887179,348589.72,0.99789256,0.99789256,True
9C,128,1.0,2,194,y,67,0.0027470952,343386.9,0.99797726,0.99797726,True
9C,128,1.0,2,195,y,68,0.0027066967,338337.1,0.9979231,0.9979231,True
9C,128,1.0,2,196,y,69,0.0026674692,333433.66,0.99803066,0.99803066,True
9C,128,1.0,2,197,y,70,0.0026293625,328670.3,0.9979154,0.9979154,True
9C,128,1.0,2,198,y,71,0.0025923292,324041.16,0.96540254,0.96540254,True
9C,128,1.0,2,199,y,72,0.0025563247,319540.6,0.8945655,0.8945655,False
9C,128,1.0,2,200,y,73,0.0025213065,315163.3,0.9929976,0.9929976,True
9C,128,1.0,2,201,y,74,0.002487235,310904.38,0.770141,0.770141,False
9C,128,1.0,2,202,y,75,0.0024540718,306758.97,0.9977933,0.9977933,True
9C,128,1.0,2,203,y,76,0.0024217812,302722.66,0.9979995,0.9979995,True
9C,128,1.0,2,204,y,77,0.0023903295,298791.2,0.9978425,0.9978425,True
9C,128,1.0,2,205,y,78,0.0023596843,294960.53,0.9978411,0.9978411,True
9C,128,1.0,2,206,y,79,0.002329815,291226.88,0.9978906,0.9978906,True
9C,128,1.0,2,207,y,80,0.0023006923,287586.53,0.99787986,0.99787986,True
9C,128,1.0,2,208,y,81,0.0022722885,284036.06,0.9978635,0.9978635,True
9C,128,1.0,2,209,y,82,0.0022445777,280572.22,0.99777424,0.99777424,True
9C,128,1.0,2,210,y,83,0.0022175347,277191.84,0.9977482,0.9977482,True
9C,128,1.0,2,211,y,84,0.0021911354,273891.94,0.99781084,0.99781084,True
9C,128,1.0,2,212,y,85,0.0021653573,270669.66,0.9980047,0.99780303,True
9C,128,1.0,2,213,y,86,0.0021401788,267522.34,0.99788564,0.99788564,True
9C,128,1.0,2,214,y,87,0.002115579,264447.38,0.99797297,0.99797297,True
9C,128,1.0,2,215,y,88,0.0020915384,261442.3,0.9979701,0.9979701,True
9C,128,1.0,2,216,y,89,0.0020680379,258504.73,0.9979761,0.9979761,True
9C,128,1.0,2,217,y,90,0.0020450598,255632.47,0.9978893,0.9978893,True
9C,128,1.0,2,218,y,91,0.0020225865,252823.31,0.9978442,0.9978442,True
9C,128,1.0,2,219,y,92,0.002000602,250075.25,0.9978575,0.9978575,True
9C,128,1.0,2,220,y,93,0.00197909,247386.25,0.9979955,0.9979955,True
9C,128,1.0,2,221,y,94,0.0019580359,244754.48,0.99793994,0.99793994,True
9C,128,1.0,2,222,y,95,0.0019374251,242178.14,0.99789,0.99789,True
9C,128,1.0,2,223,y,96,0.0019172436,239655.45,0.9978944,0.9978944,True
9C,128,1.0,2,224,y,97,0.001897478,237184.75,0.9978157,0.9978157,True
9C,128,1.0,2,225,y,98,0.001878116,234764.5,0.9979754,0.9979754,True
9C,128,1.0,2,226,y,99,0.0018591452,232393.16,0.70737326,0.70737326,False
9C,128,1.0,2,227,y,100,0.0018405537,230069.22,0.99072486,0.99072486,True
9C,128,1.0,2,228,y,101,0.0018223304,227791.3,0.99786997,0.99786997,True
9C,128,1.0,2,229,y,102,0.0018044645,225558.06,0.99793273,0.99793273,True
9C,128,1.0,2,230,y,103,0.0017869454,223368.17,0.9904126,0.9904126,True
9C,128,1.0,2,231,y,104,0.0017697633,221220.4,0.70661116,0.024419472,False
9C,128,1.0,2,232,y,105,0.0017529085,219113.56,0.9978864,0.9978864,True
9C,128,1.0,2,233,y,106,0.0017363715,217046.44,0.9977883,0.9977883,True
9C,128,1.0,2,234,y,107,0.0017201437,215017.97,0.99808264,0.99808264,True
9C,128,1.0,2,235,y,108,0.0017042165,213027.06,0.9978466,0.9978466,True
9C,128,1.0,2,236,y,109,0.0016885814,211072.67,0.9977151,0.9977151,True
9C,128,1.0,2,237,y,110,0.0016732307,209153.83,0.9979857,0.9979857,True
9C,128,1.0,2,238,y,111,0.0016581566,207269.58,0.5664955,0.0019549765,False
9C,128,1.0,2,239,y,112,0.0016433516,205418.95,0.9886675,0.9886675,True
9C,128,1.0,2,240,y,113,0.0016288087,203601.08,0.99023527,0.99023527,True
9C,128,1.0,2,241,y,114,0.0016145209,201815.11,0.6376185,-0.00094022043,False
9C,128,1.0,2,242,y,115,0.0016004815,200060.19,0.2975153,0.007998055,False
9C,128,1.0,2,243,y,116,0.0015866843,198335.53,0.99757755,0.99757755,True
9C,128,1.0,2,244,y,117,0.0015731229,196640.36,0.99765825,0.99765825,True
9C,128,1.0,2,245,y,118,0.0015597914,194973.92,0.9977306,0.9977306,True
9C,128,1.0,2,246,y,119,0.001546684,193335.5,0.9920537,0.9920537,True
9C,128,1.0,2,247,y,120,0.0015337949,191724.36,0.6798742,0.0032167733,False
9C,128,1.0,2,248,y,121,0.0015211188,190139.84,0.99787307,0.99787307,True
9C,128,1.0,2,249,y,122,0.0015086506,188581.33,0.9977919,0.9977919,True
9C,128,1.0,2,250,y,123,0.0014963851,187048.14,0.9916845,0.9916845,True
9C,128,1.0,2,251,y,124,0.0014843175,185539.69,0.6782286,0.002568204,False
9C,128,1.0,2,252,y,125,0.0014724431,184055.39,0.99775374,0.99775374,True
9C,128,1.0,2,253,y,126,0.001460757,182594.62,0.99778944,0.99778944,True
9C,128,1.0,2,254,y,127,0.0014492549,181156.86,0.9978551,0.9978551,True
9C,128,1.0,2,255,y,128,0.0014379326,179741.58,0.99788666,0.99788666,True
9C,128,1.0,3,0,x,1,0.18405537,23006922.0,0.99979335,0.99979335,True
9C,128,1.0,3,1,x,2,0.09202769,11503461.0,0.9996214,0.9996214,True
9C,128,1.0,3,2,x,3,0.061351795,7668974.5,0.99810296,0.99810296,True
9C,128,1.0,3,3,x,4,0.046013843,5751730.5,0.9981042,0.9981042,True
9C,128,1.0,3,4,x,5,0.036811076,4601384.5,0.99802077,0.99802077,True
9C,128,1.0,3,5,x,6,0.030675897,3834487.2,0.9981282,0.9981282,True
9C,128,1.0,3,6,x,7,0.026293626,3286703.2,0.9981324,0.9981324,True
9C,128,1.0,3,7,x,8,0.023006922,2875865.2,0.9980818,0.9980818,True
9C,128,1.0,3,8,x,9,0.020450598,2556324.8,0.9981686,0.9981686,True
9C,128,1.0,3,9,x,10,0.018405538,2300692.2,0.9982027,0.9982027,True
9C,128,1.0,3,10,x,11,0.016732307,2091538.4,0.9980904,0.9980904,True
9C,128,1.0,3,11,x,12,0.015337949,1917243.6,0.9981559,0.9981559,True
9C,128,1.0,3,12,x,13,0.014158106,1769763.2,0.9979932,0.9979932,True
9C,128,1.0,3,13,x,14,0.013146813,1643351.6,0.9980954,0.9980954,True
9C,128,1.0,3,14,x,15,0.012270359,1533794.9,0.9980073,0.9980073,True
9C,128,1.0,3,15,x,16,0.011503461,1437932.6,0.9980874,0.9980874,True
9C,128,1.0,3,16,x,17,0.010826787,1353348.4,0.9981552,0.9981552,True
9C,128,1.0,3,17,x,18,0.010225299,1278162.4,0.9982316,0.9982316,True
9C,128,1.0,3,18,x,19,0.009687125,1210890.6,0.9981855,0.9981855,True
9C,128,1.0,3,19,x,20,0.009202769,1150346.1,0.99800944,0.99800944,True
9C,128,1.0,3,20,x,21,0.008764542,1095567.8,0.9980762,0.9980762,True
9C,128,1.0,3,21,x,22,0.008366154,1045769.2,0.99800473,0.99800473,True
9C,128,1.0,3,22,x,23,0.008002408,1000301.0,0.9979788,0.9979788,True
9C,128,1.0,3,23,x,24,0.0076689743,958621.8,0.99822503,0.99822503,True
9C,128,1.0,3,24,x,25,0.007362215,920276.9,0.9980016,0.9980016,True
9C,128,1.0,3,25,x,26,0.007079053,884881.6,0.9980624,0.9980624,True
9C,128,1.0,3,26,x,27,0.006816866,852108.25,0.99801743,0.99801743,True
9C,128,1.0,3,27,x,28,0.0065734065,821675.8,0.99804497,0.99804497,True
9C,128,1.0,3,28,x,29,0.006346737,793342.1,0.99825335,0.99825335,True
9C,128,1.0,3,29,x,30,0.0061351797,766897.44,0.9979305,0.9979305,True
9C,128,1.0,3,30,x,31,0.00593727,742158.75,0.8892702,0.8892702,False
9C,128,1.0,3,31,x,32,0.0057517304,718966.3,0.9941946,0.9941946,True
9C,128,1.0,3,32,x,33,0.0055774357,697179.44,0.99818915,0.99818915,True
9C,128,1.0,3,33,x,34,0.0054133935,676674.2,0.9982096,0.9982096,True
9C,128,1.0,3,34,x,35,0.005258725,657340.6,0.9928928,0.9928928,True
9C,128,1.0,3,35,x,36,0.0051126494,639081.2,0.8128621,0.8128621,False
9C,128,1.0,3,36,x,37,0.00497447,621808.75,0.99821556,0.99821556,True
9C,128,1.0,3,37,x,38,0.0048435624,605445.3,0.99823785,0.99823785,True
9C,128,1.0,3,38,x,39,0.0047193686,589921.06,0.99802244,0.99802244,True
9C,128,1.0,3,39,x,40,0.0046013845,575173.06,0.99804866,0.99804866,True
9C,128,1.0,3,40,x,41,0.0044891555,561144.44,0.99800533,0.99800533,True
9C,128,1.0,3,41,x,42,0.004382271,547783.9,0.99809307,0.99809307,True
9C,128,1.0,3,42,x,43,0.0042803576,535044.7,0.9980279,0.9980279,True
9C,128,1.0,3,43,x,44,0.004183077,522884.6,0.99821544,0.99821544,True
9C,128,1.0,3,44,x,45,0.0040901196,511264.94,0.9981924,0.9981924,True
9C,128,1.0,3,45,x,46,0.004001204,500150.5,0.9980902,0.9980902,True
9C,128,1.0,3,46,x,47,0.0039160717,489508.97,0.99808496,0.99808496,True
9C,128,1.0,3,47,x,48,0.0038344872,479310.9,0.9980659,0.9980659,True
9C,128,1.0,3,48,x,49,0.003756232,469529.0,0.9981965,0.9981965,True
9C,128,1.0,3,49,x,50,0.0036811074,460138.44,0.99815035,0.99815035,True
9C,128,1.0,3,50,x,51,0.003608929,451116.12,0.9979546,0.9979546,True
9C,128,1.0,3,51,x,52,0.0035395266,442440.8,0.9981719,0.9981719,True
9C,128,1.0,3,52,x,53,0.003472743,434092.88,0.9982333,0.9982333,True
9C,128,1.0,3,53,x,54,0.003408433,426054.12,0.99827015,0.99827015,True
9C,128,1.0,3,54,x,55,0.0033464613,418307.66,0.99811083,0.99811083,True
9C,128,1.0,3,55,x,56,0.0032867033,410837.9,0.9980515,0.9980515,True
9C,128,1.0,3,56,x,57,0.0032290418,403630.22,0.99806744,0.99806744,True
9C,128,1.0,3,57,x,58,0.0031733685,396671.06,0.99817437,0.99817437,True
9C,128,1.0,3,58,x,59,0.0031195828,389947.84,0.9982555,0.9982555,True
9C,128,1.0,3,59,x,60,0.0030675898,383448.72,0.9982357,0.9982357,True
9C,128,1.0,3,60,x,61,0.0030173012,377162.66,0.50027585,0.50027585,False
9C,128,1.0,3,61,x,62,0.002968635,371079.38,0.501706,0.49868107,False
9C,128,1.0,3,62,x,63,0.002921514,365189.25,0.9982457,0.9982457,True
9C,128,1.0,3,63,x,64,0.0028758652,359483.16,0.9981562,0.9981562,True
9C,128,1.0,3,64,x,65,0.002831621,353952.62,0.998243,0.998243,True
9C,128,1.0,3,65,x,66,0.0027887179,348589.72,0.9982106,0.9982106,True
9C,128,1.0,3,66,x,67,0.0027470952,343386.9,0.9981635,0.9981635,True
9C,128,1.0,3,67,x,68,0.0027066967,338337.1,0.99811333,0.99811333,True
9C,128,1.0,3,68,x,69,0.0026674692,333433.66,0.79238856,0.79238856,False
9C,128,1.0,3,69,x,70,0.0026293625,328670.3,0.9932611,0.9932611,True
9C,128,1.0,3,70,x,71,0.0025923292,324041.16,0.9876821,0.9876821,True
9C,128,1.0,3,71,x,72,0.0025563247,319540.6,0.58215994,0.0030117128,False
9C,128,1.0,3,72,x,73,0.0025213065,315163.3,0.99256194,0.99256194,True
9C,128,1.0,3,73,x,74,0.002487235,310904.38,0.7176949,0.7176949,False
9C,128,1.0,3,74,x,75,0.0024540718,306758.97,0.78821886,0.78821886,False
9C,128,1.0,3,75,x,76,0.0024217812,302722.66,0.9940749,0.9940749,True
9C,128,1.0,3,76,x,77,0.0023903295,298791.2,0.7167051,0.7167051,False
9C,128,1.0,3,77,x,78,0.0023596843,294960.53,0.99135685,0.99135685,True
9C,128,1.0,3,78,x,79,0.002329815,291226.88,0.9908096,0.9908096,True
9C,128,1.0,3,79,x,80,0.0023006923,287586.53,0.69714165,-0.00060576573,False
9C,128,1.0,3,80,x,81,0.0022722885,284036.06,0.6961554,-0.0008169655,False
9C,128,1.0,3,81,x,82,0.0022445777,280572.22,0.9915577,0.9915577,True
9C,128,1.0,3,82,x,83,0.0022175347,277191.84,0.998134,0.998134,True
9C,128,1.0,3,83,x,84,0.0021911354,273891.94,0.9981518,0.9981518,True
9C,128,1.0,3,84,x,85,0.0021653573,270669.66,0.44768968,0.021984821,False
9C,128,1.0,3,85,x,86,0.0021401788,267522.34,0.44537356,0.025444323,False
9C,128,1.0,3,86,x,87,0.002115579,264447.38,0.99824715,0.99824715,True
9C,128,1.0,3,87,x,88,0.0020915384,261442.3,0.99820864,0.99820864,True
9C,128,1.0,3,88,x,89,0.0020680379,258504.73,0.99808025,0.99808025,True
9C,128,1.0,3,89,x,90,0.0020450598,255632.47,0.99812645,0.99812645,True
9C,128,1.0,3,90,x,91,0.0020225865,252823.31,0.998286,0.998286,True
9C,128,1.0,3,91,x,92,0.002000602,250075.25,0.99808097,0.99808097,True
9C,128,1.0,3,92,x,93,0.00197909,247386.25,0.998093,0.998093,True
9C,128,1.0,3,93,x,94,0.0019580359,244754.48,0.9980719,0.9980719,True
9C,128,1.0,3,94,x,95,0.0019374251,242178.14,0.9982127,0.9982127,True
9C,128,1.0,3,95,x,96,0.0019172436,239655.45,0.99824494,0.99824494,True
9C,128,1.0,3,96,x,97,0.001897478,237184.75,0.99814737,0.99814737,True
9C,128,1.0,3,97,x,98,0.001878116,234764.5,0.99816394,0.99816394,True
9C,128,1.0,3,98,x,99,0.0018591452,232393.16,0.99815917,0.99815917,True
9C,128,1.0,3,99,x,100,0.0018405537,230069.22,0.9979531,0.9979531,True
9C,128,1.0,3,100,x,101,0.0018223304,227791.3,0.99824476,0.99824476,True
9C,128,1.0,3,101,x,102,0.0018044645,225558.06,0.9980405,0.9980405,True
9C,128,1.0,3,102,x,103,0.0017869454,223368.17,0.9980129,0.9980129,True
9C,128,1.0,3,103,x,104,0.0017697633,221220.4,0.9981664,0.9981664,True
9C,128,1.0,3,104,x,105,0.0017529085,219113.56,0.99801326,0.99801326,True
9C,128,1.0,3,105,x,106,0.0017363715,217046.44,0.9980036,0.9980036,True
9C,128,1.0,3,106,x,107,0.0017201437,215017.97,0.9981997,0.9981997,True
9C,128,1.0,3,107,x,108,0.0017042165,213027.06,0.99818206,0.99818206,True
9C,128,1.0,3,108,x,109,0.0016885814,211072.67,0.99827397,0.99827397,True
9C,128,1.0,3,109,x,110,0.0016732307,209153.83,0.9981603,0.9981603,True
9C,128,1.0,3,110,x,111,0.0016581566,207269.58,0.99812275,0.99812275,True
9C,128,1.0,3,111,x,112,0.0016433516,205418.95,0.9983076,0.99805546,True
9C,128,1.0,3,112,x,113,0.0016288087,203601.08,0.9981742,0.9981742,True
9C,128,1.0,3,113,x,114,0.0016145209,201815.11,0.998045,0.998045,True
9C,128,1.0,3,114,x,115,0.0016004815,200060.19,0.9881183,0.9881183,True
9C,128,1.0,3,115,x,116,0.0015866843,198335.53,0.60974216,0.0018701665,False
9C,128,1.0,3,116,x,117,0.0015731229,196640.36,0.99810743,0.99810743,True
9C,128,1.0,3,117,x,118,0.0015597914,194973.92,0.9979855,0.9979855,True
9C,128,1.0,3,118,x,119,0.001546684,193335.5,0.98726565,0.98726565,True
9C,128,1.0,3,119,x,120,0.0015337949,191724.36,0.45682126,0.024088418,False
9C,128,1.0,3,120,x,121,0.0015211188,190139.84,0.46365815,0.07627148,False
9C,128,1.0,3,121,x,122,0.0015086506,188581.33,0.98609996,0.98609996,True
9C,128,1.0,3,122,x,123,0.0014963851,187048.14,0.9979999,0.9979999,True
9C,128,1.0,3,123,x,124,0.0014843175,185539.69,0.99811745,0.99811745,True
9C,128,1.0,3,124,x,125,0.0014724431,184055.39,0.9982225,0.9982225,True
9C,128,1.0,3,125,x,126,0.001460757,182594.62,0.9981326,0.9981326,True
9C,128,1.0,3,126,x,127,0.0014492549,181156.86,0.99831665,0.99831665,True
9C,128,1.0,3,127,x,128,0.0014379326,179741.58,0.99815476,0.99815476,True
9C,128,1.0,3,128,y,1,0.18405537,23006922.0,0.9997499,0.9997499,True
9C,128,1.0,3,129,y,2,0.09202769,11503461.0,0.9997042,0.9997042,True
9C,128,1.0,3,130,y,3,0.061351795,7668974.5,0.9982158,0.9982158,True
9C,128,1.0,3,131,y,4,0.046013843,5751730.5,0.99851626,0.99851626,True
9C,128,1.0,3,132,y,5,0.036811076,4601384.5,0.9982628,0.9982628,True
9C,128,1.0,3,133,y,6,0.030675897,3834487.2,0.99821436,0.99821436,True
9C,128,1.0,3,134,y,7,0.026293626,3286703.2,0.9981807,0.9981807,True
9C,128,1.0,3,135,y,8,0.023006922,2875865.2,0.9982451,0.9982451,True
9C,128,1.0,3,136,y,9,0.020450598,2556324.8,0.99824333,0.99824333,True
9C,128,1.0,3,137,y,10,0.018405538,2300692.2,0.9982816,0.9982816,True
9C,128,1.0,3,138,y,11,0.016732307,2091538.4,0.9982402,0.9982402,True
9C,128,1.0,3,139,y,12,0.015337949,1917243.6,0.99825966,0.99825966,True
9C,128,1.0,3,140,y,13,0.014158106,1769763.2,0.99830794,0.99830794,True
9C,128,1.0,3,141,y,14,0.013146813,1643351.6,0.9982367,0.9982367,True
9C,128,1.0,3,142,y,15,0.012270359,1533794.9,0.9981643,0.9981643,True
9C,128,1.0,3,143,y,16,0.011503461,1437932.6,0.99829906,0.99829906,True
9C,128,1.0,3,144,y,17,0.010826787,1353348.4,0.9982008,0.9982008,True
9C,128,1.0,3,145,y,18,0.010225299,1278162.4,0.9982048,0.9982048,True
9C,128,1.0,3,146,y,19,0.009687125,1210890.6,0.9982442,0.9982442,True
9C,128,1.0,3,147,y,20,0.009202769,1150346.1,0.9981204,0.9981204,True
9C,128,1.0,3,148,y,21,0.008764542,1095567.8,0.74306154,0.74153817,False
9C,128,1.0,3,149,y,22,0.008366154,1045769.2,0.7451397,0.7451397,False
9C,128,1.0,3,150,y,23,0.008002408,1000301.0,0.99827605,0.99827605,True
9C,128,1.0,3,151,y,24,0.0076689743,958621.8,0.99819505,0.99819505,True
9C,128,1.0,3,152,y,25,0.007362215,920276.9,0.9983355,0.9983355,True
9C,128,1.0,3,153,y,26,0.007079053,884881.6,0.99834526,0.99834526,True
9C,128,1.0,3,154,y,27,0.006816866,852108.25,0.99824595,0.99824595,True
9C,128,1.0,3,155,y,28,0.0065734065,821675.8,0.99815845,0.99815845,True
9C,128,1.0,3,156,y,29,0.006346737,793342.1,0.9981396,0.9981396,True
9C,128,1.0,3,157,y,30,0.0061351797,766897.44,0.998142,0.998142,True
9C,128,1.0,3,158,y,31,0.00593727,742158.75,0.9954227,0.9954227,True
9C,128,1.0,3,159,y,32,0.0057517304,718966.3,0.88582104,0.88582104,False
9C,128,1.0,3,160,y,33,0.0055774357,697179.44,0.9982362,0.9982362,True
9C,128,1.0,3,161,y,34,0.0054133935,676674.2,0.99826777,0.99826777,True
9C,128,1.0,3,162,y,35,0.005258725,657340.6,0.9982765,0.9982765,True
9C,128,1.0,3,163,y,36,0.0051126494,639081.2,0.9981302,0.9981302,True
9C,128,1.0,3,164,y,37,0.00497447,621808.75,0.99407256,0.99407256,True
9C,128,1.0,3,165,y,38,0.0048435624,605445.3,0.83443767,0.83443767,False
9C,128,1.0,3,166,y,39,0.0047193686,589921.06,0.9983238,0.9983238,True
9C,128,1.0,3,167,y,40,0.0046013845,575173.06,0.9981807,0.9981807,True
9C,128,1.0,3,168,y,41,0.0044891555,561144.44,0.9983852,0.9983852,True
9C,128,1.0,3,169,y,42,0.004382271,547783.9,0.9982641,0.9982641,True
9C,128,1.0,3,170,y,43,0.0042803576,535044.7,0.99821264,0.99821264,True
9C,128,1.0,3,171,y,44,0.004183077,522884.6,0.99813056,0.99813056,True
9C,128,1.0,3,172,y,45,0.0040901196,511264.94,0.9981083,0.9981083,True
9C,128,1.0,3,173,y,46,0.004001204,500150.5,0.99825895,0.99825895,True
9C,128,1.0,3,174,y,47,0.0039160717,489508.97,0.99828017,0.99828017,True
9C,128,1.0,3,175,y,48,0.0038344872,479310.9,0.9983616,0.9983616,True
9C,128,1.0,3,176,y,49,0.003756232,469529.0,0.998201,0.998201,True
9C,128,1.0,3,177,y,50,0.0036811074,460138.44,0.9981904,0.9981904,True
9C,128,1.0,3,178,y,51,0.003608929,451116.12,0.99809736,0.99809736,True
9C,128,1.0,3,179,y,52,0.0035395266,442440.8,0.99825704,0.99825704,True
9C,128,1.0,3,180,y,53,0.003472743,434092.88,0.9984443,0.9984443,True
9C,128,1.0,3,181,y,54,0.003408433,426054.12,0.9981268,0.9981268,True
9C,128,1.0,3,182,y,55,0.0033464613,418307.66,0.9932828,0.9932828,True
9C,128,1.0,3,183,y,56,0.0032867033,410837.9,0.7451823,0.7451823,False
9C,128,1.0,3,184,y,57,0.0032290418,403630.22,0.9982878,0.9982878,True
9C,128,1.0,3,185,y,58,0.0031733685,396671.06,0.9982502,0.9982502,True
9C,128,1.0,3,186,y,59,0.0031195828,389947.84,0.9982056,0.9982056,True
9C,128,1.0,3,187,y,60,0.0030675898,383448.72,0.99825245,0.99825245,True
9C,128,1.0,3,188,y,61,0.0030173012,377162.66,0.9982066,0.9982066,True
9C,128,1.0,3,189,y,62,0.002968635,371079.38,0.9981383,0.9981383,True
9C,128,1.0,3,190,y,63,0.002921514,365189.25,0.9982026,0.9982026,True
9C,128,1.0,3,191,y,64,0.0028758652,359483.16,0.9981233,0.9981233,True
9C,128,1.0,3,192,y,65,0.002831621,353952.62,0.9981984,0.9981984,True
9C,128,1.0,3,193,y,66,0.0027887179,348589.72,0.99815905,0.99815905,True
9C,128,1.0,3,194,y,67,0.0027470952,343386.9,0.9982803,0.9982803,True
9C,128,1.0,3,195,y,68,0.0027066967,338337.1,0.9982113,0.9982113,True
9C,128,1.0,3,196,y,69,0.0026674692,333433.66,0.99833536,0.99833536,True
9C,128,1.0,3,197,y,70,0.0026293625,328670.3,0.9983342,0.9983342,True
9C,128,1.0,3,198,y,71,0.0025923292,324041.16,0.99813914,0.99813914,True
9C,128,1.0,3,199,y,72,0.0025563247,319540.6,0.99815017,0.99815017,True
9C,128,1.0,3,200,y,73,0.0025213065,315163.3,0.99138814,0.99138814,True
9C,128,1.0,3,201,y,74,0.002487235,310904.38,0.6666629,0.0015429314,False
9C,128,1.0,3,202,y,75,0.0024540718,306758.97,0.99813575,0.99813575,True
9C,128,1.0,3,203,y,76,0.0024217812,302722.66,0.99821746,0.99821746,True
9C,128,1.0,3,204,y,77,0.0023903295,298791.2,0.9981437,0.9981437,True
9C,128,1.0,3,205,y,78,0.0023596843,294960.53,0.998222,0.998222,True
9C,128,1.0,3,206,y,79,0.002329815,291226.88,0.9923973,0.9923973,True
9C,128,1.0,3,207,y,80,0.0023006923,287586.53,0.72070664,0.72070664,False
9C,128,1.0,3,208,y,81,0.0022722885,284036.06,0.9981874,0.9981874,True
9C,128,1.0,3,209,y,82,0.0022445777,280572.22,0.99809194,0.99809194,True
9C,128,1.0,3,210,y,83,0.0022175347,277191.84,0.99833524,0.99833524,True
9C,128,1.0,3,211,y,84,0.0021911354,273891.94,0.99818814,0.99818814,True
9C,128,1.0,3,212,y,85,0.0021653573,270669.66,0.9873958,0.9873958,True
9C,128,1.0,3,213,y,86,0.0021401788,267522.34,0.5508014,0.0029808953,False
9C,128,1.0,3,214,y,87,0.002115579,264447.38,0.9908872,0.9908872,True
9C,128,1.0,3,215,y,88,0.0020915384,261442.3,0.69302976,0.06634128,False
9C,128,1.0,3,216,y,89,0.0020680379,258504.73,0.99820083,0.99820083,True
9C,128,1.0,3,217,y,90,0.0020450598,255632.47,0.9982261,0.9982261,True
9C,128,1.0,3,218,y,91,0.0020225865,252823.31,0.998276,0.998276,True
9C,128,1.0,3,219,y,92,0.002000602,250075.25,0.99815464,0.99815464,True
9C,128,1.0,3,220,y,93,0.00197909,247386.25,0.9982254,0.9982254,True
9C,128,1.0,3,221,y,94,0.0019580359,244754.48,0.9982266,0.9982266,True
9C,128,1.0,3,222,y,95,0.0019374251,242178.14,0.9981873,0.9981873,True
9C,128,1.0,3,223,y,96,0.0019172436,239655.45,0.9981921,0.9981921,True
9C,128,1.0,3,224,y,97,0.001897478,237184.75,0.99813044,0.99813044,True
9C,128,1.0,3,225,y,98,0.001878116,234764.5,0.998313,0.998313,True
9C,128,1.0,3,226,y,99,0.0018591452,232393.16,0.9983194,0.9983194,True
9C,128,1.0,3,227,y,100,0.0018405537,230069.22,0.9982532,0.9982532,True
9C,128,1.0,3,228,y,101,0.0018223304,227791.3,0.9981878,0.9981878,True
9C,128,1.0,3,229,y,102,0.0018044645,225558.06,0.99816895,0.99816895,True
9C,128,1.0,3,230,y,103,0.0017869454,223368.17,0.99814963,0.99814963,True
9C,128,1.0,3,231,y,104,0.0017697633,221220.4,0.99823415,0.99823415,True
9C,128,1.0,3,232,y,105,0.0017529085,219113.56,0.9982113,0.9982113,True
9C,128,1.0,3,233,y,106,0.0017363715,217046.44,0.9980918,0.9980918,True
9C,128,1.0,3,234,y,107,0.0017201437,215017.97,0.99837077,0.99837077,True
9C,128,1.0,3,235,y,108,0.0017042165,213027.06,0.9981318,0.9981318,True
9C,128,1.0,3,236,y,109,0.0016885814,211072.67,0.99804795,0.99804795,True
9C,128,1.0,3,237,y,110,0.0016732307,209153.83,0.99822956,0.99822956,True
9C,128,1.0,3,238,y,111,0.0016581566,207269.58,0.998145,0.998145,True
9C,128,1.0,3,239,y,112,0.0016433516,205418.95,0.9983893,0.9983893,True
9C,128,1.0,3,240,y,113,0.0016288087,203601.08,0.9981031,0.9981031,True
9C,128,1.0,3,241,y,114,0.0016145209,201815.11,0.99831676,0.99831676,True
9C,128,1.0,3,242,y,115,0.0016004815,200060.19,0.9981799,0.9981799,True
9C,128,1.0,3,243,y,116,0.0015866843,198335.53,0.998122,0.998122,True
9C,128,1.0,3,244,y,117,0.0015731229,196640.36,0.9981402,0.9981402,True
9C,128,1.0,3,245,y,118,0.0015597914,194973.92,0.9981045,0.9981045,True
9C,128,1.0,3,246,y,119,0.001546684,193335.5,0.9982323,0.9982323,True
9C,128,1.0,3,247,y,120,0.0015337949,191724.36,0.9981616,0.9981616,True
9C,128,1.0,3,248,y,121,0.0015211188,190139.84,0.99818385,0.99818385,True
9C,128,1.0,3,249,y,122,0.0015086506,188581.33,0.9981756,0.9981756,True
9C,128,1.0,3,250,y,123,0.0014963851,187048.14,0.9982574,0.9982574,True
9C,128,1.0,3,251,y,124,0.0014843175,185539.69,0.9982406,0.9982406,True
9C,128,1.0,3,252,y,125,0.0014724431,184055.39,0.9980572,0.9980572,True
9C,128,1.0,3,253,y,126,0.001460757,182594.62,0.9981801,0.9981801,True
9C,128,1.0,3,254,y,127,0.0014492549,181156.86,0.6153183,0.003228616,False
9C,128,1.0,3,255,y,128,0.0014379326,179741.58,0.9898402,0.9898402,True
9C,128,1.0,4,0,x,1,0.18405537,23006922.0,0.9996473,0.9996473,True
9C,128,1.0,4,1,x,2,0.09202769,11503461.0,0.9993552,0.9993552,True
9C,128,1.0,4,2,x,3,0.061351795,7668974.5,0.99850243,0.99850243,True
9C,128,1.0,4,3,x,4,0.046013843,5751730.5,0.99850196,0.99850196,True
9C,128,1.0,4,4,x,5,0.036811076,4601384.5,0.99823785,0.99823785,True
9C,128,1.0,4,5,x,6,0.030675897,3834487.2,0.9981333,0.9981333,True
9C,128,1.0,4,6,x,7,0.026293626,3286703.2,0.9981254,0.9981254,True
9C,128,1.0,4,7,x,8,0.023006922,2875865.2,0.99809694,0.99809694,True
9C,128,1.0,4,8,x,9,0.020450598,2556324.8,0.9984474,0.9979457,True
9C,128,1.0,4,9,x,10,0.018405538,2300692.2,0.9981258,0.9981258,True
9C,128,1.0,4,10,x,11,0.016732307,2091538.4,0.99804664,0.99804664,True
9C,128,1.0,4,11,x,12,0.015337949,1917243.6,0.998143,0.998143,True
9C,128,1.0,4,12,x,13,0.014158106,1769763.2,0.99801666,0.99801666,True
9C,128,1.0,4,13,x,14,0.013146813,1643351.6,0.998114,0.998114,True
9C,128,1.0,4,14,x,15,0.012270359,1533794.9,0.99803096,0.99803096,True
9C,128,1.0,4,15,x,16,0.011503461,1437932.6,0.9980769,0.9980769,True
9C,128,1.0,4,16,x,17,0.010826787,1353348.4,0.99812514,0.99812514,True
9C,128,1.0,4,17,x,18,0.010225299,1278162.4,0.99819684,0.99819684,True
9C,128,1.0,4,18,x,19,0.009687125,1210890.6,0.99811566,0.99811566,True
9C,128,1.0,4,19,x,20,0.009202769,1150346.1,0.9980219,0.9980219,True
9C,128,1.0,4,20,x,21,0.008764542,1095567.8,0.99799305,0.99799305,True
9C,128,1.0,4,21,x,22,0.008366154,1045769.2,0.99799186,0.99799186,True
9C,128,1.0,4,22,x,23,0.008002408,1000301.0,0.99803627,0.99803627,True
9C,128,1.0,4,23,x,24,0.0076689743,958621.8,0.99818283,0.99818283,True
9C,128,1.0,4,24,x,25,0.007362215,920276.9,0.99809074,0.99809074,True
9C,128,1.0,4,25,x,26,0.007079053,884881.6,0.9980669,0.9980669,True
9C,128,1.0,4,26,x,27,0.006816866,852108.25,0.9980378,0.9980378,True
9C,128,1.0,4,27,x,28,0.0065734065,821675.8,0.9980147,0.9980147,True
9C,128,1.0,4,28,x,29,0.006346737,793342.1,0.99818134,0.99818134,True
9C,128,1.0,4,29,x,30,0.0061351797,766897.44,0.99795496,0.99795496,True
9C,128,1.0,4,30,x,31,0.00593727,742158.75,0.9980382,0.9980382,True
9C,128,1.0,4,31,x,32,0.0057517304,718966.3,0.9981004,0.9981004,True
9C,128,1.0,4,32,x,33,0.0055774357,697179.44,0.9980954,0.9980954,True
9C,128,1.0,4,33,x,34,0.0054133935,676674.2,0.9981462,0.9981462,True
9C,128,1.0,4,34,x,35,0.005258725,657340.6,0.9980335,0.9980335,True
9C,128,1.0,4,35,x,36,0.0051126494,639081.2,0.99811125,0.99811125,True
9C,128,1.0,4,36,x,37,0.00497447,621808.75,0.9981961,0.9981961,True
9C,128,1.0,4,37,x,38,0.0048435624,605445.3,0.9981686,0.9981686,True
9C,128,1.0,4,38,x,39,0.0047193686,589921.06,0.9980383,0.9980383,True
9C,128,1.0,4,39,x,40,0.0046013845,575173.06,0.99810535,0.99810535,True
9C,128,1.0,4,40,x,41,0.0044891555,561144.44,0.99801874,0.99801874,True
9C,128,1.0,4,41,x,42,0.004382271,547783.9,0.9980338,0.9980338,True
9C,128,1.0,4,42,x,43,0.0042803576,535044.7,0.99801135,0.99801135,True
9C,128,1.0,4,43,x,44,0.004183077,522884.6,0.99820304,0.99820304,True
9C,128,1.0,4,44,x,45,0.0040901196,511264.94,0.99812293,0.99812293,True
9C,128,1.0,4,45,x,46,0.004001204,500150.5,0.99813074,0.99813074,True
9C,128,1.0,4,46,x,47,0.0039160717,489508.97,0.9980716,0.9980716,True
9C,128,1.0,4,47,x,48,0.0038344872,479310.9,0.9979619,0.9979619,True
9C,128,1.0,4,48,x,49,0.003756232,469529.0,0.9980446,0.9980446,True
9C,128,1.0,4,49,x,50,0.0036811074,460138.44,0.9981643,0.9981643,True
9C,128,1.0,4,50,x,51,0.003608929,451116.12,0.99792147,0.99792147,True
9C,128,1.0,4,51,x,52,0.0035395266,442440.8,0.99809873,0.99809873,True
9C,128,1.0,4,52,x,53,0.003472743,434092.88,0.99811125,0.99811125,True
9C,128,1.0,4,53,x,54,0.003408433,426054.12,0.99814224,0.99814224,True
9C,128,1.0,4,54,x,55,0.0033464613,418307.66,0.99801755,0.99801755,True
9C,128,1.0,4,55,x,56,0.0032867033,410837.9,0.99800134,0.99800134,True
9C,128,1.0,4,56,x,57,0.0032290418,403630.22,0.8208661,0.8208661,False
9C,128,1.0,4,57,x,58,0.0031733685,396671.06,0.9940587,0.9940587,True
9C,128,1.0,4,58,x,59,0.0031195828,389947.84,0.998193,0.998193,True
9C,128,1.0,4,59,x,60,0.0030675898,383448.72,0.99808747,0.99808747,True
9C,128,1.0,4,60,x,61,0.0030173012,377162.66,0.9981061,0.9981061,True
9C,128,1.0,4,61,x,62,0.002968635,371079.38,0.9979448,0.9979448,True
9C,128,1.0,4,62,x,63,0.002921514,365189.25,0.99812883,0.99812883,True
9C,128,1.0,4,63,x,64,0.0028758652,359483.16,0.9981411,0.9981411,True
9C,128,1.0,4,64,x,65,0.002831621,353952.62,0.9980923,0.9980923,True
9C,128,1.0,4,65,x,66,0.0027887179,348589.72,0.9981686,0.9981686,True
9C,128,1.0,4,66,x,67,0.0027470952,343386.9,0.9981767,0.9981767,True
9C,128,1.0,4,67,x,68,0.0027066967,338337.1,0.9980691,0.9980691,True
9C,128,1.0,4,68,x,69,0.0026674692,333433.66,0.9980849,0.9980849,True
9C,128,1.0,4,69,x,70,0.0026293625,328670.3,0.99820507,0.99820507,True
9C,128,1.0,4,70,x,71,0.0025923292,324041.16,0.9981029,0.9981029,True
9C,128,1.0,4,71,x,72,0.0025563247,319540.6,0.9980364,0.9980364,True
9C,128,1.0,4,72,x,73,0.0025213065,315163.3,0.99827564,0.99827564,True
9C,128,1.0,4,73,x,74,0.002487235,310904.38,0.9981649,0.9981649,True
9C,128,1.0,4,74,x,75,0.0024540718,306758.97,0.9980205,0.9980205,True
9C,128,1.0,4,75,x,76,0.0024217812,302722.66,0.99817395,0.99817395,True
9C,128,1.0,4,76,x,77,0.0023903295,298791.2,0.9980027,0.9980027,True
9C,128,1.0,4,77,x,78,0.0023596843,294960.53,0.9981007,0.9981007,True
9C,128,1.0,4,78,x,79,0.002329815,291226.88,0.9981991,0.9981991,True
9C,128,1.0,4,79,x,80,0.0023006923,287586.53,0.9981329,0.9981329,True
9C,128,1.0,4,80,x,81,0.0022722885,284036.06,0.9981643,0.9981643,True
9C,128,1.0,4,81,x,82,0.0022445777,280572.22,0.9980969,0.9980969,True
9C,128,1.0,4,82,x,83,0.0022175347,277191.84,0.99814874,0.99814874,True
9C,128,1.0,4,83,x,84,0.0021911354,273891.94,0.99809915,0.99809915,True
9C,128,1.0,4,84,x,85,0.0021653573,270669.66,0.9982249,0.9982249,True
9C,128,1.0,4,85,x,86,0.0021401788,267522.34,0.9981643,0.9981643,True
9C,128,1.0,4,86,x,87,0.002115579,264447.38,0.9981885,0.9981885,True
9C,128,1.0,4,87,x,88,0.0020915384,261442.3,0.99803793,0.99803793,True
9C,128,1.0,4,88,x,89,0.0020680379,258504.73,0.9926718,0.9926718,True
9C,128,1.0,4,89,x,90,0.0020450598,255632.47,0.7269126,0.7269126,False
9C,128,1.0,4,90,x,91,0.0020225865,252823.31,0.9983151,0.9983151,True
9C,128,1.0,4,91,x,92,0.002000602,250075.25,0.99797827,0.99797827,True
9C,128,1.0,4,92,x,93,0.00197909,247386.25,0.9921403,0.9921403,True
9C,128,1.0,4,93,x,94,0.0019580359,244754.48,0.6994195,0.0029565021,False
9C,128,1.0,4,94,x,95,0.0019374251,242178.14,0.9981648,0.9981648,True
9C,128,1.0,4,95,x,96,0.0019172436,239655.45,0.99820316,0.99820316,True
9C,128,1.0,4,96,x,97,0.001897478,237184.75,0.729605,0.729605,False
9C,128,1.0,4,97,x,98,0.001878116,234764.5,0.99179584,0.99179584,True
9C,128,1.0,4,98,x,99,0.0018591452,232393.16,0.9981111,0.9981111,True
9C,128,1.0,4,99,x,100,0.0018405537,230069.22,0.9978994,0.9978994,True
9C,128,1.0,4,100,x,101,0.0018223304,227791.3,0.9981755,0.9981755,True
9C,128,1.0,4,101,x,102,0.0018044645,225558.06,0.99800736,0.99800736,True
9C,128,1.0,4,102,x,103,0.0017869454,223368.17,0.99801666,0.99801666,True
9C,128,1.0,4,103,x,104,0.0017697633,221220.4,0.9981477,0.9981477,True
9C,128,1.0,4,104,x,105,0.0017529085,219113.56,0.99799687,0.99799687,True
9C,128,1.0,4,105,x,106,0.0017363715,217046.44,0.99803424,0.99803424,True
9C,128,1.0,4,106,x,107,0.0017201437,215017.97,0.9980686,0.9980686,True
9C,128,1.0,4,107,x,108,0.0017042165,213027.06,0.028973687,0.009550938,False
9C,128,1.0,4,108,x,109,0.0016885814,211072.67,0.9981781,0.9981781,True
9C,128,1.0,4,109,x,110,0.0016732307,209153.83,0.9980327,0.9980327,True
9C,128,1.0,4,110,x,111,0.0016581566,207269.58,0.6836183,0.00087914616,False
9C,128,1.0,4,111,x,112,0.0016433516,205418.95,0.99022925,0.99022925,True
9C,128,1.0,4,112,x,113,0.0016288087,203601.08,0.9882748,0.9882748,True
9C,128,1.0,4,113,x,114,0.0016145209,201815.11,0.4750168,0.005278297,False
9C,128,1.0,4,114,x,115,0.0016004815,200060.19,0.57078534,0.1001233,False
9C,128,1.0,4,115,x,116,0.0015866843,198335.53,0.9887926,0.9887926,True
9C,128,1.0,4,116,x,117,0.0015731229,196640.36,0.32672483,0.035129666,False
9C,128,1.0,4,117,x,118,0.0015597914,194973.92,0.29152346,0.002698239,False
9C,128,1.0,4,118,x,119,0.001546684,193335.5,0.99816054,0.99816054,True
9C,128,1.0,4,119,x,120,0.0015337949,191724.36,0.99813426,0.99813426,True
9C,128,1.0,4,120,x,121,0.0015211188,190139.84,0.99812484,0.99812484,True
9C,128,1.0,4,121,x,122,0.0015086506,188581.33,0.9980396,0.9980396,True
9C,128,1.0,4,122,x,123,0.0014963851,187048.14,0.99795985,0.99795985,True
9C,128,1.0,4,123,x,124,0.0014843175,185539.69,0.9980568,0.9980568,True
9C,128,1.0,4,124,x,125,0.0014724431,184055.39,0.9981685,0.9981685,True
9C,128,1.0,4,125,x,126,0.001460757,182594.62,0.9980744,0.9980744,True
9C,128,1.0,4,126,x,127,0.0014492549,181156.86,0.68116593,0.040746327,False
9C,128,1.0,4,127,x,128,0.0014379326,179741.58,0.9913012,0.9913012,True
9C,128,1.0,4,128,y,1,0.18405537,23006922.0,0.999588,0.999588,True
9C,128,1.0,4,129,y,2,0.09202769,11503461.0,0.99962294,0.99962294,True
9C,128,1.0,4,130,y,3,0.061351795,7668974.5,0.99810886,0.99810886,True
9C,128,1.0,4,131,y,4,0.046013843,5751730.5,0.99836093,0.99836093,True
9C,128,1.0,4,132,y,5,0.036811076,4601384.5,0.998129,0.998129,True
9C,128,1.0,4,133,y,6,0.030675897,3834487.2,0.99810755,0.99810755,True
9C,128,1.0,4,134,y,7,0.026293626,3286703.2,0.99810237,0.99810237,True
9C,128,1.0,4,135,y,8,0.023006922,2875865.2,0.9981379,0.9981379,True
9C,128,1.0,4,136,y,9,0.020450598,2556324.8,0.99802065,0.99802065,True
9C,128,1.0,4,137,y,10,0.018405538,2300692.2,0.9981676,0.9981676,True
9C,128,1.0,4,138,y,11,0.016732307,2091538.4,0.99822533,0.99822533,True
9C,128,1.0,4,139,y,12,0.015337949,1917243.6,0.99842596,0.99842596,True
9C,128,1.0,4,140,y,13,0.014158106,1769763.2,0.9982242,0.9982242,True
9C,128,1.0,4,141,y,14,0.013146813,1643351.6,0.9981712,0.9981712,True
9C,128,1.0,4,142,y,15,0.012270359,1533794.9,0.9980913,0.9980913,True
9C,128,1.0,4,143,y,16,0.011503461,1437932.6,0.99824345,0.99824345,True
9C,128,1.0,4,144,y,17,0.010826787,1353348.4,0.9980442,0.9980442,True
9C,128,1.0,4,145,y,18,0.010225299,1278162.4,0.99813646,0.99813646,True
9C,128,1.0,4,146,y,19,0.009687125,1210890.6,0.9981749,0.9981749,True
9C,128,1.0,4,147,y,20,0.009202769,1150346.1,0.99802357,0.99802357,True
9C,128,1.0,4,148,y,21,0.008764542,1095567.8,0.9980196,0.9980196,True
9C,128,1.0,4,149,y,22,0.008366154,1045769.2,0.9981666,0.9981666,True
9C,128,1.0,4,150,y,23,0.008002408,1000301.0,0.9982302,0.9982302,True
9C,128,1.0,4,151,y,24,0.0076689743,958621.8,0.99813795,0.99813795,True
9C,128,1.0,4,152,y,25,0.007362215,920276.9,0.99820894,0.99820894,True
9C,128,1.0,4,153,y,26,0.007079053,884881.6,0.99819803,0.99819803,True
9C,128,1.0,4,154,y,27,0.006816866,852108.25,0.9981972,0.9981972,True
9C,128,1.0,4,155,y,28,0.0065734065,821675.8,0.99809206,0.99809206,True
9C,128,1.0,4,156,y,29,0.006346737,793342.1,0.9980382,0.9980382,True
9C,128,1.0,4,157,y,30,0.0061351797,766897.44,0.998072,0.998072,True
9C,128,1.0,4,158,y,31,0.00593727,742158.75,0.99819136,0.99819136,True
9C,128,1.0,4,159,y,32,0.0057517304,718966.3,0.9980983,0.9980983,True
9C,128,1.0,4,160,y,33,0.0055774357,697179.44,0.99551433,0.99551433,True
9C,128,1.0,4,161,y,34,0.0054133935,676674.2,0.8797855,0.8797855,False
9C,128,1.0,4,162,y,35,0.005258725,657340.6,0.9982389,0.9982389,True
9C,128,1.0,4,163,y,36,0.0051126494,639081.2,0.9981203,0.9981203,True
9C,128,1.0,4,164,y,37,0.00497447,621808.75,0.9981227,0.9981227,True
9C,128,1.0,4,165,y,38,0.0048435624,605445.3,0.9982162,0.9982162,True
9C,128,1.0,4,166,y,39,0.0047193686,589921.06,0.83596826,0.83596826,False
9C,128,1.0,4,167,y,40,0.0046013845,575173.06,0.9928839,0.9928839,True
9C,128,1.0,4,168,y,41,0.0044891555,561144.44,0.99829036,0.99829036,True
9C,128,1.0,4,169,y,42,0.004382271,547783.9,0.9982068,0.9982068,True
9C,128,1.0,4,170,y,43,0.0042803576,535044.7,0.99820143,0.99820143,True
9C,128,1.0,4,171,y,44,0.004183077,522884.6,0.9981397,0.9981397,True
9C,128,1.0,4,172,y,45,0.0040901196,511264.94,0.99803084,0.99803084,True
9C,128,1.0,4,173,y,46,0.004001204,500150.5,0.998188,0.998188,True
9C,128,1.0,4,174,y,47,0.0039160717,489508.97,0.99827796,0.99827796,True
9C,128,1.0,4,175,y,48,0.0038344872,479310.9,0.9982121,0.9982121,True
9C,128,1.0,4,176,y,49,0.003756232,469529.0,0.9981625,0.9981625,True
9C,128,1.0,4,177,y,50,0.0036811074,460138.44,0.9981162,0.9981162,True
9C,128,1.0,4,178,y,51,0.003608929,451116.12,0.9980544,0.9980544,True
9C,128,1.0,4,179,y,52,0.0035395266,442440.8,0.99815243,0.99815243,True
9C,128,1.0,4,180,y,53,0.003472743,434092.88,0.99828607,0.99828607,True
9C,128,1.0,4,181,y,54,0.003408433,426054.12,0.9980409,0.9980409,True
9C,128,1.0,4,182,y,55,0.0033464613,418307.66,0.99819374,0.99819374,True
9C,128,1.0,4,183,y,56,0.0032867033,410837.9,0.99822104,0.99822104,True
9C,128,1.0,4,184,y,57,0.0032290418,403630.22,0.9982141,0.9982141,True
9C,128,1.0,4,185,y,58,0.0031733685,396671.06,0.9981983,0.9981983,True
9C,128,1.0,4,186,y,59,0.0031195828,389947.84,0.9980856,0.9980856,True
9C,128,1.0,4,187,y,60,0.0030675898,383448.72,0.9981623,0.9981623,True
9C,128,1.0,4,188,y,61,0.0030173012,377162.66,0.9981171,0.9981171,True
9C,128,1.0,4,189,y,62,0.002968635,371079.38,0.3958915,0.02076545,False
9C,128,1.0,4,190,y,63,0.002921514,365189.25,0.9981211,0.9981211,True
9C,128,1.0,4,191,y,64,0.0028758652,359483.16,0.9980223,0.9980223,True
9C,128,1.0,4,192,y,65,0.002831621,353952.62,0.7379114,0.7379114,False
9C,128,1.0,4,193,y,66,0.0027887179,348589.72,0.9923123,0.9923123,True
9C,128,1.0,4,194,y,67,0.0027470952,343386.9,0.9982005,0.9982005,True
9C,128,1.0,4,195,y,68,0.0027066967,338337.1,0.9981534,0.9981534,True
9C,128,1.0,4,196,y,69,0.0026674692,333433.66,0.99827266,0.99827266,True
9C,128,1.0,4,197,y,70,0.0026293625,328670.3,0.99821436,0.99821436,True
9C,128,1.0,4,198,y,71,0.0025923292,324041.16,0.9565127,0.9565127,True
9C,128,1.0,4,199,y,72,0.0025563247,319540.6,0.9699471,0.9699471,True
9C,128,1.0,4,200,y,73,0.0025213065,315163.3,0.9981505,0.9981505,True
9C,128,1.0,4,201,y,74,0.002487235,310904.38,0.99814296,0.99814296,True
9C,128,1.0,4,202,y,75,0.0024540718,306758.97,0.9917671,0.9917671,True
9C,128,1.0,4,203,y,76,0.0024217812,302722.66,0.6747042,0.021499086,False
9C,128,1.0,4,204,y,77,0.0023903295,298791.2,0.9980979,0.9980979,True
9C,128,1.0,4,205,y,78,0.0023596843,294960.53,0.99811256,0.99811256,True
9C,128,1.0,4,206,y,79,0.002329815,291226.88,0.9981514,0.9981514,True
9C,128,1.0,4,207,y,80,0.0023006923,287586.53,0.998188,0.998188,True
9C,128,1.0,4,208,y,81,0.0022722885,284036.06,0.7603934,0.7603934,False
9C,128,1.0,4,209,y,82,0.0022445777,280572.22,0.99233705,0.99233705,True
9C,128,1.0,4,210,y,83,0.0022175347,277191.84,0.99843216,0.99843216,True
9C,128,1.0,4,211,y,84,0.0021911354,273891.94,0.99804974,0.99804974,True
9C,128,1.0,4,212,y,85,0.0021653573,270669.66,0.99818385,0.99818385,True
9C,128,1.0,4,213,y,86,0.0021401788,267522.34,0.99818087,0.99818087,True
9C,128,1.0,4,214,y,87,0.002115579,264447.38,0.9982193,0.9982193,True
9C,128,1.0,4,215,y,88,0.0020915384,261442.3,0.9982416,0.9982416,True
9C,128,1.0,4,216,y,89,0.0020680379,258504.73,0.9981513,0.9981513,True
9C,128,1.0,4,217,y,90,0.0020450598,255632.47,0.99820787,0.99820787,True
9C,128,1.0,4,218,y,91,0.0020225865,252823.31,0.99312574,0.99312574,True
9C,128,1.0,4,219,y,92,0.002000602,250075.25,0.7146861,0.7146861,False
9C,128,1.0,4,220,y,93,0.00197909,247386.25,0.9982023,0.9982023,True
9C,128,1.0,4,221,y,94,0.0019580359,244754.48,0.9982099,0.9982099,True
9C,128,1.0,4,222,y,95,0.0019374251,242178.14,0.99193215,0.99193215,True
9C,128,1.0,4,223,y,96,0.0019172436,239655.45,0.71839076,0.71839076,False
9C,128,1.0,4,224,y,97,0.001897478,237184.75,0.98839456,0.98839456,True
9C,128,1.0,4,225,y,98,0.001878116,234764.5,0.54847586,0.0021994822,False
9C,128,1.0,4,226,y,99,0.0018591452,232393.16,0.99159586,0.99159586,True
9C,128,1.0,4,227,y,100,0.0018405537,230069.22,0.6866916,0.0030568466,False
9C,128,1.0,4,228,y,101,0.0018223304,227791.3,0.9981345,0.9981345,True
9C,128,1.0,4,229,y,102,0.0018044645,225558.06,0.9981192,0.9981192,True
9C,128,1.0,4,230,y,103,0.0017869454,223368.17,0.9899121,0.9899121,True
9C,128,1.0,4,231,y,104,0.0017697633,221220.4,0.695408,-8.706003e-06,False
9C,128,1.0,4,232,y,105,0.0017529085,219113.56,0.99820566,0.99820566,True
9C,128,1.0,4,233,y,106,0.0017363715,217046.44,0.99800694,0.99800694,True
9C,128,1.0,4,234,y,107,0.0017201437,215017.97,0.9559159,0.9559159,True
9C,128,1.0,4,235,y,108,0.0017042165,213027.06,0.9449089,0.9449089,True
9C,128,1.0,4,236,y,109,0.0016885814,211072.67,0.64919925,-0.0009044036,False
9C,128,1.0,4,237,y,110,0.0016732307,209153.83,0.9910629,0.9910629,True
9C,128,1.0,4,238,y,111,0.0016581566,207269.58,0.9176377,0.9176377,True
9C,128,1.0,4,239,y,112,0.0016433516,205418.95,0.92088354,0.92088354,True
9C,128,1.0,4,240,y,113,0.0016288087,203601.08,0.998037,0.998037,True
9C,128,1.0,4,241,y,114,0.0016145209,201815.11,0.99818027,0.99818027,True
9C,128,1.0,4,242,y,115,0.0016004815,200060.19,0.9981368,0.9981368,True
9C,128,1.0,4,243,y,116,0.0015866843,198335.53,0.9981182,0.9981182,True
9C,128,1.0,4,244,y,117,0.0015731229,196640.36,0.73207223,0.73207223,False
9C,128,1.0,4,245,y,118,0.0015597914,194973.92,0.99346167,0.99346167,True
9C,128,1.0,4,246,y,119,0.001546684,193335.5,0.7181945,0.117409736,False
9C,128,1.0,4,247,y,120,0.0015337949,191724.36,0.9917769,0.9917769,True
9C,128,1.0,4,248,y,121,0.0015211188,190139.84,0.99817085,0.99817085,True
9C,128,1.0,4,249,y,122,0.0015086506,188581.33,0.9980673,0.9980673,True
9C,128,1.0,4,250,y,123,0.0014963851,187048.14,0.9981674,0.9981674,True
9C,128,1.0,4,251,y,124,0.0014843175,185539.69,0.9981377,0.9981377,True
9C,128,1.0,4,252,y,125,0.0014724431,184055.39,0.99809206,0.99809206,True
9C,128,1.0,4,253,y,126,0.001460757,182594.62,0.9981687,0.9981687,True
9C,128,1.0,4,254,y,127,0.0014492549,181156.86,0.99135363,0.99135363,True
9C,128,1.0,4,255,y,128,0.0014379326,179741.58,0.6956334,0.6956334,False
9C,256,1.0,0,0,x,1,0.16328277,20410346.0,0.9997144,0.9997144,True
9C,256,1.0,0,1,x,2,0.08164138,10205173.0,0.99963415,0.99963415,True
9C,256,1.0,0,2,x,3,0.054427594,6803449.0,0.99845314,0.99845314,True
9C,256,1.0,0,3,x,4,0.04082069,5102586.5,0.99870026,0.9981829,True
9C,256,1.0,0,4,x,5,0.032656554,4082069.2,0.9986477,0.9986477,True
9C,256,1.0,0,5,x,6,0.027213797,3401724.5,0.99866104,0.99866104,True
9C,256,1.0,0,6,x,7,0.023326112,2915764.0,0.9987221,0.9987221,True
9C,256,1.0,0,7,x,8,0.020410346,2551293.2,0.99869263,0.99869263,True
9C,256,1.0,0,8,x,9,0.01814253,2267816.2,0.9986031,0.9986031,True
9C,256,1.0,0,9,x,10,0.016328277,2041034.6,0.9986104,0.9986104,True
9C,256,1.0,0,10,x,11,0.014843889,1855486.1,0.9985596,0.9985596,True
9C,256,1.0,0,11,x,12,0.0136068985,1700862.2,0.99855095,0.99855095,True
9C,256,1.0,0,12,x,13,0.012560214,1570026.8,0.9986485,0.9986485,True
9C,256,1.0,0,13,x,14,0.011663056,1457882.0,0.9986892,0.9986892,True
9C,256,1.0,0,14,x,15,0.010885519,1360689.9,0.9988457,0.9988457,True
9C,256,1.0,0,15,x,16,0.010205173,1275646.6,0.9984043,0.9984043,True
9C,256,1.0,0,16,x,17,0.009604869,1200608.6,0.9985801,0.9985801,True
9C,256,1.0,0,17,x,18,0.009071265,1133908.1,0.99860585,0.99860585,True
9C,256,1.0,0,18,x,19,0.00859383,1074228.8,0.9985651,0.9985651,True
9C,256,1.0,0,19,x,20,0.0081641385,1020517.3,0.998459,0.998459,True
9C,256,1.0,0,20,x,21,0.00777537,971921.25,0.9983411,0.9983411,True
9C,256,1.0,0,21,x,22,0.0074219443,927743.06,0.9985364,0.9985364,True
9C,256,1.0,0,22,x,23,0.0070992513,887406.44,0.99854046,0.99854046,True
9C,256,1.0,0,23,x,24,0.0068034492,850431.1,0.99840176,0.99840176,True
9C,256,1.0,0,24,x,25,0.0065313107,816413.8,0.99882114,0.99882114,True
9C,256,1.0,0,25,x,26,0.006280107,785013.4,0.99853694,0.99853694,True
9C,256,1.0,0,26,x,27,0.00604751,755938.75,0.9986099,0.9986099,True
9C,256,1.0,0,27,x,28,0.005831528,728941.0,0.9986054,0.9986054,True
9C,256,1.0,0,28,x,29,0.0056304405,703805.06,0.99853516,0.99853516,True
9C,256,1.0,0,29,x,30,0.0054427595,680344.94,0.9984926,0.9984926,True
9C,256,1.0,0,30,x,31,0.005267186,658398.25,0.9983367,0.9983367,True
9C,256,1.0,0,31,x,32,0.0051025865,637823.3,0.99854434,0.99854434,True
9C,256,1.0,0,32,x,33,0.0049479627,618495.3,0.99863964,0.99863964,True
9C,256,1.0,0,33,x,34,0.0048024347,600304.3,0.99821764,0.99821764,True
9C,256,1.0,0,34,x,35,0.004665222,583152.75,0.99849176,0.99849176,True
9C,256,1.0,0,35,x,36,0.0045356327,566954.06,0.9983965,0.9983965,True
9C,256,1.0,0,36,x,37,0.004413048,551631.0,0.9985688,0.9985688,True
9C,256,1.0,0,37,x,38,0.004296915,537114.4,0.9985422,0.9985422,True
9C,256,1.0,0,38,x,39,0.004186738,523342.22,0.9986861,0.9986861,True
9C,256,1.0,0,39,x,40,0.0040820693,510258.66,0.998517,0.998517,True
9C,256,1.0,0,40,x,41,0.0039825067,497813.34,0.9984937,0.9984937,True
9C,256,1.0,0,41,x,42,0.003887685,485960.62,0.9984104,0.9984104,True
9C,256,1.0,0,42,x,43,0.0037972739,474659.22,0.99850345,0.99850345,True
9C,256,1.0,0,43,x,44,0.0037109721,463871.53,0.99862236,0.99862236,True
9C,256,1.0,0,44,x,45,0.003628506,453563.25,0.99836785,0.99836785,True
9C,256,1.0,0,45,x,46,0.0035496256,443703.22,0.99860346,0.99860346,True
9C,256,1.0,0,46,x,47,0.0034741014,434262.7,0.99861383,0.99861383,True
9C,256,1.0,0,47,x,48,0.0034017246,425215.56,0.9985953,0.9985953,True
9C,256,1.0,0,48,x,49,0.0033323015,416537.7,0.9983946,0.9983946,True
9C,256,1.0,0,49,x,50,0.0032656554,408206.9,0.9983969,0.9983969,True
9C,256,1.0,0,50,x,51,0.003201623,400202.88,0.9984586,0.9984586,True
9C,256,1.0,0,51,x,52,0.0031400535,392506.7,0.99860287,0.99860287,True
9C,256,1.0,0,52,x,53,0.0030808072,385100.9,0.99853694,0.99853694,True
9C,256,1.0,0,53,x,54,0.003023755,377969.38,0.99851656,0.99851656,True
9C,256,1.0,0,54,x,55,0.0029687777,371097.22,0.9986563,0.9986563,True
9C,256,1.0,0,55,x,56,0.002915764,364470.5,0.99846184,0.99846184,True
9C,256,1.0,0,56,x,57,0.0028646102,358076.28,0.9985821,0.9985821,True
9C,256,1.0,0,57,x,58,0.0028152203,351902.53,0.99862075,0.99862075,True
9C,256,1.0,0,58,x,59,0.0027675047,345938.1,0.9983907,0.9983907,True
9C,256,1.0,0,59,x,60,0.0027213797,340172.47,0.9987066,0.9987066,True
9C,256,1.0,0,60,x,61,0.0026767666,334595.8,0.9983748,0.9983748,True
9C,256,1.0,0,61,x,62,0.002633593,329199.12,0.99865806,0.99865806,True
9C,256,1.0,0,62,x,63,0.0025917902,323973.78,0.9985679,0.9985679,True
9C,256,1.0,0,63,x,64,0.0025512932,318911.66,0.99849176,0.99849176,True
9C,256,1.0,0,64,x,65,0.0025120426,314005.34,0.99861884,0.99861884,True
9C,256,1.0,0,65,x,66,0.0024739814,309247.66,0.99854076,0.99854076,True
9C,256,1.0,0,66,x,67,0.0024370563,304632.03,0.9984647,0.9984647,True
9C,256,1.0,0,67,x,68,0.0024012174,300152.16,0.9985367,0.9985367,True
9C,256,1.0,0,68,x,69,0.002366417,295802.12,0.9984836,0.9984836,True
9C,256,1.0,0,69,x,70,0.002332611,291576.38,0.9984909,0.9984909,True
9C,256,1.0,0,70,x,71,0.0022997572,287469.66,0.99858737,0.99858737,True
9C,256,1.0,0,71,x,72,0.0022678163,283477.03,0.9984243,0.9984243,True
9C,256,1.0,0,72,x,73,0.0022367502,279593.78,0.99856234,0.99856234,True
9C,256,1.0,0,73,x,74,0.002206524,275815.5,0.9984331,0.9984331,True
9C,256,1.0,0,74,x,75,0.0021771037,272137.97,0.99841195,0.99841195,True
9C,256,1.0,0,75,x,76,0.0021484576,268557.2,0.9985491,0.9985491,True
9C,256,1.0,0,76,x,77,0.0021205554,265069.44,0.99864256,0.99864256,True
9C,256,1.0,0,77,x,78,0.002093369,261671.11,0.9987751,0.9987751,True
9C,256,1.0,0,78,x,79,0.0020668707,258358.83,0.9984254,0.9984254,True
9C,256,1.0,0,79,x,80,0.0020410346,255129.33,0.9986839,0.9986839,True
9C,256,1.0,0,80,x,81,0.0020158368,251979.6,0.9762498,0.9762498,True
9C,256,1.0,0,81,x,82,0.0019912533,248906.67,0.9741876,0.9741876,True
9C,256,1.0,0,82,x,83,0.0019672622,245907.78,0.9984865,0.9984865,True
9C,256,1.0,0,83,x,84,0.0019438425,242980.31,0.9984864,0.9984864,True
9C,256,1.0,0,84,x,85,0.0019209739,240121.73,0.9983936,0.9983936,True
9C,256,1.0,0,85,x,86,0.0018986369,237329.61,0.99854434,0.99854434,True
9C,256,1.0,0,86,x,87,0.0018768135,234601.69,0.99844074,0.99844074,True
9C,256,1.0,0,87,x,88,0.0018554861,231935.77,0.9985633,0.9985633,True
9C,256,1.0,0,88,x,89,0.001834638,229329.75,0.99862564,0.99862564,True
9C,256,1.0,0,89,x,90,0.001814253,226781.62,0.99825954,0.99825954,True
9C,256,1.0,0,90,x,91,0.0017943162,224289.53,0.9987134,0.9987134,True
9C,256,1.0,0,91,x,92,0.0017748128,221851.61,0.998601,0.998601,True
9C,256,1.0,0,92,x,93,0.0017557287,219466.1,0.99869114,0.99869114,True
9C,256,1.0,0,93,x,94,0.0017370507,217131.34,0.99856037,0.99856037,True
9C,256,1.0,0,94,x,95,0.001718766,214845.75,0.99864733,0.99864733,True
9C,256,1.0,0,95,x,96,0.0017008623,212607.78,0.99879444,0.99879444,True
9C,256,1.0,0,96,x,97,0.0016833275,210415.94,0.99436307,0.99436307,True
9C,256,1.0,0,97,x,98,0.0016661508,208268.84,0.82347715,0.82347715,False
9C,256,1.0,0,98,x,99,0.0016493209,206165.12,0.998543,0.998543,True
9C,256,1.0,0,99,x,100,0.0016328277,204103.45,0.99860114,0.99860114,True
9C,256,1.0,0,100,x,101,0.0016166611,202082.64,0.9986398,0.9986398,True
9C,256,1.0,0,101,x,102,0.0016008115,200101.44,0.9984828,0.9984828,True
9C,256,1.0,0,102,x,103,0.0015852697,198158.72,0.99858236,0.99858236,True
9C,256,1.0,0,103,x,104,0.0015700267,196253.34,0.99858165,0.99858165,True
9C,256,1.0,0,104,x,105,0.0015550741,194384.27,0.9984834,0.9984834,True
9C,256,1.0,0,105,x,106,0.0015404036,192550.45,0.99852264,0.99852264,True
9C,256,1.0,0,106,x,107,0.0015260072,190750.9,0.998762,0.998762,True
9C,256,1.0,0,107,x,108,0.0015118775,188984.69,0.9985717,0.9985717,True
9C,256,1.0,0,108,x,109,0.001498007,187250.88,0.99851745,0.99851745,True
9C,256,1.0,0,109,x,110,0.0014843888,185548.61,0.99863887,0.99863887,True
9C,256,1.0,0,110,x,111,0.001471016,183877.0,0.998546,0.998546,True
9C,256,1.0,0,111,x,112,0.001457882,182235.25,0.99821174,0.99821174,True
9C,256,1.0,0,112,x,113,0.0014449803,180622.53,0.9983841,0.9983841,True
9C,256,1.0,0,113,x,114,0.0014323051,179038.14,0.99860966,0.99860966,True
9C,256,1.0,0,114,x,115,0.0014198502,177481.27,0.9985229,0.9985229,True
9C,256,1.0,0,115,x,116,0.0014076101,175951.27,0.99868155,0.99868155,True
9C,256,1.0,0,116,x,117,0.0013955793,174447.4,0.998683,0.998683,True
9C,256,1.0,0,117,x,118,0.0013837523,172969.05,0.9984549,0.9984549,True
9C,256,1.0,0,118,x,119,0.0013721242,171515.52,0.9986495,0.9986495,True
9C,256,1.0,0,119,x,120,0.0013606899,170086.23,0.99858516,0.99858516,True
9C,256,1.0,0,120,x,121,0.0013494444,168680.55,0.99864626,0.99864626,True
9C,256,1.0,0,121,x,122,0.0013383833,167297.9,0.9985125,0.9985125,True
9C,256,1.0,0,122,x,123,0.0013275022,165937.78,0.9985075,0.9985075,True
9C,256,1.0,0,123,x,124,0.0013167965,164599.56,0.99857914,0.99857914,True
9C,256,1.0,0,124,x,125,0.0013062622,163282.78,0.9985137,0.9985137,True
9C,256,1.0,0,125,x,126,0.0012958951,161986.89,0.99846864,0.99846864,True
9C,256,1.0,0,126,x,127,0.0012856912,160711.39,0.9985291,0.9985291,True
9C,256,1.0,0,127,x,128,0.0012756466,159455.83,0.99860424,0.99860424,True
9C,256,1.0,0,128,x,129,0.001265758,158219.75,0.99862415,0.99862415,True
9C,256,1.0,0,129,x,130,0.0012560213,157002.67,0.9985997,0.9985997,True
9C,256,1.0,0,130,x,131,0.0012464334,155804.17,0.9986532,0.9986532,True
9C,256,1.0,0,131,x,132,0.0012369907,154623.83,0.9984896,0.9984896,True
9C,256,1.0,0,132,x,133,0.00122769,153461.25,0.99862653,0.99862653,True
9C,256,1.0,0,133,x,134,0.0012185281,152316.02,0.9984167,0.9984167,True
9C,256,1.0,0,134,x,135,0.001209502,151187.75,0.99847794,0.99847794,True
9C,256,1.0,0,135,x,136,0.0012006087,150076.08,0.9986263,0.9986263,True
9C,256,1.0,0,136,x,137,0.001191845,148980.62,0.9986038,0.9986038,True
9C,256,1.0,0,137,x,138,0.0011832085,147901.06,0.9986063,0.9986063,True
9C,256,1.0,0,138,x,139,0.0011746963,146837.03,0.9986447,0.9986447,True
9C,256,1.0,0,139,x,140,0.0011663055,145788.19,0.99840343,0.99840343,True
9C,256,1.0,0,140,x,141,0.0011580338,144754.23,0.99845755,0.99845755,True
9C,256,1.0,0,141,x,142,0.0011498786,143734.83,0.99873066,0.99873066,True
9C,256,1.0,0,142,x,143,0.0011418376,142729.7,0.99848104,0.99848104,True
9C,256,1.0,0,143,x,144,0.0011339082,141738.52,0.99849796,0.99849796,True
9C,256,1.0,0,144,x,145,0.0011260881,140761.02,0.99870884,0.99870884,True
9C,256,1.0,0,145,x,146,0.0011183751,139796.89,0.9986596,0.9986596,True
9C,256,1.0,0,146,x,147,0.0011107671,138845.89,0.9985249,0.9985249,True
9C,256,1.0,0,147,x,148,0.001103262,137907.75,0.9985663,0.9985663,True
9C,256,1.0,0,148,x,149,0.0010958576,136982.2,0.9987534,0.9987534,True
9C,256,1.0,0,149,x,150,0.0010885518,136068.98,0.99852854,0.99852854,True
9C,256,1.0,0,150,x,151,0.0010813428,135167.84,0.99256784,0.99256784,True
9C,256,1.0,0,151,x,152,0.0010742288,134278.6,0.75225556,0.75225556,False
9C,256,1.0,0,152,x,153,0.0010672077,133400.95,0.99860096,0.99860096,True
9C,256,1.0,0,153,x,154,0.0010602777,132534.72,0.9985447,0.9985447,True
9C,256,1.0,0,154,x,155,0.0010534372,131679.66,0.99856275,0.99856275,True
9C,256,1.0,0,155,x,156,0.0010466845,130835.555,0.998636,0.998636,True
9C,256,1.0,0,156,x,157,0.0010400177,130002.21,0.9985894,0.9985894,True
9C,256,1.0,0,157,x,158,0.0010334353,129179.414,0.9983602,0.9983602,True
9C,256,1.0,0,158,x,159,0.0010269356,128366.95,0.9922625,0.9922625,True
9C,256,1.0,0,159,x,160,0.0010205173,127564.664,0.7292118,0.7292118,False
9C,256,1.0,0,160,x,161,0.0010141787,126772.34,0.9985217,0.9985217,True
9C,256,1.0,0,161,x,162,0.0010079184,125989.8,0.9986342,0.9986342,True
9C,256,1.0,0,162,x,163,0.0010017348,125216.84,0.9985754,0.9985754,True
9C,256,1.0,0,163,x,164,0.0009956267,124453.336,0.9986495,0.9986495,True
9C,256,1.0,0,164,x,165,0.0009895925,123699.06,0.7585795,0.7585795,False
9C,256,1.0,0,165,x,166,0.0009836311,122953.89,0.98992395,0.98992395,True
9C,256,1.0,0,166,x,167,0.0009777412,122217.65,0.9983771,0.9983771,True
9C,256,1.0,0,167,x,168,0.00097192125,121490.16,0.99850214,0.99850214,True
9C,256,1.0,0,168,x,169,0.0009661703,120771.28,0.35029835,0.0017638593,False
9C,256,1.0,0,169,x,170,0.00096048694,120060.87,0.9984336,0.9984336,True
9C,256,1.0,0,170,x,171,0.00095487,119358.75,0.9985014,0.9985014,True
9C,256,1.0,0,171,x,172,0.00094931846,118664.805,0.9985648,0.9985648,True
9C,256,1.0,0,172,x,173,0.00094383105,117978.88,0.99874353,0.99874353,True
9C,256,1.0,0,173,x,174,0.00093840674,117300.84,0.99852765,0.99852765,True
9C,256,1.0,0,174,x,175,0.0009330444,116630.555,0.9983274,0.9983274,True
9C,256,1.0,0,175,x,176,0.00092774304,115967.88,0.9981934,0.9981934,True
9C,256,1.0,0,176,x,177,0.00092250155,115312.695,0.9987105,0.9987105,True
9C,256,1.0,0,177,x,178,0.000917319,114664.875,0.9984172,0.9984172,True
9C,256,1.0,0,178,x,179,0.00091219426,114024.28,0.99853843,0.99853843,True
9C,256,1.0,0,179,x,180,0.0009071265,113390.81,0.99842536,0.99842536,True
9C,256,1.0,0,180,x,181,0.0009021148,112764.35,0.9985766,0.9985766,True
9C,256,1.0,0,181,x,182,0.0008971581,112144.766,0.99862885,0.99862885,True
9C,256,1.0,0,182,x,183,0.0008922556,111531.945,0.99864554,0.99864554,True
9C,256,1.0,0,183,x,184,0.0008874064,110925.805,0.9987117,0.9987117,True
9C,256,1.0,0,184,x,185,0.0008826096,110326.195,0.9938965,0.9938965,True
9C,256,1.0,0,185,x,186,0.00087786437,109733.05,0.6586956,0.00069481134,False
9C,256,1.0,0,186,x,187,0.0008731699,109146.24,0.6840739,0.0006505996,False
9C,256,1.0,0,187,x,188,0.00086852536,108565.67,0.99186957,0.99186957,True
9C,256,1.0,0,188,x,189,0.00086393,107991.25,0.99857306,0.99857306,True
9C,256,1.0,0,189,x,190,0.000859383,107422.875,0.99879396,0.99879396,True
9C,256,1.0,0,190,x,191,0.00085488363,106860.45,0.9982734,0.9982734,True
9C,256,1.0,0,191,x,192,0.00085043116,106303.89,0.9986274,0.9986274,True
9C,256,1.0,0,192,x,193,0.0008460247,105753.09,0.99840355,0.99840355,True
9C,256,1.0,0,193,x,194,0.00084166374,105207.97,0.99843436,0.99843436,True
9C,256,1.0,0,194,x,195,0.0008373476,104668.445,0.744757,0.744757,False
9C,256,1.0,0,195,x,196,0.0008330754,104134.42,0.99037355,0.99037355,True
9C,256,1.0,0,196,x,197,0.00082884653,103605.82,0.9939448,0.9939448,True
9C,256,1.0,0,197,x,198,0.00082466047,103082.56,0.6998098,0.0014094114,False
9C,256,1.0,0,198,x,199,0.00082051643,102564.555,0.9984924,0.9984924,True
9C,256,1.0,0,199,x,200,0.00081641384,102051.73,0.99860394,0.99860394,True
9C,256,1.0,0,200,x,201,0.00081235205,101544.01,0.9986998,0.9986998,True
9C,256,1.0,0,201,x,202,0.00080833054,101041.32,0.99844754,0.99844754,True
9C,256,1.0,0,202,x,203,0.0008043486,100543.58,0.9985193,0.9985193,True
9C,256,1.0,0,203,x,204,0.00080040575,100050.72,0.22354496,0.00340176,False
9C,256,1.0,0,204,x,205,0.00079650135,99562.67,0.998677,0.998677,True
9C,256,1.0,0,205,x,206,0.00079263485,99079.36,0.9985138,0.9985138,True
9C,256,1.0,0,206,x,207,0.00078880566,98600.71,0.9934324,0.9934324,True
9C,256,1.0,0,207,x,208,0.00078501337,98126.67,0.7173354,0.7173354,False
9C,256,1.0,0,208,x,209,0.00078125723,97657.16,0.7139354,0.7139354,False
9C,256,1.0,0,209,x,210,0.00077753706,97192.13,0.99445355,0.99445355,True
9C,256,1.0,0,210,x,211,0.00077385205,96731.51,0.99843353,0.99843353,True
9C,256,1.0,0,211,x,212,0.0007702018,96275.23,0.9986074,0.9986074,True
9C,256,1.0,0,212,x,213,0.0007665858,95823.23,0.950891,0.950891,True
9C,256,1.0,0,213,x,214,0.0007630036,95375.45,0.95627445,0.95627445,True
9C,256,1.0,0,214,x,215,0.00075945474,94931.84,0.6513896,0.00042519718,False
9C,256,1.0,0,215,x,216,0.00075593876,94492.34,0.9914991,0.9914991,True
9C,256,1.0,0,216,x,217,0.00075245515,94056.89,0.99868065,0.99868065,True
9C,256,1.0,0,217,x,218,0.0007490035,93625.44,0.99665415,0.99665415,True
9C,256,1.0,0,218,x,219,0.0007455834,93197.92,0.9985387,0.9985387,True
9C,256,1.0,0,219,x,220,0.0007421944,92774.305,0.023669213,0.008157598,False
9C,256,1.0,0,220,x,221,0.0007388361,92354.516,0.9986839,0.9986839,True
9C,256,1.0,0,221,x,222,0.000735508,91938.5,0.9985621,0.9985621,True
9C,256,1.0,0,222,x,223,0.00073220977,91526.22,0.9985423,0.9985423,True
9C,256,1.0,0,223,x,224,0.000728941,91117.625,0.9985013,0.9985013,True
9C,256,1.0,0,224,x,225,0.0007257012,90712.65,0.43003604,0.02945634,False
9C,256,1.0,0,225,x,226,0.00072249013,90311.266,0.9883295,0.9883295,True
9C,256,1.0,0,226,x,227,0.00071930734,89913.414,0.99862874,0.99862874,True
9C,256,1.0,0,227,x,228,0.00071615254,89519.07,0.99867547,0.99867547,True
9C,256,1.0,0,228,x,229,0.0007130252,89128.16,0.9297221,0.9297221,True
9C,256,1.0,0,229,x,230,0.0007099251,88740.63,0.92883015,0.92883015,True
9C,256,1.0,0,230,x,231,0.00070685183,88356.48,0.98749626,0.98749626,True
9C,256,1.0,0,231,x,232,0.00070380507,87975.63,0.50646794,0.0024556331,False
9C,256,1.0,0,232,x,233,0.00070078444,87598.055,0.024116745,0.0148872305,False
9C,256,1.0,0,233,x,234,0.00069778966,87223.7,0.9983007,0.9983007,True
9C,256,1.0,0,234,x,235,0.0006948203,86852.54,0.99432707,0.99432707,True
9C,256,1.0,0,235,x,236,0.00069187616,86484.52,0.71565586,0.71565586,False
9C,256,1.0,0,236,x,237,0.0006889568,86119.6,0.9984776,0.9984776,True
9C,256,1.0,0,237,x,238,0.0006860621,85757.76,0.9986024,0.9986024,True
9C,256,1.0,0,238,x,239,0.0006831915,85398.94,0.9984969,0.9984969,True
9C,256,1.0,0,239,x,240,0.00068034494,85043.12,0.99857473,0.99857473,True
9C,256,1.0,0,240,x,241,0.0006775219,84690.24,0.55604684,0.0014641844,False
9C,256,1.0,0,241,x,242,0.0006747222,84340.27,0.9906617,0.9906617,True
9C,256,1.0,0,242,x,243,0.00067194557,83993.195,0.9891804,0.9891804,True
9C,256,1.0,0,243,x,244,0.00066919165,83648.95,0.46047896,0.004078348,False
9C,256,1.0,0,244,x,245,0.00066646026,83307.53,0.9905229,0.9905229,True
9C,256,1.0,0,245,x,246,0.0006637511,82968.89,0.6671228,0.00037299283,False
9C,256,1.0,0,246,x,247,0.0006610639,82632.984,0.9984903,0.9984903,True
9C,256,1.0,0,247,x,248,0.00065839826,82299.78,0.0781437,0.0056682853,False
9C,256,1.0,0,248,x,249,0.00065575406,81969.26,0.93619317,0.93619317,True
9C,256,1.0,0,249,x,250,0.0006531311,81641.39,0.9390715,0.9390715,True
9C,256,1.0,0,250,x,251,0.000650529,81316.125,0.9986062,0.9986062,True
9C,256,1.0,0,251,x,252,0.00064794754,80993.445,0.99857086,0.99857086,True
9C,256,1.0,0,252,x,253,0.00064538646,80673.305,0.017926145,0.004809037,False
9C,256,1.0,0,253,x,254,0.0006428456,80355.695,0.99845976,0.99845976,True
9C,256,1.0,0,254,x,255,0.0006403246,80040.58,0.044368476,0.0039241426,False
9C,256,1.0,0,255,x,256,0.0006378233,79727.914,0.99856186,0.99856186,True
9C,256,1.0,0,256,y,1,0.16328277,20410346.0,0.9997009,0.9997009,True
9C,256,1.0,0,257,y,2,0.08164138,10205173.0,0.99969715,0.99969715,True
9C,256,1.0,0,258,y,3,0.054427594,6803449.0,0.99872553,0.99872553,True
9C,256,1.0,0,259,y,4,0.04082069,5102586.5,0.99885976,0.99885976,True
9C,256,1.0,0,260,y,5,0.032656554,4082069.2,0.9987029,0.9987029,True
9C,256,1.0,0,261,y,6,0.027213797,3401724.5,0.99878514,0.99878514,True
9C,256,1.0,0,262,y,7,0.023326112,2915764.0,0.9988165,0.9988165,True
9C,256,1.0,0,263,y,8,0.020410346,2551293.2,0.99867964,0.99867964,True
9C,256,1.0,0,264,y,9,0.01814253,2267816.2,0.9988935,0.9988935,True
9C,256,1.0,0,265,y,10,0.016328277,2041034.6,0.9986787,0.9986787,True
9C,256,1.0,0,266,y,11,0.014843889,1855486.1,0.99870515,0.99870515,True
9C,256,1.0,0,267,y,12,0.0136068985,1700862.2,0.99874663,0.99874663,True
9C,256,1.0,0,268,y,13,0.012560214,1570026.8,0.9985963,0.9985963,True
9C,256,1.0,0,269,y,14,0.011663056,1457882.0,0.9987849,0.9987849,True
9C,256,1.0,0,270,y,15,0.010885519,1360689.9,0.99871385,0.99871385,True
9C,256,1.0,0,271,y,16,0.010205173,1275646.6,0.9985849,0.9985849,True
9C,256,1.0,0,272,y,17,0.009604869,1200608.6,0.998697,0.998697,True
9C,256,1.0,0,273,y,18,0.009071265,1133908.1,0.99886584,0.9985782,True
9C,256,1.0,0,274,y,19,0.00859383,1074228.8,0.9987762,0.9987762,True
9C,256,1.0,0,275,y,20,0.0081641385,1020517.3,0.99872637,0.99872637,True
9C,256,1.0,0,276,y,21,0.00777537,971921.25,0.99862045,0.99862045,True
9C,256,1.0,0,277,y,22,0.0074219443,927743.06,0.99866605,0.99866605,True
9C,256,1.0,0,278,y,23,0.0070992513,887406.44,0.99860775,0.99860775,True
9C,256,1.0,0,279,y,24,0.0068034492,850431.1,0.99865305,0.99865305,True
9C,256,1.0,0,280,y,25,0.0065313107,816413.8,0.9987602,0.9987602,True
9C,256,1.0,0,281,y,26,0.006280107,785013.4,0.99862087,0.99862087,True
9C,256,1.0,0,282,y,27,0.00604751,755938.75,0.99860173,0.99860173,True
9C,256,1.0,0,283,y,28,0.005831528,728941.0,0.9985687,0.9985687,True
9C,256,1.0,0,284,y,29,0.0056304405,703805.06,0.99857676,0.99857676,True
9C,256,1.0,0,285,y,30,0.0054427595,680344.94,0.9986359,0.9986359,True
9C,256,1.0,0,286,y,31,0.005267186,658398.25,0.99860334,0.99860334,True
9C,256,1.0,0,287,y,32,0.0051025865,637823.3,0.9986681,0.9986681,True
9C,256,1.0,0,288,y,33,0.0049479627,618495.3,0.9985409,0.9985409,True
9C,256,1.0,0,289,y,34,0.0048024347,600304.3,0.998587,0.998587,True
9C,256,1.0,0,290,y,35,0.004665222,583152.75,0.99861026,0.99861026,True
9C,256,1.0,0,291,y,36,0.0045356327,566954.06,0.99861777,0.99861777,True
9C,256,1.0,0,292,y,37,0.004413048,551631.0,0.9988134,0.9988134,True
9C,256,1.0,0,293,y,38,0.004296915,537114.4,0.9986458,0.9986458,True
9C,256,1.0,0,294,y,39,0.004186738,523342.22,0.9985817,0.9985817,True
9C,256,1.0,0,295,y,40,0.0040820693,510258.66,0.99865615,0.99865615,True
9C,256,1.0,0,296,y,41,0.0039825067,497813.34,0.99872875,0.99872875,True
9C,256,1.0,0,297,y,42,0.003887685,485960.62,0.99848825,0.99848825,True
9C,256,1.0,0,298,y,43,0.0037972739,474659.22,0.9989357,0.9989357,True
9C,256,1.0,0,299,y,44,0.0037109721,463871.53,0.99872655,0.99872655,True
9C,256,1.0,0,300,y,45,0.003628506,453563.25,0.99863315,0.99863315,True
9C,256,1.0,0,301,y,46,0.0035496256,443703.22,0.998659,0.998659,True
9C,256,1.0,0,302,y,47,0.0034741014,434262.7,0.9985514,0.9985514,True
9C,256,1.0,0,303,y,48,0.0034017246,425215.56,0.99860436,0.99860436,True
9C,256,1.0,0,304,y,49,0.0033323015,416537.7,0.9986104,0.9986104,True
9C,256,1.0,0,305,y,50,0.0032656554,408206.9,0.9985312,0.9985312,True
9C,256,1.0,0,306,y,51,0.003201623,400202.88,0.99870443,0.99870443,True
9C,256,1.0,0,307,y,52,0.0031400535,392506.7,0.9986302,0.9986302,True
9C,256,1.0,0,308,y,53,0.0030808072,385100.9,0.9026357,0.9026357,True
9C,256,1.0,0,309,y,54,0.003023755,377969.38,0.99652314,0.99652314,True
9C,256,1.0,0,310,y,55,0.0029687777,371097.22,0.99863744,0.99863744,True
9C,256,1.0,0,311,y,56,0.002915764,364470.5,0.9986341,0.9986341,True
9C,256,1.0,0,312,y,57,0.0028646102,358076.28,0.99857235,0.99857235,True
9C,256,1.0,0,313,y,58,0.0028152203,351902.53,0.9987498,0.9987498,True
9C,256,1.0,0,314,y,59,0.0027675047,345938.1,0.9986446,0.9986446,True
9C,256,1.0,0,315,y,60,0.0027213797,340172.47,0.9988739,0.9984193,True
9C,256,1.0,0,316,y,61,0.0026767666,334595.8,0.99857885,0.99857885,True
9C,256,1.0,0,317,y,62,0.002633593,329199.12,0.9985752,0.9985752,True
9C,256,1.0,0,318,y,63,0.0025917902,323973.78,0.9988228,0.9988228,True
9C,256,1.0,0,319,y,64,0.0025512932,318911.66,0.9986533,0.9986533,True
9C,256,1.0,0,320,y,65,0.0025120426,314005.34,0.9987289,0.9987289,True
9C,256,1.0,0,321,y,66,0.0024739814,309247.66,0.9986371,0.9986371,True
9C,256,1.0,0,322,y,67,0.0024370563,304632.03,0.9987074,0.9987074,True
9C,256,1.0,0,323,y,68,0.0024012174,300152.16,0.9987011,0.9987011,True
9C,256,1.0,0,324,y,69,0.002366417,295802.12,0.8875374,0.8875374,False
9C,256,1.0,0,325,y,70,0.002332611,291576.38,0.99475116,0.99475116,True
9C,256,1.0,0,326,y,71,0.0022997572,287469.66,0.99868083,0.99868083,True
9C,256,1.0,0,327,y,72,0.0022678163,283477.03,0.99855316,0.99855316,True
9C,256,1.0,0,328,y,73,0.0022367502,279593.78,0.99878395,0.99878395,True
9C,256,1.0,0,329,y,74,0.002206524,275815.5,0.9985609,0.9985609,True
9C,256,1.0,0,330,y,75,0.0021771037,272137.97,0.9987699,0.9987699,True
9C,256,1.0,0,331,y,76,0.0021484576,268557.2,0.9987347,0.9987347,True
9C,256,1.0,0,332,y,77,0.0021205554,265069.44,0.9961922,0.9961922,True
9C,256,1.0,0,333,y,78,0.002093369,261671.11,0.8620844,0.8620844,False
9C,256,1.0,0,334,y,79,0.0020668707,258358.83,0.9985194,0.9985194,True
9C,256,1.0,0,335,y,80,0.0020410346,255129.33,0.99860334,0.99860334,True
9C,256,1.0,0,336,y,81,0.0020158368,251979.6,0.998685,0.998685,True
9C,256,1.0,0,337,y,82,0.0019912533,248906.67,0.99861574,0.99861574,True
9C,256,1.0,0,338,y,83,0.0019672622,245907.78,0.9985844,0.9985844,True
9C,256,1.0,0,339,y,84,0.0019438425,242980.31,0.99863034,0.99863034,True
9C,256,1.0,0,340,y,85,0.0019209739,240121.73,0.99860215,0.99860215,True
9C,256,1.0,0,341,y,86,0.0018986369,237329.61,0.9986651,0.9986651,True
9C,256,1.0,0,342,y,87,0.0018768135,234601.69,0.99859977,0.99859977,True
9C,256,1.0,0,343,y,88,0.0018554861,231935.77,0.99849653,0.99849653,True
9C,256,1.0,0,344,y,89,0.001834638,229329.75,0.9986446,0.9986446,True
9C,256,1.0,0,345,y,90,0.001814253,226781.62,0.9986999,0.9986999,True
9C,256,1.0,0,346,y,91,0.0017943162,224289.53,0.9986149,0.9986149,True
9C,256,1.0,0,347,y,92,0.0017748128,221851.61,0.99863106,0.99863106,True
9C,256,1.0,0,348,y,93,0.0017557287,219466.1,0.9987407,0.9987407,True
9C,256,1.0,0,349,y,94,0.0017370507,217131.34,0.9986944,0.9986944,True
9C,256,1.0,0,350,y,95,0.001718766,214845.75,0.9987204,0.9987204,True
9C,256,1.0,0,351,y,96,0.0017008623,212607.78,0.9985799,0.9985799,True
9C,256,1.0,0,352,y,97,0.0016833275,210415.94,0.9984784,0.9984784,True
9C,256,1.0,0,353,y,98,0.0016661508,208268.84,0.99874055,0.99874055,True
9C,256,1.0,0,354,y,99,0.0016493209,206165.12,0.9990906,0.9990906,True
9C,256,1.0,0,355,y,100,0.0016328277,204103.45,0.9988477,0.9988477,True
9C,256,1.0,0,356,y,101,0.0016166611,202082.64,0.99870014,0.99870014,True
9C,256,1.0,0,357,y,102,0.0016008115,200101.44,0.9985739,0.9985739,True
9C,256,1.0,0,358,y,103,0.0015852697,198158.72,0.99867404,0.99867404,True
9C,256,1.0,0,359,y,104,0.0015700267,196253.34,0.99871033,0.99871033,True
9C,256,1.0,0,360,y,105,0.0015550741,194384.27,0.99612767,0.99612767,True
9C,256,1.0,0,361,y,106,0.0015404036,192550.45,0.8310551,0.8310551,False
9C,256,1.0,0,362,y,107,0.0015260072,190750.9,0.9986528,0.9986528,True
9C,256,1.0,0,363,y,108,0.0015118775,188984.69,0.9986848,0.9986848,True
9C,256,1.0,0,364,y,109,0.001498007,187250.88,0.998739,0.998739,True
9C,256,1.0,0,365,y,110,0.0014843888,185548.61,0.9984396,0.9984396,True
9C,256,1.0,0,366,y,111,0.001471016,183877.0,0.9984989,0.9984989,True
9C,256,1.0,0,367,y,112,0.001457882,182235.25,0.9986403,0.9986403,True
9C,256,1.0,0,368,y,113,0.0014449803,180622.53,0.9987507,0.9987507,True
9C,256,1.0,0,369,y,114,0.0014323051,179038.14,0.9985919,0.9985919,True
9C,256,1.0,0,370,y,115,0.0014198502,177481.27,0.99856967,0.99856967,True
9C,256,1.0,0,371,y,116,0.0014076101,175951.27,0.99849534,0.99849534,True
9C,256,1.0,0,372,y,117,0.0013955793,174447.4,0.9984151,0.9984151,True
9C,256,1.0,0,373,y,118,0.0013837523,172969.05,0.99862194,0.99862194,True
9C,256,1.0,0,374,y,119,0.0013721242,171515.52,0.9985344,0.9985344,True
9C,256,1.0,0,375,y,120,0.0013606899,170086.23,0.99854875,0.99854875,True
9C,256,1.0,0,376,y,121,0.0013494444,168680.55,0.9983281,0.9983281,True
9C,256,1.0,0,377,y,122,0.0013383833,167297.9,0.99856365,0.99856365,True
9C,256,1.0,0,378,y,123,0.0013275022,165937.78,0.9987332,0.9987332,True
9C,256,1.0,0,379,y,124,0.0013167965,164599.56,0.99869454,0.99869454,True
9C,256,1.0,0,380,y,125,0.0013062622,163282.78,0.99872303,0.99872303,True
9C,256,1.0,0,381,y,126,0.0012958951,161986.89,0.9985759,0.9985759,True
9C,256,1.0,0,382,y,127,0.0012856912,160711.39,0.9986634,0.9986634,True
9C,256,1.0,0,383,y,128,0.0012756466,159455.83,0.99856055,0.99856055,True
9C,256,1.0,0,384,y,129,0.001265758,158219.75,0.9986235,0.9986235,True
9C,256,1.0,0,385,y,130,0.0012560213,157002.67,0.998678,0.998678,True
9C,256,1.0,0,386,y,131,0.0012464334,155804.17,0.9986636,0.9986636,True
9C,256,1.0,0,387,y,132,0.0012369907,154623.83,0.99859655,0.99859655,True
9C,256,1.0,0,388,y,133,0.00122769,153461.25,0.99865425,0.99865425,True
9C,256,1.0,0,389,y,134,0.0012185281,152316.02,0.9986311,0.9986311,True
9C,256,1.0,0,390,y,135,0.001209502,151187.75,0.9986326,0.9986326,True
9C,256,1.0,0,391,y,136,0.0012006087,150076.08,0.9984928,0.9984928,True
9C,256,1.0,0,392,y,137,0.001191845,148980.62,0.9982634,0.9982634,True
9C,256,1.0,0,393,y,138,0.0011832085,147901.06,0.37033886,0.0032331848,False
9C,256,1.0,0,394,y,139,0.0011746963,146837.03,0.99839234,0.99839234,True
9C,256,1.0,0,395,y,140,0.0011663055,145788.19,0.9985712,0.9985712,True
9C,256,1.0,0,396,y,141,0.0011580338,144754.23,0.99872434,0.99872434,True
9C,256,1.0,0,397,y,142,0.0011498786,143734.83,0.9986224,0.9986224,True
9C,256,1.0,0,398,y,143,0.0011418376,142729.7,0.99854755,0.99854755,True
9C,256,1.0,0,399,y,144,0.0011339082,141738.52,0.9986067,0.9986067,True
9C,256,1.0,0,400,y,145,0.0011260881,140761.02,0.99864936,0.99864936,True
9C,256,1.0,0,401,y,146,0.0011183751,139796.89,0.9985057,0.9985057,True
9C,256,1.0,0,402,y,147,0.0011107671,138845.89,0.9987558,0.9987558,True
9C,256,1.0,0,403,y,148,0.001103262,137907.75,0.9986918,0.9986918,True
9C,256,1.0,0,404,y,149,0.0010958576,136982.2,0.9986228,0.9986228,True
9C,256,1.0,0,405,y,150,0.0010885518,136068.98,0.99864554,0.99864554,True
9C,256,1.0,0,406,y,151,0.0010813428,135167.84,0.9987545,0.9987545,True
9C,256,1.0,0,407,y,152,0.0010742288,134278.6,0.99858266,0.99858266,True
9C,256,1.0,0,408,y,153,0.0010672077,133400.95,0.9986203,0.9986203,True
9C,256,1.0,0,409,y,154,0.0010602777,132534.72,0.99864745,0.99864745,True
9C,256,1.0,0,410,y,155,0.0010534372,131679.66,0.99836814,0.99836814,True
9C,256,1.0,0,411,y,156,0.0010466845,130835.555,0.997667,0.997667,True
9C,256,1.0,0,412,y,157,0.0010400177,130002.21,0.9987876,0.9987876,True
9C,256,1.0,0,413,y,158,0.0010334353,129179.414,0.998425,0.998425,True
9C,256,1.0,0,414,y,159,0.0010269356,128366.95,0.99858284,0.99858284,True
9C,256,1.0,0,415,y,160,0.0010205173,127564.664,0.9985446,0.9985446,True
9C,256,1.0,0,416,y,161,0.0010141787,126772.34,0.99862504,0.99862504,True
9C,256,1.0,0,417,y,162,0.0010079184,125989.8,0.9983746,0.9983746,True
9C,256,1.0,0,418,y,163,0.0010017348,125216.84,0.99870336,0.99870336,True
9C,256,1.0,0,419,y,164,0.0009956267,124453.336,0.99863756,0.99863756,True
9C,256,1.0,0,420,y,165,0.0009895925,123699.06,0.99883115,0.99883115,True
9C,256,1.0,0,421,y,166,0.0009836311,122953.89,0.99860966,0.99860966,True
9C,256,1.0,0,422,y,167,0.0009777412,122217.65,0.9985377,0.9985377,True
9C,256,1.0,0,423,y,168,0.00097192125,121490.16,0.9985285,0.9985285,True
9C,256,1.0,0,424,y,169,0.0009661703,120771.28,0.998592,0.998592,True
9C,256,1.0,0,425,y,170,0.00096048694,120060.87,0.9986409,0.9986409,True
9C,256,1.0,0,426,y,171,0.00095487,119358.75,0.9986494,0.9986494,True
9C,256,1.0,0,427,y,172,0.00094931846,118664.805,0.9985577,0.9985577,True
9C,256,1.0,0,428,y,173,0.00094383105,117978.88,0.99871576,0.99871576,True
9C,256,1.0,0,429,y,174,0.00093840674,117300.84,0.9987402,0.9987402,True
9C,256,1.0,0,430,y,175,0.0009330444,116630.555,0.99202657,0.99202657,True
9C,256,1.0,0,431,y,176,0.00092774304,115967.88,0.7164131,0.7164131,False
9C,256,1.0,0,432,y,177,0.00092250155,115312.695,0.99276274,0.99276274,True
9C,256,1.0,0,433,y,178,0.000917319,114664.875,0.6974995,0.0006765425,False
9C,256,1.0,0,434,y,179,0.00091219426,114024.28,0.99862856,0.99862856,True
9C,256,1.0,0,435,y,180,0.0009071265,113390.81,0.9986396,0.9986396,True
9C,256,1.0,0,436,y,181,0.0009021148,112764.35,0.9985962,0.9985962,True
9C,256,1.0,0,437,y,182,0.0008971581,112144.766,0.99867475,0.99867475,True
9C,256,1.0,0,438,y,183,0.0008922556,111531.945,0.9986472,0.9986472,True
9C,256,1.0,0,439,y,184,0.0008874064,110925.805,0.9986687,0.9986687,True
9C,256,1.0,0,440,y,185,0.0008826096,110326.195,0.99849457,0.99849457,True
9C,256,1.0,0,441,y,186,0.00087786437,109733.05,0.9985845,0.9985845,True
9C,256,1.0,0,442,y,187,0.0008731699,109146.24,0.7143022,0.7143022,False
9C,256,1.0,0,443,y,188,0.00086852536,108565.67,0.9941753,0.9941753,True
9C,256,1.0,0,444,y,189,0.00086393,107991.25,0.99852204,0.99852204,True
9C,256,1.0,0,445,y,190,0.000859383,107422.875,0.998796,0.998796,True
9C,256,1.0,0,446,y,191,0.00085488363,106860.45,0.99096304,0.99096304,True
9C,256,1.0,0,447,y,192,0.00085043116,106303.89,0.7104854,0.7104854,False
9C,256,1.0,0,448,y,193,0.0008460247,105753.09,0.9984839,0.9984839,True
9C,256,1.0,0,449,y,194,0.00084166374,105207.97,0.998535,0.998535,True
9C,256,1.0,0,450,y,195,0.0008373476,104668.445,0.9985527,0.9985527,True
9C,256,1.0,0,451,y,196,0.0008330754,104134.42,0.9986315,0.9986315,True
9C,256,1.0,0,452,y,197,0.00082884653,103605.82,0.9985857,0.9985857,True
9C,256,1.0,0,453,y,198,0.00082466047,103082.56,0.9987469,0.9987469,True
9C,256,1.0,0,454,y,199,0.00082051643,102564.555,0.998101,0.998101,True
9C,256,1.0,0,455,y,200,0.00081641384,102051.73,0.9985659,0.9985659,True
9C,256,1.0,0,456,y,201,0.00081235205,101544.01,0.9985708,0.9985708,True
9C,256,1.0,0,457,y,202,0.00080833054,101041.32,0.998536,0.998536,True
9C,256,1.0,0,458,y,203,0.0008043486,100543.58,0.9985056,0.9985056,True
9C,256,1.0,0,459,y,204,0.00080040575,100050.72,0.99864686,0.99864686,True
9C,256,1.0,0,460,y,205,0.00079650135,99562.67,0.99285316,0.99285316,True
9C,256,1.0,0,461,y,206,0.00079263485,99079.36,0.70017505,0.0010686526,False
9C,256,1.0,0,462,y,207,0.00078880566,98600.71,0.9986148,0.9986148,True
9C,256,1.0,0,463,y,208,0.00078501337,98126.67,0.99875706,0.99875706,True
9C,256,1.0,0,464,y,209,0.00078125723,97657.16,0.9987744,0.9987744,True
9C,256,1.0,0,465,y,210,0.00077753706,97192.13,0.9985831,0.9985831,True
9C,256,1.0,0,466,y,211,0.00077385205,96731.51,0.99860656,0.99860656,True
9C,256,1.0,0,467,y,212,0.0007702018,96275.23,0.9984927,0.9984927,True
9C,256,1.0,0,468,y,213,0.0007665858,95823.23,0.9984151,0.9984151,True
9C,256,1.0,0,469,y,214,0.0007630036,95375.45,0.9985651,0.9985651,True
9C,256,1.0,0,470,y,215,0.00075945474,94931.84,0.7035756,0.00015613344,False
9C,256,1.0,0,471,y,216,0.00075593876,94492.34,0.9920057,0.9920057,True
9C,256,1.0,0,472,y,217,0.00075245515,94056.89,0.9986476,0.9986476,True
9C,256,1.0,0,473,y,218,0.0007490035,93625.44,0.9984312,0.9984312,True
9C,256,1.0,0,474,y,219,0.0007455834,93197.92,0.6966952,0.008039801,False
9C,256,1.0,0,475,y,220,0.0007421944,92774.305,0.99203134,0.99203134,True
9C,256,1.0,0,476,y,221,0.0007388361,92354.516,0.5673075,0.0032225992,False
9C,256,1.0,0,477,y,222,0.000735508,91938.5,0.99095666,0.99095666,True
9C,256,1.0,0,478,y,223,0.00073220977,91526.22,0.99849457,0.99849457,True
9C,256,1.0,0,479,y,224,0.000728941,91117.625,0.9986268,0.9986268,True
9C,256,1.0,0,480,y,225,0.0007257012,90712.65,0.9984883,0.9984883,True
9C,256,1.0,0,481,y,226,0.00072249013,90311.266,0.9986762,0.9986762,True
9C,256,1.0,0,482,y,227,0.00071930734,89913.414,0.9985914,0.9985914,True
9C,256,1.0,0,483,y,228,0.00071615254,89519.07,0.021240262,0.006308805,False
9C,256,1.0,0,484,y,229,0.0007130252,89128.16,0.9984913,0.9984913,True
9C,256,1.0,0,485,y,230,0.0007099251,88740.63,0.9984232,0.9984232,True
9C,256,1.0,0,486,y,231,0.00070685183,88356.48,0.9986466,0.9986466,True
9C,256,1.0,0,487,y,232,0.00070380507,87975.63,0.99811107,0.99811107,True
9C,256,1.0,0,488,y,233,0.00070078444,87598.055,0.99846536,0.99846536,True
9C,256,1.0,0,489,y,234,0.00069778966,87223.7,0.9985048,0.9985048,True
9C,256,1.0,0,490,y,235,0.0006948203,86852.54,0.99839556,0.99839556,True
9C,256,1.0,0,491,y,236,0.00069187616,86484.52,0.2534773,0.2534773,False
9C,256,1.0,0,492,y,237,0.0006889568,86119.6,0.025813825,0.0021569128,False
9C,256,1.0,0,493,y,238,0.0006860621,85757.76,0.30939555,0.00050863996,False
9C,256,1.0,0,494,y,239,0.0006831915,85398.94,0.9986213,0.9986213,True
9C,256,1.0,0,495,y,240,0.00068034494,85043.12,0.99860024,0.99860024,True
9C,256,1.0,0,496,y,241,0.0006775219,84690.24,0.99850094,0.99850094,True
9C,256,1.0,0,497,y,242,0.0006747222,84340.27,0.9985618,0.9985618,True
9C,256,1.0,0,498,y,243,0.00067194557,83993.195,0.017720671,0.0019616215,False
9C,256,1.0,0,499,y,244,0.00066919165,83648.95,0.027200844,0.0069717057,False
9C,256,1.0,0,500,y,245,0.00066646026,83307.53,0.9984915,0.9984915,True
9C,256,1.0,0,501,y,246,0.0006637511,82968.89,0.9986699,0.9986699,True
9C,256,1.0,0,502,y,247,0.0006610639,82632.984,0.9922246,0.9922246,True
9C,256,1.0,0,503,y,248,0.00065839826,82299.78,0.69842494,0.07106127,False
9C,256,1.0,0,504,y,249,0.00065575406,81969.26,0.9985818,0.9985818,True
9C,256,1.0,0,505,y,250,0.0006531311,81641.39,0.9987101,0.9987101,True
9C,256,1.0,0,506,y,251,0.000650529,81316.125,0.9986645,0.9986645,True
9C,256,1.0,0,507,y,252,0.00064794754,80993.445,0.9986348,0.9986348,True
9C,256,1.0,0,508,y,253,0.00064538646,80673.305,0.9985983,0.9985983,True
9C,256,1.0,0,509,y,254,0.0006428456,80355.695,0.9986481,0.9986481,True
9C,256,1.0,0,510,y,255,0.0006403246,80040.58,0.9985399,0.9985399,True
9C,256,1.0,0,511,y,256,0.0006378233,79727.914,0.021603279,0.009952731,False
9C,256,1.0,1,0,x,1,0.16328277,20410346.0,0.99956036,0.99956036,True
9C,256,1.0,1,1,x,2,0.08164138,10205173.0,0.9996235,0.9996235,True
9C,256,1.0,1,2,x,3,0.054427594,6803449.0,0.99854136,0.99853766,True
9C,256,1.0,1,3,x,4,0.04082069,5102586.5,0.9984779,0.9984779,True
9C,256,1.0,1,4,x,5,0.032656554,4082069.2,0.99854124,0.99854124,True
9C,256,1.0,1,5,x,6,0.027213797,3401724.5,0.998857,0.998857,True
9C,256,1.0,1,6,x,7,0.023326112,2915764.0,0.9987396,0.9987396,True
9C,256,1.0,1,7,x,8,0.020410346,2551293.2,0.9987574,0.9987574,True
9C,256,1.0,1,8,x,9,0.01814253,2267816.2,0.99870884,0.99870884,True
9C,256,1.0,1,9,x,10,0.016328277,2041034.6,0.99844277,0.99844277,True
9C,256,1.0,1,10,x,11,0.014843889,1855486.1,0.9988469,0.9988469,True
9C,256,1.0,1,11,x,12,0.0136068985,1700862.2,0.9988138,0.9988138,True
9C,256,1.0,1,12,x,13,0.012560214,1570026.8,0.99856555,0.99856555,True
9C,256,1.0,1,13,x,14,0.011663056,1457882.0,0.9986367,0.9986367,True
9C,256,1.0,1,14,x,15,0.010885519,1360689.9,0.9985632,0.9985632,True
9C,256,1.0,1,15,x,16,0.010205173,1275646.6,0.9983765,0.9983765,True
9C,256,1.0,1,16,x,17,0.009604869,1200608.6,0.9984538,0.9984538,True
9C,256,1.0,1,17,x,18,0.009071265,1133908.1,0.9984343,0.9984343,True
9C,256,1.0,1,18,x,19,0.00859383,1074228.8,0.9984984,0.9984984,True
9C,256,1.0,1,19,x,20,0.0081641385,1020517.3,0.99837995,0.99837995,True
9C,256,1.0,1,20,x,21,0.00777537,971921.25,0.99854165,0.99854165,True
9C,256,1.0,1,21,x,22,0.0074219443,927743.06,0.99840945,0.99840945,True
9C,256,1.0,1,22,x,23,0.0070992513,887406.44,0.9984445,0.9984445,True
9C,256,1.0,1,23,x,24,0.0068034492,850431.1,0.9983514,0.9983514,True
9C,256,1.0,1,24,x,25,0.0065313107,816413.8,0.9984443,0.9984443,True
9C,256,1.0,1,25,x,26,0.006280107,785013.4,0.9984267,0.9984267,True
9C,256,1.0,1,26,x,27,0.00604751,755938.75,0.9985045,0.9985045,True
9C,256,1.0,1,27,x,28,0.005831528,728941.0,0.99848264,0.99848264,True
9C,256,1.0,1,28,x,29,0.0056304405,703805.06,0.9985317,0.9985317,True
9C,256,1.0,1,29,x,30,0.0054427595,680344.94,0.99843955,0.99843955,True
9C,256,1.0,1,30,x,31,0.005267186,658398.25,0.99824935,0.99824935,True
9C,256,1.0,1,31,x,32,0.0051025865,637823.3,0.9985212,0.9985212,True
9C,256,1.0,1,32,x,33,0.0049479627,618495.3,0.99859965,0.99859965,True
9C,256,1.0,1,33,x,34,0.0048024347,600304.3,0.9982232,0.9982232,True
9C,256,1.0,1,34,x,35,0.004665222,583152.75,0.99844503,0.99844503,True
9C,256,1.0,1,35,x,36,0.0045356327,566954.06,0.99827695,0.99827695,True
9C,256,1.0,1,36,x,37,0.004413048,551631.0,0.9985851,0.9985851,True
9C,256,1.0,1,37,x,38,0.004296915,537114.4,0.998502,0.998502,True
9C,256,1.0,1,38,x,39,0.004186738,523342.22,0.9985111,0.9985111,True
9C,256,1.0,1,39,x,40,0.0040820693,510258.66,0.99842024,0.99842024,True
9C,256,1.0,1,40,x,41,0.0039825067,497813.34,0.99834955,0.99834955,True
9C,256,1.0,1,41,x,42,0.003887685,485960.62,0.9982809,0.9982809,True
9C,256,1.0,1,42,x,43,0.0037972739,474659.22,0.99834895,0.99834895,True
9C,256,1.0,1,43,x,44,0.0037109721,463871.53,0.9984754,0.9984754,True
9C,256,1.0,1,44,x,45,0.003628506,453563.25,0.9982841,0.9982841,True
9C,256,1.0,1,45,x,46,0.0035496256,443703.22,0.998438,0.998438,True
9C,256,1.0,1,46,x,47,0.0034741014,434262.7,0.9984836,0.9984836,True
9C,256,1.0,1,47,x,48,0.0034017246,425215.56,0.99850917,0.99850917,True
9C,256,1.0,1,48,x,49,0.0033323015,416537.7,0.9983386,0.9983386,True
9C,256,1.0,1,49,x,50,0.0032656554,408206.9,0.9982817,0.9982817,True
9C,256,1.0,1,50,x,51,0.003201623,400202.88,0.9983085,0.9983085,True
9C,256,1.0,1,51,x,52,0.0031400535,392506.7,0.9984187,0.9984187,True
9C,256,1.0,1,52,x,53,0.0030808072,385100.9,0.99854887,0.99854887,True
9C,256,1.0,1,53,x,54,0.003023755,377969.38,0.998454,0.998454,True
9C,256,1.0,1,54,x,55,0.0029687777,371097.22,0.99838305,0.99838305,True
9C,256,1.0,1,55,x,56,0.002915764,364470.5,0.99838555,0.99838555,True
9C,256,1.0,1,56,x,57,0.0028646102,358076.28,0.9979584,0.9979584,True
9C,256,1.0,1,57,x,58,0.0028152203,351902.53,0.9984865,0.9984865,True
9C,256,1.0,1,58,x,59,0.0027675047,345938.1,0.99826515,0.99826515,True
9C,256,1.0,1,59,x,60,0.0027213797,340172.47,0.9984418,0.9984418,True
9C,256,1.0,1,60,x,61,0.0026767666,334595.8,0.99831903,0.99831903,True
9C,256,1.0,1,61,x,62,0.002633593,329199.12,0.99857527,0.99857527,True
9C,256,1.0,1,62,x,63,0.0025917902,323973.78,0.9985102,0.9985102,True
9C,256,1.0,1,63,x,64,0.0025512932,318911.66,0.99843264,0.99843264,True
9C,256,1.0,1,64,x,65,0.0025120426,314005.34,0.9985423,0.9985423,True
9C,256,1.0,1,65,x,66,0.0024739814,309247.66,0.9983652,0.9983652,True
9C,256,1.0,1,66,x,67,0.0024370563,304632.03,0.9983127,0.9983127,True
9C,256,1.0,1,67,x,68,0.0024012174,300152.16,0.9984634,0.9984634,True
9C,256,1.0,1,68,x,69,0.002366417,295802.12,0.9984584,0.9984584,True
9C,256,1.0,1,69,x,70,0.002332611,291576.38,0.9984178,0.9984178,True
9C,256,1.0,1,70,x,71,0.0022997572,287469.66,0.998387,0.998387,True
9C,256,1.0,1,71,x,72,0.0022678163,283477.03,0.99827313,0.99827313,True
9C,256,1.0,1,72,x,73,0.0022367502,279593.78,0.9984386,0.9984386,True
9C,256,1.0,1,73,x,74,0.002206524,275815.5,0.99830735,0.99830735,True
9C,256,1.0,1,74,x,75,0.0021771037,272137.97,0.99835,0.99835,True
9C,256,1.0,1,75,x,76,0.0021484576,268557.2,0.99848473,0.99848473,True
9C,256,1.0,1,76,x,77,0.0021205554,265069.44,0.9985904,0.9985904,True
9C,256,1.0,1,77,x,78,0.002093369,261671.11,0.99864036,0.99864036,True
9C,256,1.0,1,78,x,79,0.0020668707,258358.83,0.9983548,0.9983548,True
9C,256,1.0,1,79,x,80,0.0020410346,255129.33,0.99853015,0.99853015,True
9C,256,1.0,1,80,x,81,0.0020158368,251979.6,0.998351,0.998351,True
9C,256,1.0,1,81,x,82,0.0019912533,248906.67,0.9984138,0.9984138,True
9C,256,1.0,1,82,x,83,0.0019672622,245907.78,0.99846935,0.99846935,True
9C,256,1.0,1,83,x,84,0.0019438425,242980.31,0.99839187,0.99839187,True
9C,256,1.0,1,84,x,85,0.0019209739,240121.73,0.99827313,0.99827313,True
9C,256,1.0,1,85,x,86,0.0018986369,237329.61,0.9984435,0.9984435,True
9C,256,1.0,1,86,x,87,0.0018768135,234601.69,0.9985044,0.9985044,True
9C,256,1.0,1,87,x,88,0.0018554861,231935.77,0.9984587,0.9984587,True
9C,256,1.0,1,88,x,89,0.001834638,229329.75,0.80987984,0.80987984,False
9C,256,1.0,1,89,x,90,0.001814253,226781.62,0.9939778,0.9939778,True
9C,256,1.0,1,90,x,91,0.0017943162,224289.53,0.9986422,0.9986422,True
9C,256,1.0,1,91,x,92,0.0017748128,221851.61,0.9985002,0.9985002,True
9C,256,1.0,1,92,x,93,0.0017557287,219466.1,0.9985354,0.9985354,True
9C,256,1.0,1,93,x,94,0.0017370507,217131.34,0.99868405,0.99868405,True
9C,256,1.0,1,94,x,95,0.001718766,214845.75,0.99849033,0.99849033,True
9C,256,1.0,1,95,x,96,0.0017008623,212607.78,0.99864864,0.99864864,True
9C,256,1.0,1,96,x,97,0.0016833275,210415.94,0.99816155,0.99816155,True
9C,256,1.0,1,97,x,98,0.0016661508,208268.84,0.99830526,0.99830526,True
9C,256,1.0,1,98,x,99,0.0016493209,206165.12,0.9983422,0.9983422,True
9C,256,1.0,1,99,x,100,0.0016328277,204103.45,0.99851453,0.99851453,True
9C,256,1.0,1,100,x,101,0.0016166611,202082.64,0.99849045,0.99849045,True
9C,256,1.0,1,101,x,102,0.0016008115,200101.44,0.99831915,0.99831915,True
9C,256,1.0,1,102,x,103,0.0015852697,198158.72,0.9984029,0.9984029,True
9C,256,1.0,1,103,x,104,0.0015700267,196253.34,0.9984801,0.9984801,True
9C,256,1.0,1,104,x,105,0.0015550741,194384.27,0.99828696,0.99828696,True
9C,256,1.0,1,105,x,106,0.0015404036,192550.45,0.9985318,0.9985318,True
9C,256,1.0,1,106,x,107,0.0015260072,190750.9,0.99858963,0.99858963,True
9C,256,1.0,1,107,x,108,0.0015118775,188984.69,0.99823135,0.99823135,True
9C,256,1.0,1,108,x,109,0.001498007,187250.88,0.9984239,0.9984239,True
9C,256,1.0,1,109,x,110,0.0014843888,185548.61,0.9985268,0.9985268,True
9C,256,1.0,1,110,x,111,0.001471016,183877.0,0.99835765,0.99835765,True
9C,256,1.0,1,111,x,112,0.001457882,182235.25,0.9981411,0.9981411,True
9C,256,1.0,1,112,x,113,0.0014449803,180622.53,0.9982251,0.9982251,True
9C,256,1.0,1,113,x,114,0.0014323051,179038.14,0.4044593,0.002053503,False
9C,256,1.0,1,114,x,115,0.0014198502,177481.27,0.9983567,0.9983567,True
9C,256,1.0,1,115,x,116,0.0014076101,175951.27,0.9985516,0.9985516,True
9C,256,1.0,1,116,x,117,0.0013955793,174447.4,0.99849653,0.99849653,True
9C,256,1.0,1,117,x,118,0.0013837523,172969.05,0.9983049,0.9983049,True
9C,256,1.0,1,118,x,119,0.0013721242,171515.52,0.99850154,0.99850154,True
9C,256,1.0,1,119,x,120,0.0013606899,170086.23,0.9984481,0.9984481,True
9C,256,1.0,1,120,x,121,0.0013494444,168680.55,0.99849015,0.99849015,True
9C,256,1.0,1,121,x,122,0.0013383833,167297.9,0.99834585,0.99834585,True
9C,256,1.0,1,122,x,123,0.0013275022,165937.78,0.99835783,0.99835783,True
9C,256,1.0,1,123,x,124,0.0013167965,164599.56,0.9984478,0.9984478,True
9C,256,1.0,1,124,x,125,0.0013062622,163282.78,0.99845946,0.99845946,True
9C,256,1.0,1,125,x,126,0.0012958951,161986.89,0.9983871,0.9983871,True
9C,256,1.0,1,126,x,127,0.0012856912,160711.39,0.9983382,0.9983382,True
9C,256,1.0,1,127,x,128,0.0012756466,159455.83,0.9984514,0.9984514,True
9C,256,1.0,1,128,x,129,0.001265758,158219.75,0.9985262,0.9985262,True
9C,256,1.0,1,129,x,130,0.0012560213,157002.67,0.9985871,0.99834085,True
9C,256,1.0,1,130,x,131,0.0012464334,155804.17,0.99853396,0.99853396,True
9C,256,1.0,1,131,x,132,0.0012369907,154623.83,0.9984057,0.9984057,True
9C,256,1.0,1,132,x,133,0.00122769,153461.25,0.9984574,0.9984574,True
9C,256,1.0,1,133,x,134,0.0012185281,152316.02,0.9982616,0.9982616,True
9C,256,1.0,1,134,x,135,0.001209502,151187.75,0.99850833,0.99850833,True
9C,256,1.0,1,135,x,136,0.0012006087,150076.08,0.9985006,0.9985006,True
9C,256,1.0,1,136,x,137,0.001191845,148980.62,0.99852777,0.99852777,True
9C,256,1.0,1,137,x,138,0.0011832085,147901.06,0.998476,0.998476,True
9C,256,1.0,1,138,x,139,0.0011746963,146837.03,0.9984512,0.9984512,True
9C,256,1.0,1,139,x,140,0.0011663055,145788.19,0.9983514,0.9983514,True
9C,256,1.0,1,140,x,141,0.0011580338,144754.23,0.9982699,0.9982699,True
9C,256,1.0,1,141,x,142,0.0011498786,143734.83,0.9983757,0.9983757,True
9C,256,1.0,1,142,x,143,0.0011418376,142729.7,0.9985658,0.9985658,True
9C,256,1.0,1,143,x,144,0.0011339082,141738.52,0.998358,0.998358,True
9C,256,1.0,1,144,x,145,0.0011260881,140761.02,0.99852437,0.99852437,True
9C,256,1.0,1,145,x,146,0.0011183751,139796.89,0.9984867,0.9984867,True
9C,256,1.0,1,146,x,147,0.0011107671,138845.89,0.9985137,0.9985137,True
9C,256,1.0,1,147,x,148,0.001103262,137907.75,0.9984447,0.9984447,True
9C,256,1.0,1,148,x,149,0.0010958576,136982.2,0.998678,0.998678,True
9C,256,1.0,1,149,x,150,0.0010885518,136068.98,0.99812955,0.99812955,True
9C,256,1.0,1,150,x,151,0.0010813428,135167.84,0.99848515,0.99848515,True
9C,256,1.0,1,151,x,152,0.0010742288,134278.6,0.99847525,0.99847525,True
9C,256,1.0,1,152,x,153,0.0010672077,133400.95,0.9984857,0.9984857,True
9C,256,1.0,1,153,x,154,0.0010602777,132534.72,0.99843603,0.99843603,True
9C,256,1.0,1,154,x,155,0.0010534372,131679.66,0.99844676,0.99844676,True
9C,256,1.0,1,155,x,156,0.0010466845,130835.555,0.9985199,0.9985199,True
9C,256,1.0,1,156,x,157,0.0010400177,130002.21,0.99850607,0.99850607,True
9C,256,1.0,1,157,x,158,0.0010334353,129179.414,0.998419,0.998419,True
9C,256,1.0,1,158,x,159,0.0010269356,128366.95,0.99838096,0.99838096,True
9C,256,1.0,1,159,x,160,0.0010205173,127564.664,0.99852777,0.99852777,True
9C,256,1.0,1,160,x,161,0.0010141787,126772.34,0.99842143,0.99842143,True
9C,256,1.0,1,161,x,162,0.0010079184,125989.8,0.99853045,0.99853045,True
9C,256,1.0,1,162,x,163,0.0010017348,125216.84,0.9984399,0.9984399,True
9C,256,1.0,1,163,x,164,0.0009956267,124453.336,0.9985759,0.9985759,True
9C,256,1.0,1,164,x,165,0.0009895925,123699.06,0.9984367,0.9984367,True
9C,256,1.0,1,165,x,166,0.0009836311,122953.89,0.9984972,0.9984972,True
9C,256,1.0,1,166,x,167,0.0009777412,122217.65,0.99828804,0.99828804,True
9C,256,1.0,1,167,x,168,0.00097192125,121490.16,0.99843276,0.99843276,True
9C,256,1.0,1,168,x,169,0.0009661703,120771.28,0.70102084,0.029039156,False
9C,256,1.0,1,169,x,170,0.00096048694,120060.87,0.9900248,0.9900248,True
9C,256,1.0,1,170,x,171,0.00095487,119358.75,0.99158597,0.99158597,True
9C,256,1.0,1,171,x,172,0.00094931846,118664.805,0.7129779,0.7129779,False
9C,256,1.0,1,172,x,173,0.00094383105,117978.88,0.99851346,0.99851346,True
9C,256,1.0,1,173,x,174,0.00093840674,117300.84,0.35349035,0.05551545,False
9C,256,1.0,1,174,x,175,0.0009330444,116630.555,0.9983771,0.9983771,True
9C,256,1.0,1,175,x,176,0.00092774304,115967.88,0.99818397,0.99818397,True
9C,256,1.0,1,176,x,177,0.00092250155,115312.695,0.9985442,0.9985442,True
9C,256,1.0,1,177,x,178,0.000917319,114664.875,0.99834573,0.99834573,True
9C,256,1.0,1,178,x,179,0.00091219426,114024.28,0.998356,0.998356,True
9C,256,1.0,1,179,x,180,0.0009071265,113390.81,0.99825096,0.99825096,True
9C,256,1.0,1,180,x,181,0.0009021148,112764.35,0.68273985,0.0012551993,False
9C,256,1.0,1,181,x,182,0.0008971581,112144.766,0.9923338,0.9923338,True
9C,256,1.0,1,182,x,183,0.0008922556,111531.945,0.9939257,0.9939257,True
9C,256,1.0,1,183,x,184,0.0008874064,110925.805,0.7632083,0.7632083,False
9C,256,1.0,1,184,x,185,0.0008826096,110326.195,0.99860823,0.99860823,True
9C,256,1.0,1,185,x,186,0.00087786437,109733.05,0.9985046,0.9985046,True
9C,256,1.0,1,186,x,187,0.0008731699,109146.24,0.99803644,0.99803644,True
9C,256,1.0,1,187,x,188,0.00086852536,108565.67,0.9984724,0.9984724,True
9C,256,1.0,1,188,x,189,0.00086393,107991.25,0.99840766,0.99840766,True
9C,256,1.0,1,189,x,190,0.000859383,107422.875,0.99861646,0.99861646,True
9C,256,1.0,1,190,x,191,0.00085488363,106860.45,0.7239853,0.7239853,False
9C,256,1.0,1,191,x,192,0.00085043116,106303.89,0.99259377,0.99259377,True
9C,256,1.0,1,192,x,193,0.0008460247,105753.09,0.99835205,0.99835205,True
9C,256,1.0,1,193,x,194,0.00084166374,105207.97,0.99819875,0.99819875,True
9C,256,1.0,1,194,x,195,0.0008373476,104668.445,0.9985679,0.9985679,True
9C,256,1.0,1,195,x,196,0.0008330754,104134.42,0.99859834,0.99859834,True
9C,256,1.0,1,196,x,197,0.00082884653,103605.82,0.99368054,0.99368054,True
9C,256,1.0,1,197,x,198,0.00082466047,103082.56,0.7417239,0.7417239,False
9C,256,1.0,1,198,x,199,0.00082051643,102564.555,0.99836326,0.99836326,True
9C,256,1.0,1,199,x,200,0.00081641384,102051.73,0.9984716,0.9984716,True
9C,256,1.0,1,200,x,201,0.00081235205,101544.01,0.99844855,0.99844855,True
9C,256,1.0,1,201,x,202,0.00080833054,101041.32,0.30716658,0.0046138726,False
9C,256,1.0,1,202,x,203,0.0008043486,100543.58,0.35896018,0.0013957946,False
9C,256,1.0,1,203,x,204,0.00080040575,100050.72,0.99817467,0.99817467,True
9C,256,1.0,1,204,x,205,0.00079650135,99562.67,0.99844503,0.99844503,True
9C,256,1.0,1,205,x,206,0.00079263485,99079.36,0.2999221,0.022318337,False
9C,256,1.0,1,206,x,207,0.00078880566,98600.71,0.25611874,0.061794605,False
9C,256,1.0,1,207,x,208,0.00078501337,98126.67,0.99848497,0.99848497,True
9C,256,1.0,1,208,x,209,0.00078125723,97657.16,0.99841076,0.99841076,True
9C,256,1.0,1,209,x,210,0.00077753706,97192.13,0.9983809,0.9983809,True
9C,256,1.0,1,210,x,211,0.00077385205,96731.51,0.68953085,0.000407964,False
9C,256,1.0,1,211,x,212,0.0007702018,96275.23,0.99001336,0.99001336,True
9C,256,1.0,1,212,x,213,0.0007665858,95823.23,0.99841166,0.99841166,True
9C,256,1.0,1,213,x,214,0.0007630036,95375.45,0.9984813,0.9984813,True
9C,256,1.0,1,214,x,215,0.00075945474,94931.84,0.99837995,0.99837995,True
9C,256,1.0,1,215,x,216,0.00075593876,94492.34,0.99838173,0.99838173,True
9C,256,1.0,1,216,x,217,0.00075245515,94056.89,0.99849457,0.99849457,True
9C,256,1.0,1,217,x,218,0.0007490035,93625.44,0.9984201,0.9984201,True
9C,256,1.0,1,218,x,219,0.0007455834,93197.92,0.019281074,0.014582784,False
9C,256,1.0,1,219,x,220,0.0007421944,92774.305,0.99832594,0.99832594,True
9C,256,1.0,1,220,x,221,0.0007388361,92354.516,0.99854857,0.99854857,True
9C,256,1.0,1,221,x,222,0.000735508,91938.5,0.020108446,0.016277082,False
9C,256,1.0,1,222,x,223,0.00073220977,91526.22,0.99842125,0.99842125,True
9C,256,1.0,1,223,x,224,0.000728941,91117.625,0.99817824,0.99817824,True
9C,256,1.0,1,224,x,225,0.0007257012,90712.65,0.7206658,0.7206658,False
9C,256,1.0,1,225,x,226,0.00072249013,90311.266,0.9919641,0.9919641,True
9C,256,1.0,1,226,x,227,0.00071930734,89913.414,0.9139911,0.9139911,True
9C,256,1.0,1,227,x,228,0.00071615254,89519.07,0.9160689,0.9160689,True
9C,256,1.0,1,228,x,229,0.0007130252,89128.16,0.9929551,0.9929551,True
9C,256,1.0,1,229,x,230,0.0007099251,88740.63,0.6924533,-0.0007492504,False
9C,256,1.0,1,230,x,231,0.00070685183,88356.48,0.9984077,0.9984077,True
9C,256,1.0,1,231,x,232,0.00070380507,87975.63,0.9985105,0.9985105,True
9C,256,1.0,1,232,x,233,0.00070078444,87598.055,0.9982712,0.9982712,True
9C,256,1.0,1,233,x,234,0.00069778966,87223.7,0.9983114,0.9983114,True
9C,256,1.0,1,234,x,235,0.0006948203,86852.54,0.32817096,0.0014206767,False
9C,256,1.0,1,235,x,236,0.00069187616,86484.52,0.056860972,0.024384025,False
9C,256,1.0,1,236,x,237,0.0006889568,86119.6,0.02135887,0.002439835,False
9C,256,1.0,1,237,x,238,0.0006860621,85757.76,0.020680502,0.020680502,False
9C,256,1.0,1,238,x,239,0.0006831915,85398.94,0.70172143,0.007958818,False
9C,256,1.0,1,239,x,240,0.00068034494,85043.12,0.9931972,0.9931972,True
9C,256,1.0,1,240,x,241,0.0006775219,84690.24,0.9327953,0.9327953,True
9C,256,1.0,1,241,x,242,0.0006747222,84340.27,0.93808377,0.93808377,True
9C,256,1.0,1,242,x,243,0.00067194557,83993.195,0.99235153,0.99235153,True
9C,256,1.0,1,243,x,244,0.00066919165,83648.95,0.6930225,0.00041278824,False
9C,256,1.0,1,244,x,245,0.00066646026,83307.53,0.99820423,0.99820423,True
9C,256,1.0,1,245,x,246,0.0006637511,82968.89,0.046148177,0.046148177,False
9C,256,1.0,1,246,x,247,0.0006610639,82632.984,0.9931282,0.9931282,True
9C,256,1.0,1,247,x,248,0.00065839826,82299.78,0.70765793,0.70765793,False
9C,256,1.0,1,248,x,249,0.00065575406,81969.26,0.034281753,0.0044062994,False
9C,256,1.0,1,249,x,250,0.0006531311,81641.39,0.99849427,0.99849427,True
9C,256,1.0,1,250,x,251,0.000650529,81316.125,0.99334854,0.99334854,True
9C,256,1.0,1,251,x,252,0.00064794754,80993.445,0.67663455,-0.00033940934,False
9C,256,1.0,1,252,x,253,0.00064538646,80673.305,0.6459867,0.0004902417,False
9C,256,1.0,1,253,x,254,0.0006428456,80355.695,0.9874641,0.9874641,True
9C,256,1.0,1,254,x,255,0.0006403246,80040.58,0.9895665,0.9895665,True
9C,256,1.0,1,255,x,256,0.0006378233,79727.914,0.67051,0.00043847645,False
9C,256,1.0,1,256,y,1,0.16328277,20410346.0,0.99933255,0.99933255,True
9C,256,1.0,1,257,y,2,0.08164138,10205173.0,0.999443,0.999443,True
9C,256,1.0,1,258,y,3,0.054427594,6803449.0,0.99869484,0.99869484,True
9C,256,1.0,1,259,y,4,0.04082069,5102586.5,0.99850667,0.99850667,True
9C,256,1.0,1,260,y,5,0.032656554,4082069.2,0.9986594,0.9986594,True
9C,256,1.0,1,261,y,6,0.027213797,3401724.5,0.9986818,0.9986818,True
9C,256,1.0,1,262,y,7,0.023326112,2915764.0,0.99823564,0.99823564,True
9C,256,1.0,1,263,y,8,0.020410346,2551293.2,0.9984758,0.9984758,True
9C,256,1.0,1,264,y,9,0.01814253,2267816.2,0.9983524,0.9983524,True
9C,256,1.0,1,265,y,10,0.016328277,2041034.6,0.99863994,0.99863994,True
9C,256,1.0,1,266,y,11,0.014843889,1855486.1,0.99852127,0.99852127,True
9C,256,1.0,1,267,y,12,0.0136068985,1700862.2,0.99843484,0.99843484,True
9C,256,1.0,1,268,y,13,0.012560214,1570026.8,0.99845487,0.99845487,True
9C,256,1.0,1,269,y,14,0.011663056,1457882.0,0.9984447,0.9984447,True
9C,256,1.0,1,270,y,15,0.010885519,1360689.9,0.9985206,0.9985206,True
9C,256,1.0,1,271,y,16,0.010205173,1275646.6,0.99842346,0.99842346,True
9C,256,1.0,1,272,y,17,0.009604869,1200608.6,0.9984677,0.9984677,True
9C,256,1.0,1,273,y,18,0.009071265,1133908.1,0.99870884,0.99870884,True
9C,256,1.0,1,274,y,19,0.00859383,1074228.8,0.9985,0.9985,True
9C,256,1.0,1,275,y,20,0.0081641385,1020517.3,0.9985092,0.9985092,True
9C,256,1.0,1,276,y,21,0.00777537,971921.25,0.9984018,0.9984018,True
9C,256,1.0,1,277,y,22,0.0074219443,927743.06,0.998528,0.998528,True
9C,256,1.0,1,278,y,23,0.0070992513,887406.44,0.9983828,0.9983828,True
9C,256,1.0,1,279,y,24,0.0068034492,850431.1,0.9985315,0.9985315,True
9C,256,1.0,1,280,y,25,0.0065313107,816413.8,0.99846435,0.99846435,True
9C,256,1.0,1,281,y,26,0.006280107,785013.4,0.99839187,0.99839187,True
9C,256,1.0,1,282,y,27,0.00604751,755938.75,0.99845755,0.99845755,True
9C,256,1.0,1,283,y,28,0.005831528,728941.0,0.9983778,0.9983778,True
9C,256,1.0,1,284,y,29,0.0056304405,703805.06,0.9985261,0.9985261,True
9C,256,1.0,1,285,y,30,0.0054427595,680344.94,0.9984144,0.9984144,True
9C,256,1.0,1,286,y,31,0.005267186,658398.25,0.99849176,0.99849176,True
9C,256,1.0,1,287,y,32,0.0051025865,637823.3,0.99845296,0.99845296,True
9C,256,1.0,1,288,y,33,0.0049479627,618495.3,0.998428,0.998428,True
9C,256,1.0,1,289,y,34,0.0048024347,600304.3,0.99842834,0.99842834,True
9C,256,1.0,1,290,y,35,0.004665222,583152.75,0.99843264,0.99843264,True
9C,256,1.0,1,291,y,36,0.0045356327,566954.06,0.99851084,0.99851084,True
9C,256,1.0,1,292,y,37,0.004413048,551631.0,0.99857926,0.99857926,True
9C,256,1.0,1,293,y,38,0.004296915,537114.4,0.998388,0.998388,True
9C,256,1.0,1,294,y,39,0.004186738,523342.22,0.99839664,0.99839664,True
9C,256,1.0,1,295,y,40,0.0040820693,510258.66,0.9984518,0.9984518,True
9C,256,1.0,1,296,y,41,0.0039825067,497813.34,0.99844366,0.99844366,True
9C,256,1.0,1,297,y,42,0.003887685,485960.62,0.99847317,0.99847317,True
9C,256,1.0,1,298,y,43,0.0037972739,474659.22,0.9984946,0.9984946,True
9C,256,1.0,1,299,y,44,0.0037109721,463871.53,0.9985137,0.9985137,True
9C,256,1.0,1,300,y,45,0.003628506,453563.25,0.9984364,0.9984364,True
9C,256,1.0,1,301,y,46,0.0035496256,443703.22,0.9985217,0.9985217,True
9C,256,1.0,1,302,y,47,0.0034741014,434262.7,0.99838287,0.99838287,True
9C,256,1.0,1,303,y,48,0.0034017246,425215.56,0.9983945,0.9983945,True
9C,256,1.0,1,304,y,49,0.0033323015,416537.7,0.99837416,0.99837416,True
9C,256,1.0,1,305,y,50,0.0032656554,408206.9,0.99830616,0.99830616,True
9C,256,1.0,1,306,y,51,0.003201623,400202.88,0.99850744,0.99850744,True
9C,256,1.0,1,307,y,52,0.0031400535,392506.7,0.9984454,0.9984454,True
9C,256,1.0,1,308,y,53,0.0030808072,385100.9,0.99819845,0.99819845,True
9C,256,1.0,1,309,y,54,0.003023755,377969.38,0.99842983,0.99842983,True
9C,256,1.0,1,310,y,55,0.0029687777,371097.22,0.99846655,0.99846655,True
9C,256,1.0,1,311,y,56,0.002915764,364470.5,0.99846053,0.99846053,True
9C,256,1.0,1,312,y,57,0.0028646102,358076.28,0.9983715,0.9983715,True
9C,256,1.0,1,313,y,58,0.0028152203,351902.53,0.9985013,0.9985013,True
9C,256,1.0,1,314,y,59,0.0027675047,345938.1,0.9985161,0.9985161,True
9C,256,1.0,1,315,y,60,0.0027213797,340172.47,0.99845743,0.99845743,True
9C,256,1.0,1,316,y,61,0.0026767666,334595.8,0.9984028,0.9984028,True
9C,256,1.0,1,317,y,62,0.002633593,329199.12,0.9984342,0.9984342,True
9C,256,1.0,1,318,y,63,0.0025917902,323973.78,0.9986294,0.9986294,True
9C,256,1.0,1,319,y,64,0.0025512932,318911.66,0.9984336,0.9984336,True
9C,256,1.0,1,320,y,65,0.0025120426,314005.34,0.99854815,0.99854815,True
9C,256,1.0,1,321,y,66,0.0024739814,309247.66,0.99843353,0.99843353,True
9C,256,1.0,1,322,y,67,0.0024370563,304632.03,0.99849606,0.99849606,True
9C,256,1.0,1,323,y,68,0.0024012174,300152.16,0.99850684,0.99850684,True
9C,256,1.0,1,324,y,69,0.002366417,295802.12,0.99842393,0.99842393,True
9C,256,1.0,1,325,y,70,0.002332611,291576.38,0.9985674,0.9985674,True
9C,256,1.0,1,326,y,71,0.0022997572,287469.66,0.998526,0.998526,True
9C,256,1.0,1,327,y,72,0.0022678163,283477.03,0.9984487,0.9984487,True
9C,256,1.0,1,328,y,73,0.0022367502,279593.78,0.99860597,0.99860597,True
9C,256,1.0,1,329,y,74,0.002206524,275815.5,0.99836946,0.99836946,True
9C,256,1.0,1,330,y,75,0.0021771037,272137.97,0.99859536,0.99859536,True
9C,256,1.0,1,331,y,76,0.0021484576,268557.2,0.99849725,0.99849725,True
9C,256,1.0,1,332,y,77,0.0021205554,265069.44,0.9984334,0.9984334,True
9C,256,1.0,1,333,y,78,0.002093369,261671.11,0.99835753,0.99835753,True
9C,256,1.0,1,334,y,79,0.0020668707,258358.83,0.9983263,0.9983263,True
9C,256,1.0,1,335,y,80,0.0020410346,255129.33,0.99840677,0.99840677,True
9C,256,1.0,1,336,y,81,0.0020158368,251979.6,0.9985167,0.9985167,True
9C,256,1.0,1,337,y,82,0.0019912533,248906.67,0.9984292,0.9984292,True
9C,256,1.0,1,338,y,83,0.0019672622,245907.78,0.998339,0.998339,True
9C,256,1.0,1,339,y,84,0.0019438425,242980.31,0.99850714,0.99850714,True
9C,256,1.0,1,340,y,85,0.0019209739,240121.73,0.9947525,0.9947525,True
9C,256,1.0,1,341,y,86,0.0018986369,237329.61,0.81309164,0.81309164,False
9C,256,1.0,1,342,y,87,0.0018768135,234601.69,0.9984369,0.9984369,True
9C,256,1.0,1,343,y,88,0.0018554861,231935.77,0.99833757,0.99833757,True
9C,256,1.0,1,344,y,89,0.001834638,229329.75,0.9984542,0.9984542,True
9C,256,1.0,1,345,y,90,0.001814253,226781.62,0.9985348,0.9985348,True
9C,256,1.0,1,346,y,91,0.0017943162,224289.53,0.998433,0.998433,True
9C,256,1.0,1,347,y,92,0.0017748128,221851.61,0.99848616,0.99848616,True
9C,256,1.0,1,348,y,93,0.0017557287,219466.1,0.9985827,0.9985827,True
9C,256,1.0,1,349,y,94,0.0017370507,217131.34,0.9985677,0.9985677,True
9C,256,1.0,1,350,y,95,0.001718766,214845.75,0.80610406,0.80610406,False
9C,256,1.0,1,351,y,96,0.0017008623,212607.78,0.9932577,0.9932577,True
9C,256,1.0,1,352,y,97,0.0016833275,210415.94,0.99820495,0.99820495,True
9C,256,1.0,1,353,y,98,0.0016661508,208268.84,0.9985804,0.9985804,True
9C,256,1.0,1,354,y,99,0.0016493209,206165.12,0.99848247,0.99848247,True
9C,256,1.0,1,355,y,100,0.0016328277,204103.45,0.99868476,0.99868476,True
9C,256,1.0,1,356,y,101,0.0016166611,202082.64,0.9985374,0.9985374,True
9C,256,1.0,1,357,y,102,0.0016008115,200101.44,0.9983443,0.9983443,True
9C,256,1.0,1,358,y,103,0.0015852697,198158.72,0.9985362,0.9985362,True
9C,256,1.0,1,359,y,104,0.0015700267,196253.34,0.99847955,0.99847955,True
9C,256,1.0,1,360,y,105,0.0015550741,194384.27,0.99851274,0.99851274,True
9C,256,1.0,1,361,y,106,0.0015404036,192550.45,0.9984218,0.9984218,True
9C,256,1.0,1,362,y,107,0.0015260072,190750.9,0.9985081,0.9985081,True
9C,256,1.0,1,363,y,108,0.0015118775,188984.69,0.9985245,0.9985245,True
9C,256,1.0,1,364,y,109,0.001498007,187250.88,0.99845684,0.99845684,True
9C,256,1.0,1,365,y,110,0.0014843888,185548.61,0.9983506,0.9983506,True
9C,256,1.0,1,366,y,111,0.001471016,183877.0,0.99830854,0.99830854,True
9C,256,1.0,1,367,y,112,0.001457882,182235.25,0.9984355,0.9984355,True
9C,256,1.0,1,368,y,113,0.0014449803,180622.53,0.9985637,0.9985637,True
9C,256,1.0,1,369,y,114,0.0014323051,179038.14,0.99840224,0.99840224,True
9C,256,1.0,1,370,y,115,0.0014198502,177481.27,0.9937911,0.9937911,True
9C,256,1.0,1,371,y,116,0.0014076101,175951.27,0.79368615,0.79368615,False
9C,256,1.0,1,372,y,117,0.0013955793,174447.4,0.96662295,0.96662295,True
9C,256,1.0,1,373,y,118,0.0013837523,172969.05,0.9679248,0.9679248,True
9C,256,1.0,1,374,y,119,0.0013721242,171515.52,0.9984128,0.9984128,True
9C,256,1.0,1,375,y,120,0.0013606899,170086.23,0.99858284,0.99858284,True
9C,256,1.0,1,376,y,121,0.0013494444,168680.55,0.9982879,0.9982879,True
9C,256,1.0,1,377,y,122,0.0013383833,167297.9,0.9984472,0.9984472,True
9C,256,1.0,1,378,y,123,0.0013275022,165937.78,0.99849236,0.99849236,True
9C,256,1.0,1,379,y,124,0.0013167965,164599.56,0.9984093,0.9984093,True
9C,256,1.0,1,380,y,125,0.0013062622,163282.78,0.9984946,0.9984946,True
9C,256,1.0,1,381,y,126,0.0012958951,161986.89,0.9983901,0.9983901,True
9C,256,1.0,1,382,y,127,0.0012856912,160711.39,0.99857944,0.99857944,True
9C,256,1.0,1,383,y,128,0.0012756466,159455.83,0.9985168,0.9985168,True
9C,256,1.0,1,384,y,129,0.001265758,158219.75,0.99841005,0.99841005,True
9C,256,1.0,1,385,y,130,0.0012560213,157002.67,0.9985081,0.9985081,True
9C,256,1.0,1,386,y,131,0.0012464334,155804.17,0.99844193,0.99844193,True
9C,256,1.0,1,387,y,132,0.0012369907,154623.83,0.9985171,0.9985171,True
9C,256,1.0,1,388,y,133,0.00122769,153461.25,0.9984518,0.9984518,True
9C,256,1.0,1,389,y,134,0.0012185281,152316.02,0.9984304,0.9984304,True
9C,256,1.0,1,390,y,135,0.001209502,151187.75,0.99848163,0.99848163,True
9C,256,1.0,1,391,y,136,0.0012006087,150076.08,0.9983429,0.9983429,True
9C,256,1.0,1,392,y,137,0.001191845,148980.62,0.998232,0.998232,True
9C,256,1.0,1,393,y,138,0.0011832085,147901.06,0.99845207,0.99845207,True
9C,256,1.0,1,394,y,139,0.0011746963,146837.03,0.9984039,0.9984039,True
9C,256,1.0,1,395,y,140,0.0011663055,145788.19,0.9983303,0.9983303,True
9C,256,1.0,1,396,y,141,0.0011580338,144754.23,0.998395,0.998395,True
9C,256,1.0,1,397,y,142,0.0011498786,143734.83,0.9985776,0.9985776,True
9C,256,1.0,1,398,y,143,0.0011418376,142729.7,0.99834454,0.99834454,True
9C,256,1.0,1,399,y,144,0.0011339082,141738.52,0.998434,0.998434,True
9C,256,1.0,1,400,y,145,0.0011260881,140761.02,0.9919263,0.9919263,True
9C,256,1.0,1,401,y,146,0.0011183751,139796.89,0.739149,0.739149,False
9C,256,1.0,1,402,y,147,0.0011107671,138845.89,0.9985837,0.9985837,True
9C,256,1.0,1,403,y,148,0.001103262,137907.75,0.9985111,0.9985111,True
9C,256,1.0,1,404,y,149,0.0010958576,136982.2,0.7358773,0.7358773,False
9C,256,1.0,1,405,y,150,0.0010885518,136068.98,0.993016,0.993016,True
9C,256,1.0,1,406,y,151,0.0010813428,135167.84,0.9985883,0.9985883,True
9C,256,1.0,1,407,y,152,0.0010742288,134278.6,0.9984764,0.9984764,True
9C,256,1.0,1,408,y,153,0.0010672077,133400.95,0.99459267,0.99459267,True
9C,256,1.0,1,409,y,154,0.0010602777,132534.72,0.7306255,0.7306255,False
9C,256,1.0,1,410,y,155,0.0010534372,131679.66,0.99821687,0.99821687,True
9C,256,1.0,1,411,y,156,0.0010466845,130835.555,0.99844265,0.99844265,True
9C,256,1.0,1,412,y,157,0.0010400177,130002.21,0.99866986,0.99866986,True
9C,256,1.0,1,413,y,158,0.0010334353,129179.414,0.9983609,0.9983609,True
9C,256,1.0,1,414,y,159,0.0010269356,128366.95,0.99845564,0.99845564,True
9C,256,1.0,1,415,y,160,0.0010205173,127564.664,0.9984081,0.9984081,True
9C,256,1.0,1,416,y,161,0.0010141787,126772.34,0.9896574,0.9896574,True
9C,256,1.0,1,417,y,162,0.0010079184,125989.8,0.5818467,0.0012673195,False
9C,256,1.0,1,418,y,163,0.0010017348,125216.84,0.5864804,0.0025937017,False
9C,256,1.0,1,419,y,164,0.0009956267,124453.336,0.99144936,0.99144936,True
9C,256,1.0,1,420,y,165,0.0009895925,123699.06,0.9982922,0.9982922,True
9C,256,1.0,1,421,y,166,0.0009836311,122953.89,0.9984781,0.9984781,True
9C,256,1.0,1,422,y,167,0.0009777412,122217.65,0.99842644,0.99842644,True
9C,256,1.0,1,423,y,168,0.00097192125,121490.16,0.9985069,0.9985069,True
9C,256,1.0,1,424,y,169,0.0009661703,120771.28,0.9552474,0.9552474,True
9C,256,1.0,1,425,y,170,0.00096048694,120060.87,0.9539338,0.9539338,True
9C,256,1.0,1,426,y,171,0.00095487,119358.75,0.95160985,0.95160985,True
9C,256,1.0,1,427,y,172,0.00094931846,118664.805,0.9547155,0.9547155,True
9C,256,1.0,1,428,y,173,0.00094383105,117978.88,0.59154963,-0.0003170874,False
9C,256,1.0,1,429,y,174,0.00093840674,117300.84,0.9899839,0.9899839,True
9C,256,1.0,1,430,y,175,0.0009330444,116630.555,0.9907689,0.9907689,True
9C,256,1.0,1,431,y,176,0.00092774304,115967.88,0.673316,8.554384e-05,False
9C,256,1.0,1,432,y,177,0.00092250155,115312.695,0.99833,0.99833,True
9C,256,1.0,1,433,y,178,0.000917319,114664.875,0.99845123,0.99845123,True
9C,256,1.0,1,434,y,179,0.00091219426,114024.28,0.99857503,0.99857503,True
9C,256,1.0,1,435,y,180,0.0009071265,113390.81,0.9986043,0.9986043,True
9C,256,1.0,1,436,y,181,0.0009021148,112764.35,0.9984031,0.9984031,True
9C,256,1.0,1,437,y,182,0.0008971581,112144.766,0.998518,0.998518,True
9C,256,1.0,1,438,y,183,0.0008922556,111531.945,0.9985338,0.9985338,True
9C,256,1.0,1,439,y,184,0.0008874064,110925.805,0.9984225,0.9984225,True
9C,256,1.0,1,440,y,185,0.0008826096,110326.195,0.9982513,0.9982513,True
9C,256,1.0,1,441,y,186,0.00087786437,109733.05,0.99843997,0.99843997,True
9C,256,1.0,1,442,y,187,0.0008731699,109146.24,0.99850094,0.99850094,True
9C,256,1.0,1,443,y,188,0.00086852536,108565.67,0.9982673,0.9982673,True
9C,256,1.0,1,444,y,189,0.00086393,107991.25,0.67689025,-0.00016210228,False
9C,256,1.0,1,445,y,190,0.000859383,107422.875,0.9904907,0.9904907,True
9C,256,1.0,1,446,y,191,0.00085488363,106860.45,0.9985975,0.9985975,True
9C,256,1.0,1,447,y,192,0.00085043116,106303.89,0.99850416,0.99850416,True
9C,256,1.0,1,448,y,193,0.0008460247,105753.09,0.99834627,0.99834627,True
9C,256,1.0,1,449,y,194,0.00084166374,105207.97,0.99846816,0.99846816,True
9C,256,1.0,1,450,y,195,0.0008373476,104668.445,0.9983638,0.9983638,True
9C,256,1.0,1,451,y,196,0.0008330754,104134.42,0.99853075,0.99853075,True
9C,256,1.0,1,452,y,197,0.00082884653,103605.82,0.9985672,0.9985672,True
9C,256,1.0,1,453,y,198,0.00082466047,103082.56,0.99688184,0.99688184,True
9C,256,1.0,1,454,y,199,0.00082051643,102564.555,0.608109,0.04138773,False
9C,256,1.0,1,455,y,200,0.00081641384,102051.73,0.9883318,0.9883318,True
9C,256,1.0,1,456,y,201,0.00081235205,101544.01,0.9984,0.9984,True
9C,256,1.0,1,457,y,202,0.00080833054,101041.32,0.99845624,0.99845624,True
9C,256,1.0,1,458,y,203,0.0008043486,100543.58,0.7235851,0.7235851,False
9C,256,1.0,1,459,y,204,0.00080040575,100050.72,0.9932358,0.9932358,True
9C,256,1.0,1,460,y,205,0.00079650135,99562.67,0.9985007,0.9985007,True
9C,256,1.0,1,461,y,206,0.00079263485,99079.36,0.99841106,0.99841106,True
9C,256,1.0,1,462,y,207,0.00078880566,98600.71,0.73697364,0.73697364,False
9C,256,1.0,1,463,y,208,0.00078501337,98126.67,0.9936608,0.9936608,True
9C,256,1.0,1,464,y,209,0.00078125723,97657.16,0.72142076,0.72142076,False
9C,256,1.0,1,465,y,210,0.00077753706,97192.13,0.99274725,0.99274725,True
9C,256,1.0,1,466,y,211,0.00077385205,96731.51,0.6900331,0.032889266,False
9C,256,1.0,1,467,y,212,0.0007702018,96275.23,0.9898962,0.9898962,True
9C,256,1.0,1,468,y,213,0.0007665858,95823.23,0.7124044,0.7124044,False
9C,256,1.0,1,469,y,214,0.0007630036,95375.45,0.9921363,0.9921363,True
9C,256,1.0,1,470,y,215,0.00075945474,94931.84,0.9425294,0.9425294,True
9C,256,1.0,1,471,y,216,0.00075593876,94492.34,0.9352702,0.9352702,True
9C,256,1.0,1,472,y,217,0.00075245515,94056.89,0.73629034,0.73629034,False
9C,256,1.0,1,473,y,218,0.0007490035,93625.44,0.99200106,0.99200106,True
9C,256,1.0,1,474,y,219,0.0007455834,93197.92,0.9525528,0.9525528,True
9C,256,1.0,1,475,y,220,0.0007421944,92774.305,0.95518506,0.95518506,True
9C,256,1.0,1,476,y,221,0.0007388361,92354.516,0.9981718,0.9981718,True
9C,256,1.0,1,477,y,222,0.000735508,91938.5,0.9983781,0.9983781,True
9C,256,1.0,1,478,y,223,0.00073220977,91526.22,0.9983512,0.9983512,True
9C,256,1.0,1,479,y,224,0.000728941,91117.625,0.9984276,0.9984276,True
9C,256,1.0,1,480,y,225,0.0007257012,90712.65,0.99832666,0.99832666,True
9C,256,1.0,1,481,y,226,0.00072249013,90311.266,0.9984746,0.9984746,True
9C,256,1.0,1,482,y,227,0.00071930734,89913.414,0.9985278,0.9985278,True
9C,256,1.0,1,483,y,228,0.00071615254,89519.07,0.9983752,0.9983752,True
9C,256,1.0,1,484,y,229,0.0007130252,89128.16,0.998396,0.998396,True
9C,256,1.0,1,485,y,230,0.0007099251,88740.63,0.9982358,0.9982358,True
9C,256,1.0,1,486,y,231,0.00070685183,88356.48,0.998494,0.998494,True
9C,256,1.0,1,487,y,232,0.00070380507,87975.63,0.99837106,0.99837106,True
9C,256,1.0,1,488,y,233,0.00070078444,87598.055,0.9983089,0.9983089,True
9C,256,1.0,1,489,y,234,0.00069778966,87223.7,0.99843585,0.99843585,True
9C,256,1.0,1,490,y,235,0.0006948203,86852.54,0.9983984,0.9983984,True
9C,256,1.0,1,491,y,236,0.00069187616,86484.52,0.99837387,0.99837387,True
9C,256,1.0,1,492,y,237,0.0006889568,86119.6,0.99834424,0.99834424,True
9C,256,1.0,1,493,y,238,0.0006860621,85757.76,0.9985359,0.9985359,True
9C,256,1.0,1,494,y,239,0.0006831915,85398.94,0.94453967,0.94453967,True
9C,256,1.0,1,495,y,240,0.00068034494,85043.12,0.9452613,0.9452613,True
9C,256,1.0,1,496,y,241,0.0006775219,84690.24,0.99834055,0.99834055,True
9C,256,1.0,1,497,y,242,0.0006747222,84340.27,0.99838936,0.99838936,True
9C,256,1.0,1,498,y,243,0.00067194557,83993.195,0.99825776,0.99825776,True
9C,256,1.0,1,499,y,244,0.00066919165,83648.95,0.9984814,0.9984814,True
9C,256,1.0,1,500,y,245,0.00066646026,83307.53,0.99836445,0.99836445,True
9C,256,1.0,1,501,y,246,0.0006637511,82968.89,0.9984721,0.9984721,True
9C,256,1.0,1,502,y,247,0.0006610639,82632.984,0.30282164,0.0048520826,False
9C,256,1.0,1,503,y,248,0.00065839826,82299.78,0.020115152,0.006004978,False
9C,256,1.0,1,504,y,249,0.00065575406,81969.26,0.9903954,0.9903954,True
9C,256,1.0,1,505,y,250,0.0006531311,81641.39,0.6757532,0.028127879,False
9C,256,1.0,1,506,y,251,0.000650529,81316.125,0.03193341,0.0034797247,False
9C,256,1.0,1,507,y,252,0.00064794754,80993.445,0.9983733,0.9983733,True
9C,256,1.0,1,508,y,253,0.00064538646,80673.305,0.039079703,0.039079703,False
9C,256,1.0,1,509,y,254,0.0006428456,80355.695,0.9983376,0.9983376,True
9C,256,1.0,1,510,y,255,0.0006403246,80040.58,0.992388,0.992388,True
9C,256,1.0,1,511,y,256,0.0006378233,79727.914,0.7065141,0.084391475,False
9C,256,1.0,2,0,x,1,0.16328277,20410346.0,0.9996922,0.9996922,True
9C,256,1.0,2,1,x,2,0.08164138,10205173.0,0.999709,0.999709,True
9C,256,1.0,2,2,x,3,0.054427594,6803449.0,0.99882185,0.99882185,True
9C,256,1.0,2,3,x,4,0.04082069,5102586.5,0.9988569,0.9988569,True
9C,256,1.0,2,4,x,5,0.032656554,4082069.2,0.99861383,0.99861383,True
9C,256,1.0,2,5,x,6,0.027213797,3401724.5,0.9991319,0.9985802,True
9C,256,1.0,2,6,x,7,0.023326112,2915764.0,0.9988321,0.9988321,True
9C,256,1.0,2,7,x,8,0.020410346,2551293.2,0.9987252,0.9987252,True
9C,256,1.0,2,8,x,9,0.01814253,2267816.2,0.9987389,0.9987389,True
9C,256,1.0,2,9,x,10,0.016328277,2041034.6,0.9987782,0.9987782,True
9C,256,1.0,2,10,x,11,0.014843889,1855486.1,0.99875355,0.99875355,True
9C,256,1.0,2,11,x,12,0.0136068985,1700862.2,0.9989879,0.9989879,True
9C,256,1.0,2,12,x,13,0.012560214,1570026.8,0.9988376,0.9988376,True
9C,256,1.0,2,13,x,14,0.011663056,1457882.0,0.9988065,0.9988065,True
9C,256,1.0,2,14,x,15,0.010885519,1360689.9,0.9988759,0.9988759,True
9C,256,1.0,2,15,x,16,0.010205173,1275646.6,0.99871683,0.99871683,True
9C,256,1.0,2,16,x,17,0.009604869,1200608.6,0.9988541,0.9988541,True
9C,256,1.0,2,17,x,18,0.009071265,1133908.1,0.9987753,0.9987753,True
9C,256,1.0,2,18,x,19,0.00859383,1074228.8,0.99901414,0.99901414,True
9C,256,1.0,2,19,x,20,0.0081641385,1020517.3,0.9987767,0.9987767,True
9C,256,1.0,2,20,x,21,0.00777537,971921.25,0.9985527,0.9985527,True
9C,256,1.0,2,21,x,22,0.0074219443,927743.06,0.9987577,0.9987577,True
9C,256,1.0,2,22,x,23,0.0070992513,887406.44,0.9989157,0.9989157,True
9C,256,1.0,2,23,x,24,0.0068034492,850431.1,0.9987335,0.9987335,True
9C,256,1.0,2,24,x,25,0.0065313107,816413.8,0.99879265,0.99879265,True
9C,256,1.0,2,25,x,26,0.006280107,785013.4,0.99879324,0.99879324,True
9C,256,1.0,2,26,x,27,0.00604751,755938.75,0.99881685,0.99881685,True
9C,256,1.0,2,27,x,28,0.005831528,728941.0,0.9987887,0.9987887,True
9C,256,1.0,2,28,x,29,0.0056304405,703805.06,0.99883556,0.99883556,True
9C,256,1.0,2,29,x,30,0.0054427595,680344.94,0.9987022,0.9987022,True
9C,256,1.0,2,30,x,31,0.005267186,658398.25,0.9985411,0.9985411,True
9C,256,1.0,2,31,x,32,0.0051025865,637823.3,0.99888897,0.99888897,True
9C,256,1.0,2,32,x,33,0.0049479627,618495.3,0.9988201,0.9988201,True
9C,256,1.0,2,33,x,34,0.0048024347,600304.3,0.99859345,0.99859345,True
9C,256,1.0,2,34,x,35,0.004665222,583152.75,0.9987639,0.9987639,True
9C,256,1.0,2,35,x,36,0.0045356327,566954.06,0.99860096,0.99860096,True
9C,256,1.0,2,36,x,37,0.004413048,551631.0,0.99889004,0.99889004,True
9C,256,1.0,2,37,x,38,0.004296915,537114.4,0.9987944,0.9987944,True
9C,256,1.0,2,38,x,39,0.004186738,523342.22,0.99886537,0.99886537,True
9C,256,1.0,2,39,x,40,0.0040820693,510258.66,0.99870765,0.99870765,True
9C,256,1.0,2,40,x,41,0.0039825067,497813.34,0.99872804,0.99872804,True
9C,256,1.0,2,41,x,42,0.003887685,485960.62,0.99857724,0.99857724,True
9C,256,1.0,2,42,x,43,0.0037972739,474659.22,0.99867666,0.99867666,True
9C,256,1.0,2,43,x,44,0.0037109721,463871.53,0.99885756,0.99885756,True
9C,256,1.0,2,44,x,45,0.003628506,453563.25,0.9985882,0.9985882,True
9C,256,1.0,2,45,x,46,0.0035496256,443703.22,0.9987521,0.9987521,True
9C,256,1.0,2,46,x,47,0.0034741014,434262.7,0.9987637,0.9987637,True
9C,256,1.0,2,47,x,48,0.0034017246,425215.56,0.99881667,0.99881667,True
9C,256,1.0,2,48,x,49,0.0033323015,416537.7,0.9987329,0.9987329,True
9C,256,1.0,2,49,x,50,0.0032656554,408206.9,0.9985857,0.9985857,True
9C,256,1.0,2,50,x,51,0.003201623,400202.88,0.9986225,0.9986225,True
9C,256,1.0,2,51,x,52,0.0031400535,392506.7,0.99878967,0.99878967,True
9C,256,1.0,2,52,x,53,0.0030808072,385100.9,0.9988596,0.9988596,True
9C,256,1.0,2,53,x,54,0.003023755,377969.38,0.9987928,0.9987928,True
9C,256,1.0,2,54,x,55,0.0029687777,371097.22,0.9987277,0.9987277,True
9C,256,1.0,2,55,x,56,0.002915764,364470.5,0.99863464,0.99863464,True
9C,256,1.0,2,56,x,57,0.0028646102,358076.28,0.9987718,0.9987718,True
9C,256,1.0,2,57,x,58,0.0028152203,351902.53,0.9987763,0.9987763,True
9C,256,1.0,2,58,x,59,0.0027675047,345938.1,0.99378055,0.99378055,True
9C,256,1.0,2,59,x,60,0.0027213797,340172.47,0.80466,0.80466,False
9C,256,1.0,2,60,x,61,0.0026767666,334595.8,0.99865377,0.99865377,True
9C,256,1.0,2,61,x,62,0.002633593,329199.12,0.99885976,0.99885976,True
9C,256,1.0,2,62,x,63,0.0025917902,323973.78,0.9988054,0.9988054,True
9C,256,1.0,2,63,x,64,0.0025512932,318911.66,0.9987953,0.9987953,True
9C,256,1.0,2,64,x,65,0.0025120426,314005.34,0.998829,0.998829,True
9C,256,1.0,2,65,x,66,0.0024739814,309247.66,0.99868536,0.99868536,True
9C,256,1.0,2,66,x,67,0.0024370563,304632.03,0.9986446,0.9986446,True
9C,256,1.0,2,67,x,68,0.0024012174,300152.16,0.998776,0.998776,True
9C,256,1.0,2,68,x,69,0.002366417,295802.12,0.99871314,0.99871314,True
9C,256,1.0,2,69,x,70,0.002332611,291576.38,0.9987005,0.9987005,True
9C,256,1.0,2,70,x,71,0.0022997572,287469.66,0.99862945,0.99862945,True
9C,256,1.0,2,71,x,72,0.0022678163,283477.03,0.99858415,0.99858415,True
9C,256,1.0,2,72,x,73,0.0022367502,279593.78,0.99872017,0.99872017,True
9C,256,1.0,2,73,x,74,0.002206524,275815.5,0.99871266,0.99871266,True
9C,256,1.0,2,74,x,75,0.0021771037,272137.97,0.99876326,0.99876326,True
9C,256,1.0,2,75,x,76,0.0021484576,268557.2,0.9987124,0.9987124,True
9C,256,1.0,2,76,x,77,0.0021205554,265069.44,0.9989089,0.9989089,True
9C,256,1.0,2,77,x,78,0.002093369,261671.11,0.99889386,0.99889386,True
9C,256,1.0,2,78,x,79,0.0020668707,258358.83,0.99856997,0.99856997,True
9C,256,1.0,2,79,x,80,0.0020410346,255129.33,0.9988061,0.9988061,True
9C,256,1.0,2,80,x,81,0.0020158368,251979.6,0.9987543,0.9987543,True
9C,256,1.0,2,81,x,82,0.0019912533,248906.67,0.99878013,0.99878013,True
9C,256,1.0,2,82,x,83,0.0019672622,245907.78,0.9987808,0.9987808,True
9C,256,1.0,2,83,x,84,0.0019438425,242980.31,0.998664,0.998664,True
9C,256,1.0,2,84,x,85,0.0019209739,240121.73,0.9986789,0.9986789,True
9C,256,1.0,2,85,x,86,0.0018986369,237329.61,0.99873304,0.99873304,True
9C,256,1.0,2,86,x,87,0.0018768135,234601.69,0.78882617,0.78882617,False
9C,256,1.0,2,87,x,88,0.0018554861,231935.77,0.9937726,0.9937726,True
9C,256,1.0,2,88,x,89,0.001834638,229329.75,0.9987607,0.9987607,True
9C,256,1.0,2,89,x,90,0.001814253,226781.62,0.9983673,0.9983673,True
9C,256,1.0,2,90,x,91,0.0017943162,224289.53,0.9988605,0.9988605,True
9C,256,1.0,2,91,x,92,0.0017748128,221851.61,0.99877965,0.99877965,True
9C,256,1.0,2,92,x,93,0.0017557287,219466.1,0.9987866,0.9987866,True
9C,256,1.0,2,93,x,94,0.0017370507,217131.34,0.9988499,0.9988499,True
9C,256,1.0,2,94,x,95,0.001718766,214845.75,0.9987401,0.9987401,True
9C,256,1.0,2,95,x,96,0.0017008623,212607.78,0.9989179,0.9989179,True
9C,256,1.0,2,96,x,97,0.0016833275,210415.94,0.99851716,0.99851716,True
9C,256,1.0,2,97,x,98,0.0016661508,208268.84,0.9986949,0.9986949,True
9C,256,1.0,2,98,x,99,0.0016493209,206165.12,0.9985943,0.9985943,True
9C,256,1.0,2,99,x,100,0.0016328277,204103.45,0.99882823,0.99882823,True
9C,256,1.0,2,100,x,101,0.0016166611,202082.64,0.9988245,0.9988245,True
9C,256,1.0,2,101,x,102,0.0016008115,200101.44,0.998628,0.998628,True
9C,256,1.0,2,102,x,103,0.0015852697,198158.72,0.9987182,0.9987182,True
9C,256,1.0,2,103,x,104,0.0015700267,196253.34,0.9987786,0.9987786,True
9C,256,1.0,2,104,x,105,0.0015550741,194384.27,0.99869186,0.99869186,True
9C,256,1.0,2,105,x,106,0.0015404036,192550.45,0.99836314,0.99836314,True
9C,256,1.0,2,106,x,107,0.0015260072,190750.9,0.9989413,0.9989413,True
9C,256,1.0,2,107,x,108,0.0015118775,188984.69,0.9986461,0.9986461,True
9C,256,1.0,2,108,x,109,0.001498007,187250.88,0.99904716,0.99904716,True
9C,256,1.0,2,109,x,110,0.0014843888,185548.61,0.9987605,0.9987605,True
9C,256,1.0,2,110,x,111,0.001471016,183877.0,0.99876225,0.99876225,True
9C,256,1.0,2,111,x,112,0.001457882,182235.25,0.99845445,0.99845445,True
9C,256,1.0,2,112,x,113,0.0014449803,180622.53,0.9986015,0.9986015,True
9C,256,1.0,2,113,x,114,0.0014323051,179038.14,0.9987423,0.9987423,True
9C,256,1.0,2,114,x,115,0.0014198502,177481.27,0.9987576,0.9987576,True
9C,256,1.0,2,115,x,116,0.0014076101,175951.27,0.9988646,0.9987885,True
9C,256,1.0,2,116,x,117,0.0013955793,174447.4,0.99883384,0.99883384,True
9C,256,1.0,2,117,x,118,0.0013837523,172969.05,0.99870217,0.99870217,True
9C,256,1.0,2,118,x,119,0.0013721242,171515.52,0.99879026,0.99879026,True
9C,256,1.0,2,119,x,120,0.0013606899,170086.23,0.9987359,0.9987359,True
9C,256,1.0,2,120,x,121,0.0013494444,168680.55,0.9928471,0.9928471,True
9C,256,1.0,2,121,x,122,0.0013383833,167297.9,0.66973364,0.0039872313,False
9C,256,1.0,2,122,x,123,0.0013275022,165937.78,0.99867594,0.99867594,True
9C,256,1.0,2,123,x,124,0.0013167965,164599.56,0.998777,0.998777,True
9C,256,1.0,2,124,x,125,0.0013062622,163282.78,0.9987192,0.9987192,True
9C,256,1.0,2,125,x,126,0.0012958951,161986.89,0.99872506,0.99872506,True
9C,256,1.0,2,126,x,127,0.0012856912,160711.39,0.9986607,0.9986607,True
9C,256,1.0,2,127,x,128,0.0012756466,159455.83,0.998875,0.998875,True
9C,256,1.0,2,128,x,129,0.001265758,158219.75,0.9987962,0.9987962,True
9C,256,1.0,2,129,x,130,0.0012560213,157002.67,0.99889123,0.99889123,True
9C,256,1.0,2,130,x,131,0.0012464334,155804.17,0.9988433,0.9988433,True
9C,256,1.0,2,131,x,132,0.0012369907,154623.83,0.99863285,0.99863285,True
9C,256,1.0,2,132,x,133,0.00122769,153461.25,0.9933238,0.9933238,True
9C,256,1.0,2,133,x,134,0.0012185281,152316.02,0.7074995,0.13891852,False
9C,256,1.0,2,134,x,135,0.001209502,151187.75,0.9987,0.9987,True
9C,256,1.0,2,135,x,136,0.0012006087,150076.08,0.99877965,0.99877965,True
9C,256,1.0,2,136,x,137,0.001191845,148980.62,0.9987011,0.9987011,True
9C,256,1.0,2,137,x,138,0.0011832085,147901.06,0.998778,0.998778,True
9C,256,1.0,2,138,x,139,0.0011746963,146837.03,0.9936716,0.9936716,True
9C,256,1.0,2,139,x,140,0.0011663055,145788.19,0.7760056,0.7760056,False
9C,256,1.0,2,140,x,141,0.0011580338,144754.23,0.99855125,0.99855125,True
9C,256,1.0,2,141,x,142,0.0011498786,143734.83,0.9988148,0.9988148,True
9C,256,1.0,2,142,x,143,0.0011418376,142729.7,0.99871147,0.99871147,True
9C,256,1.0,2,143,x,144,0.0011339082,141738.52,0.99869573,0.99869573,True
9C,256,1.0,2,144,x,145,0.0011260881,140761.02,0.9988056,0.9988056,True
9C,256,1.0,2,145,x,146,0.0011183751,139796.89,0.9987651,0.9987651,True
9C,256,1.0,2,146,x,147,0.0011107671,138845.89,0.9987949,0.9987949,True
9C,256,1.0,2,147,x,148,0.001103262,137907.75,0.9987844,0.9987844,True
9C,256,1.0,2,148,x,149,0.0010958576,136982.2,0.9988854,0.9988854,True
9C,256,1.0,2,149,x,150,0.0010885518,136068.98,0.9986196,0.9986196,True
9C,256,1.0,2,150,x,151,0.0010813428,135167.84,0.99878085,0.99878085,True
9C,256,1.0,2,151,x,152,0.0010742288,134278.6,0.99870396,0.99870396,True
9C,256,1.0,2,152,x,153,0.0010672077,133400.95,0.9988233,0.9988233,True
9C,256,1.0,2,153,x,154,0.0010602777,132534.72,0.99871576,0.99871576,True
9C,256,1.0,2,154,x,155,0.0010534372,131679.66,0.9986954,0.9986954,True
9C,256,1.0,2,155,x,156,0.0010466845,130835.555,0.9987968,0.9987968,True
9C,256,1.0,2,156,x,157,0.0010400177,130002.21,0.998822,0.998822,True
9C,256,1.0,2,157,x,158,0.0010334353,129179.414,0.9986806,0.9986806,True
9C,256,1.0,2,158,x,159,0.0010269356,128366.95,0.9948507,0.9948507,True
9C,256,1.0,2,159,x,160,0.0010205173,127564.664,0.7779913,0.7779913,False
9C,256,1.0,2,160,x,161,0.0010141787,126772.34,0.99870706,0.99870706,True
9C,256,1.0,2,161,x,162,0.0010079184,125989.8,0.9987302,0.9987302,True
9C,256,1.0,2,162,x,163,0.0010017348,125216.84,0.99446857,0.99446857,True
9C,256,1.0,2,163,x,164,0.0009956267,124453.336,0.73696774,0.73696774,False
9C,256,1.0,2,164,x,165,0.0009895925,123699.06,0.9987115,0.9987115,True
9C,256,1.0,2,165,x,166,0.0009836311,122953.89,0.99876887,0.99876887,True
9C,256,1.0,2,166,x,167,0.0009777412,122217.65,0.99866307,0.99866307,True
9C,256,1.0,2,167,x,168,0.00097192125,121490.16,0.9986888,0.9986888,True
9C,256,1.0,2,168,x,169,0.0009661703,120771.28,0.9987438,0.9987438,True
9C,256,1.0,2,169,x,170,0.00096048694,120060.87,0.99862784,0.99862784,True
9C,256,1.0,2,170,x,171,0.00095487,119358.75,0.99314815,0.99314815,True
9C,256,1.0,2,171,x,172,0.00094931846,118664.805,0.7468387,0.7468387,False
9C,256,1.0,2,172,x,173,0.00094383105,117978.88,0.9988284,0.9988284,True
9C,256,1.0,2,173,x,174,0.00093840674,117300.84,0.9987743,0.9987743,True
9C,256,1.0,2,174,x,175,0.0009330444,116630.555,0.99297374,0.99297374,True
9C,256,1.0,2,175,x,176,0.00092774304,115967.88,0.7575761,0.7575761,False
9C,256,1.0,2,176,x,177,0.00092250155,115312.695,0.99877095,0.99877095,True
9C,256,1.0,2,177,x,178,0.000917319,114664.875,0.998677,0.998677,True
9C,256,1.0,2,178,x,179,0.00091219426,114024.28,0.9986484,0.9986484,True
9C,256,1.0,2,179,x,180,0.0009071265,113390.81,0.998525,0.998525,True
9C,256,1.0,2,180,x,181,0.0009021148,112764.35,0.9987332,0.9987332,True
9C,256,1.0,2,181,x,182,0.0008971581,112144.766,0.9987405,0.9987405,True
9C,256,1.0,2,182,x,183,0.0008922556,111531.945,0.99878097,0.99878097,True
9C,256,1.0,2,183,x,184,0.0008874064,110925.805,0.9988574,0.9988574,True
9C,256,1.0,2,184,x,185,0.0008826096,110326.195,0.9989518,0.9989518,True
9C,256,1.0,2,185,x,186,0.00087786437,109733.05,0.99878496,0.99878496,True
9C,256,1.0,2,186,x,187,0.0008731699,109146.24,0.992851,0.992851,True
9C,256,1.0,2,187,x,188,0.00086852536,108565.67,0.7211472,0.7211472,False
9C,256,1.0,2,188,x,189,0.00086393,107991.25,0.99869716,0.99869716,True
9C,256,1.0,2,189,x,190,0.000859383,107422.875,0.9988222,0.9988222,True
9C,256,1.0,2,190,x,191,0.00085488363,106860.45,0.9985826,0.9985826,True
9C,256,1.0,2,191,x,192,0.00085043116,106303.89,0.9987618,0.9987618,True
9C,256,1.0,2,192,x,193,0.0008460247,105753.09,0.6968726,0.029585123,False
9C,256,1.0,2,193,x,194,0.00084166374,105207.97,0.9923031,0.9923031,True
9C,256,1.0,2,194,x,195,0.0008373476,104668.445,0.619239,0.059660472,False
9C,256,1.0,2,195,x,196,0.0008330754,104134.42,0.98834455,0.98834455,True
9C,256,1.0,2,196,x,197,0.00082884653,103605.82,0.99879396,0.99879396,True
9C,256,1.0,2,197,x,198,0.00082466047,103082.56,0.9987575,0.9987575,True
9C,256,1.0,2,198,x,199,0.00082051643,102564.555,0.71942663,0.71942663,False
9C,256,1.0,2,199,x,200,0.00081641384,102051.73,0.9913943,0.9913943,True
9C,256,1.0,2,200,x,201,0.00081235205,101544.01,0.99887896,0.99887896,True
9C,256,1.0,2,201,x,202,0.00080833054,101041.32,0.99872816,0.99872816,True
9C,256,1.0,2,202,x,203,0.0008043486,100543.58,0.9985672,0.9985672,True
9C,256,1.0,2,203,x,204,0.00080040575,100050.72,0.9984633,0.9984633,True
9C,256,1.0,2,204,x,205,0.00079650135,99562.67,0.99890316,0.99890316,True
9C,256,1.0,2,205,x,206,0.00079263485,99079.36,0.99873686,0.99873686,True
9C,256,1.0,2,206,x,207,0.00078880566,98600.71,0.9987134,0.9987134,True
9C,256,1.0,2,207,x,208,0.00078501337,98126.67,0.998857,0.998857,True
9C,256,1.0,2,208,x,209,0.00078125723,97657.16,0.9987178,0.9987178,True
9C,256,1.0,2,209,x,210,0.00077753706,97192.13,0.9987651,0.9987651,True
9C,256,1.0,2,210,x,211,0.00077385205,96731.51,0.019297421,0.0060472563,False
9C,256,1.0,2,211,x,212,0.0007702018,96275.23,0.9987062,0.9987062,True
9C,256,1.0,2,212,x,213,0.0007665858,95823.23,0.6944066,-0.00036528334,False
9C,256,1.0,2,213,x,214,0.0007630036,95375.45,0.99285674,0.99285674,True
9C,256,1.0,2,214,x,215,0.00075945474,94931.84,0.95497,0.95497,True
9C,256,1.0,2,215,x,216,0.00075593876,94492.34,0.9565959,0.9565959,True
9C,256,1.0,2,216,x,217,0.00075245515,94056.89,0.99870217,0.99870217,True
9C,256,1.0,2,217,x,218,0.0007490035,93625.44,0.02567363,0.007528577,False
9C,256,1.0,2,218,x,219,0.0007455834,93197.92,0.99875474,0.99875474,True
9C,256,1.0,2,219,x,220,0.0007421944,92774.305,0.99874943,0.99874943,True
9C,256,1.0,2,220,x,221,0.0007388361,92354.516,0.99888986,0.99888986,True
9C,256,1.0,2,221,x,222,0.000735508,91938.5,0.99867284,0.99867284,True
9C,256,1.0,2,222,x,223,0.00073220977,91526.22,0.9987693,0.9987693,True
9C,256,1.0,2,223,x,224,0.000728941,91117.625,0.9985715,0.9985715,True
9C,256,1.0,2,224,x,225,0.0007257012,90712.65,0.9985818,0.9985818,True
9C,256,1.0,2,225,x,226,0.00072249013,90311.266,0.99877465,0.99877465,True
9C,256,1.0,2,226,x,227,0.00071930734,89913.414,0.9987817,0.9987817,True
9C,256,1.0,2,227,x,228,0.00071615254,89519.07,0.9988139,0.9988139,True
9C,256,1.0,2,228,x,229,0.0007130252,89128.16,0.99890345,0.99890345,True
9C,256,1.0,2,229,x,230,0.0007099251,88740.63,0.9986625,0.9986625,True
9C,256,1.0,2,230,x,231,0.00070685183,88356.48,0.02784025,0.0021235533,False
9C,256,1.0,2,231,x,232,0.00070380507,87975.63,0.012091105,0.0016313465,False
9C,256,1.0,2,232,x,233,0.00070078444,87598.055,0.99865353,0.99865353,True
9C,256,1.0,2,233,x,234,0.00069778966,87223.7,0.99866724,0.99866724,True
9C,256,1.0,2,234,x,235,0.0006948203,86852.54,0.6305345,0.0004798621,False
9C,256,1.0,2,235,x,236,0.00069187616,86484.52,0.98919165,0.98919165,True
9C,256,1.0,2,236,x,237,0.0006889568,86119.6,0.9987465,0.9987465,True
9C,256,1.0,2,237,x,238,0.0006860621,85757.76,0.9987164,0.9987164,True
9C,256,1.0,2,238,x,239,0.0006831915,85398.94,0.9987223,0.9987223,True
9C,256,1.0,2,239,x,240,0.00068034494,85043.12,0.998783,0.998783,True
9C,256,1.0,2,240,x,241,0.0006775219,84690.24,0.99862933,0.99862933,True
9C,256,1.0,2,241,x,242,0.0006747222,84340.27,0.9987018,0.9987018,True
9C,256,1.0,2,242,x,243,0.00067194557,83993.195,0.99844563,0.99844563,True
9C,256,1.0,2,243,x,244,0.00066919165,83648.95,0.02453974,0.0075456947,False
9C,256,1.0,2,244,x,245,0.00066646026,83307.53,0.9986222,0.9986222,True
9C,256,1.0,2,245,x,246,0.0006637511,82968.89,0.9986698,0.9986698,True
9C,256,1.0,2,246,x,247,0.0006610639,82632.984,0.99865854,0.99865854,True
9C,256,1.0,2,247,x,248,0.00065839826,82299.78,0.033356518,0.01652743,False
9C,256,1.0,2,248,x,249,0.00065575406,81969.26,0.9944915,0.9944915,True
9C,256,1.0,2,249,x,250,0.0006531311,81641.39,0.7119987,0.7119987,False
9C,256,1.0,2,250,x,251,0.000650529,81316.125,0.65255725,0.00078178965,False
9C,256,1.0,2,251,x,252,0.00064794754,80993.445,0.9908414,0.9908414,True
9C,256,1.0,2,252,x,253,0.00064538646,80673.305,0.030293385,0.002914602,False
9C,256,1.0,2,253,x,254,0.0006428456,80355.695,0.022001125,0.0040325057,False
9C,256,1.0,2,254,x,255,0.0006403246,80040.58,0.037666507,0.027696647,False
9C,256,1.0,2,255,x,256,0.0006378233,79727.914,0.99854887,0.99854887,True
9C,256,1.0,2,256,y,1,0.16328277,20410346.0,0.999647,0.999647,True
9C,256,1.0,2,257,y,2,0.08164138,10205173.0,0.9996614,0.9996614,True
9C,256,1.0,2,258,y,3,0.054427594,6803449.0,0.99885595,0.9980569,True
9C,256,1.0,2,259,y,4,0.04082069,5102586.5,0.9988214,0.9988214,True
9C,256,1.0,2,260,y,5,0.032656554,4082069.2,0.99885446,0.99885446,True
9C,256,1.0,2,261,y,6,0.027213797,3401724.5,0.9989914,0.9989914,True
9C,256,1.0,2,262,y,7,0.023326112,2915764.0,0.9985677,0.9985677,True
9C,256,1.0,2,263,y,8,0.020410346,2551293.2,0.9986851,0.9986851,True
9C,256,1.0,2,264,y,9,0.01814253,2267816.2,0.99899596,0.99899596,True
9C,256,1.0,2,265,y,10,0.016328277,2041034.6,0.99891615,0.99891615,True
9C,256,1.0,2,266,y,11,0.014843889,1855486.1,0.9987991,0.9987991,True
9C,256,1.0,2,267,y,12,0.0136068985,1700862.2,0.9987003,0.9987003,True
9C,256,1.0,2,268,y,13,0.012560214,1570026.8,0.998785,0.9981662,True
9C,256,1.0,2,269,y,14,0.011663056,1457882.0,0.9990625,0.99856734,True
9C,256,1.0,2,270,y,15,0.010885519,1360689.9,0.99870974,0.99870974,True
9C,256,1.0,2,271,y,16,0.010205173,1275646.6,0.9986185,0.9986185,True
9C,256,1.0,2,272,y,17,0.009604869,1200608.6,0.99872184,0.99872184,True
9C,256,1.0,2,273,y,18,0.009071265,1133908.1,0.99877596,0.99877596,True
9C,256,1.0,2,274,y,19,0.00859383,1074228.8,0.99874437,0.99874437,True
9C,256,1.0,2,275,y,20,0.0081641385,1020517.3,0.99873054,0.99873054,True
9C,256,1.0,2,276,y,21,0.00777537,971921.25,0.9986396,0.9986396,True
9C,256,1.0,2,277,y,22,0.0074219443,927743.06,0.9987463,0.9987463,True
9C,256,1.0,2,278,y,23,0.0070992513,887406.44,0.9986839,0.9986839,True
9C,256,1.0,2,279,y,24,0.0068034492,850431.1,0.9988309,0.99852455,True
9C,256,1.0,2,280,y,25,0.0065313107,816413.8,0.9986338,0.9986338,True
9C,256,1.0,2,281,y,26,0.006280107,785013.4,0.99855626,0.99855626,True
9C,256,1.0,2,282,y,27,0.00604751,755938.75,0.99867404,0.99867404,True
9C,256,1.0,2,283,y,28,0.005831528,728941.0,0.99875313,0.99875313,True
9C,256,1.0,2,284,y,29,0.0056304405,703805.06,0.9987129,0.9987129,True
9C,256,1.0,2,285,y,30,0.0054427595,680344.94,0.9988438,0.9988438,True
9C,256,1.0,2,286,y,31,0.005267186,658398.25,0.99871457,0.99871457,True
9C,256,1.0,2,287,y,32,0.0051025865,637823.3,0.9986908,0.9986908,True
9C,256,1.0,2,288,y,33,0.0049479627,618495.3,0.998453,0.998453,True
9C,256,1.0,2,289,y,34,0.0048024347,600304.3,0.9987092,0.9987092,True
9C,256,1.0,2,290,y,35,0.004665222,583152.75,0.9987042,0.9987042,True
9C,256,1.0,2,291,y,36,0.0045356327,566954.06,0.9987626,0.9987626,True
9C,256,1.0,2,292,y,37,0.004413048,551631.0,0.99877155,0.99877155,True
9C,256,1.0,2,293,y,38,0.004296915,537114.4,0.998611,0.998611,True
9C,256,1.0,2,294,y,39,0.004186738,523342.22,0.99873734,0.99873734,True
9C,256,1.0,2,295,y,40,0.0040820693,510258.66,0.9986809,0.9986809,True
9C,256,1.0,2,296,y,41,0.0039825067,497813.34,0.9986781,0.9986781,True
9C,256,1.0,2,297,y,42,0.003887685,485960.62,0.99846995,0.99846995,True
9C,256,1.0,2,298,y,43,0.0037972739,474659.22,0.99867356,0.99867356,True
9C,256,1.0,2,299,y,44,0.0037109721,463871.53,0.998804,0.998804,True
9C,256,1.0,2,300,y,45,0.003628506,453563.25,0.9986795,0.9986795,True
9C,256,1.0,2,301,y,46,0.0035496256,443703.22,0.9987632,0.9987632,True
9C,256,1.0,2,302,y,47,0.0034741014,434262.7,0.9986932,0.9986932,True
9C,256,1.0,2,303,y,48,0.0034017246,425215.56,0.99867696,0.99867696,True
9C,256,1.0,2,304,y,49,0.0033323015,416537.7,0.99868894,0.99868894,True
9C,256,1.0,2,305,y,50,0.0032656554,408206.9,0.99854434,0.99854434,True
9C,256,1.0,2,306,y,51,0.003201623,400202.88,0.99869406,0.99869406,True
9C,256,1.0,2,307,y,52,0.0031400535,392506.7,0.9986824,0.9986824,True
9C,256,1.0,2,308,y,53,0.0030808072,385100.9,0.9987279,0.9987279,True
9C,256,1.0,2,309,y,54,0.003023755,377969.38,0.99864674,0.99864674,True
9C,256,1.0,2,310,y,55,0.0029687777,371097.22,0.9986793,0.9986793,True
9C,256,1.0,2,311,y,56,0.002915764,364470.5,0.9987153,0.9987153,True
9C,256,1.0,2,312,y,57,0.0028646102,358076.28,0.998613,0.998613,True
9C,256,1.0,2,313,y,58,0.0028152203,351902.53,0.998798,0.998798,True
9C,256,1.0,2,314,y,59,0.0027675047,345938.1,0.99874556,0.99874556,True
9C,256,1.0,2,315,y,60,0.0027213797,340172.47,0.99875534,0.99875534,True
9C,256,1.0,2,316,y,61,0.0026767666,334595.8,0.99868655,0.99868655,True
9C,256,1.0,2,317,y,62,0.002633593,329199.12,0.9986528,0.9986528,True
9C,256,1.0,2,318,y,63,0.0025917902,323973.78,0.9988574,0.9988574,True
9C,256,1.0,2,319,y,64,0.0025512932,318911.66,0.99866164,0.99866164,True
9C,256,1.0,2,320,y,65,0.0025120426,314005.34,0.9987534,0.9987534,True
9C,256,1.0,2,321,y,66,0.0024739814,309247.66,0.99868524,0.99868524,True
9C,256,1.0,2,322,y,67,0.0024370563,304632.03,0.99876714,0.99876714,True
9C,256,1.0,2,323,y,68,0.0024012174,300152.16,0.9986997,0.9986997,True
9C,256,1.0,2,324,y,69,0.002366417,295802.12,0.9986385,0.9986385,True
9C,256,1.0,2,325,y,70,0.002332611,291576.38,0.99882126,0.99882126,True
9C,256,1.0,2,326,y,71,0.0022997572,287469.66,0.9987469,0.9987469,True
9C,256,1.0,2,327,y,72,0.0022678163,283477.03,0.9987129,0.9987129,True
9C,256,1.0,2,328,y,73,0.0022367502,279593.78,0.99883103,0.99883103,True
9C,256,1.0,2,329,y,74,0.002206524,275815.5,0.99869984,0.99869984,True
9C,256,1.0,2,330,y,75,0.0021771037,272137.97,0.99876344,0.99876344,True
9C,256,1.0,2,331,y,76,0.0021484576,268557.2,0.99873114,0.99873114,True
9C,256,1.0,2,332,y,77,0.0021205554,265069.44,0.9987241,0.9987241,True
9C,256,1.0,2,333,y,78,0.002093369,261671.11,0.9986701,0.9986701,True
9C,256,1.0,2,334,y,79,0.0020668707,258358.83,0.998585,0.998585,True
9C,256,1.0,2,335,y,80,0.0020410346,255129.33,0.99865615,0.99865615,True
9C,256,1.0,2,336,y,81,0.0020158368,251979.6,0.9987106,0.9987106,True
9C,256,1.0,2,337,y,82,0.0019912533,248906.67,0.9987432,0.9987432,True
9C,256,1.0,2,338,y,83,0.0019672622,245907.78,0.99861467,0.99861467,True
9C,256,1.0,2,339,y,84,0.0019438425,242980.31,0.9987354,0.9987354,True
9C,256,1.0,2,340,y,85,0.0019209739,240121.73,0.9987961,0.9987961,True
9C,256,1.0,2,341,y,86,0.0018986369,237329.61,0.998793,0.998793,True
9C,256,1.0,2,342,y,87,0.0018768135,234601.69,0.9987457,0.9987457,True
9C,256,1.0,2,343,y,88,0.0018554861,231935.77,0.9986206,0.9986206,True
9C,256,1.0,2,344,y,89,0.001834638,229329.75,0.9987314,0.9987314,True
9C,256,1.0,2,345,y,90,0.001814253,226781.62,0.9987112,0.9987112,True
9C,256,1.0,2,346,y,91,0.0017943162,224289.53,0.9986951,0.9986951,True
9C,256,1.0,2,347,y,92,0.0017748128,221851.61,0.9987566,0.9987566,True
9C,256,1.0,2,348,y,93,0.0017557287,219466.1,0.9987961,0.9987961,True
9C,256,1.0,2,349,y,94,0.0017370507,217131.34,0.9988599,0.9988599,True
9C,256,1.0,2,350,y,95,0.001718766,214845.75,0.9987807,0.9987807,True
9C,256,1.0,2,351,y,96,0.0017008623,212607.78,0.9985903,0.9985903,True
9C,256,1.0,2,352,y,97,0.0016833275,210415.94,0.9924016,0.9924016,True
9C,256,1.0,2,353,y,98,0.0016661508,208268.84,0.7425144,0.7425144,False
9C,256,1.0,2,354,y,99,0.0016493209,206165.12,0.9987523,0.9987523,True
9C,256,1.0,2,355,y,100,0.0016328277,204103.45,0.99891007,0.99891007,True
9C,256,1.0,2,356,y,101,0.0016166611,202082.64,0.8302318,0.8302318,False
9C,256,1.0,2,357,y,102,0.0016008115,200101.44,0.9944829,0.9944829,True
9C,256,1.0,2,358,y,103,0.0015852697,198158.72,0.99875915,0.99875915,True
9C,256,1.0,2,359,y,104,0.0015700267,196253.34,0.99876606,0.99876606,True
9C,256,1.0,2,360,y,105,0.0015550741,194384.27,0.9987416,0.9987416,True
9C,256,1.0,2,361,y,106,0.0015404036,192550.45,0.9985755,0.9985755,True
9C,256,1.0,2,362,y,107,0.0015260072,190750.9,0.99860376,0.99860376,True
9C,256,1.0,2,363,y,108,0.0015118775,188984.69,0.9987156,0.9987156,True
9C,256,1.0,2,364,y,109,0.001498007,187250.88,0.99861264,0.99861264,True
9C,256,1.0,2,365,y,110,0.0014843888,185548.61,0.9985961,0.9985961,True
9C,256,1.0,2,366,y,111,0.001471016,183877.0,0.9985871,0.9985871,True
9C,256,1.0,2,367,y,112,0.001457882,182235.25,0.99867755,0.99867755,True
9C,256,1.0,2,368,y,113,0.0014449803,180622.53,0.99133515,0.99133515,True
9C,256,1.0,2,369,y,114,0.0014323051,179038.14,0.5936881,0.0031720027,False
9C,256,1.0,2,370,y,115,0.0014198502,177481.27,0.9987253,0.9987253,True
9C,256,1.0,2,371,y,116,0.0014076101,175951.27,0.99862856,0.99862856,True
9C,256,1.0,2,372,y,117,0.0013955793,174447.4,0.9985205,0.9985205,True
9C,256,1.0,2,373,y,118,0.0013837523,172969.05,0.998654,0.998654,True
9C,256,1.0,2,374,y,119,0.0013721242,171515.52,0.78516936,0.78516936,False
9C,256,1.0,2,375,y,120,0.0013606899,170086.23,0.99449635,0.99449635,True
9C,256,1.0,2,376,y,121,0.0013494444,168680.55,0.9985334,0.9985334,True
9C,256,1.0,2,377,y,122,0.0013383833,167297.9,0.9986549,0.9986549,True
9C,256,1.0,2,378,y,123,0.0013275022,165937.78,0.99872005,0.99872005,True
9C,256,1.0,2,379,y,124,0.0013167965,164599.56,0.9987334,0.9987334,True
9C,256,1.0,2,380,y,125,0.0013062622,163282.78,0.9987898,0.9987898,True
9C,256,1.0,2,381,y,126,0.0012958951,161986.89,0.99865913,0.99865913,True
9C,256,1.0,2,382,y,127,0.0012856912,160711.39,0.99880195,0.99880195,True
9C,256,1.0,2,383,y,128,0.0012756466,159455.83,0.9986582,0.9986582,True
9C,256,1.0,2,384,y,129,0.001265758,158219.75,0.9986521,0.9986521,True
9C,256,1.0,2,385,y,130,0.0012560213,157002.67,0.9987458,0.9987458,True
9C,256,1.0,2,386,y,131,0.0012464334,155804.17,0.9929271,0.9929271,True
9C,256,1.0,2,387,y,132,0.0012369907,154623.83,0.7066752,0.7066752,False
9C,256,1.0,2,388,y,133,0.00122769,153461.25,0.9986883,0.9986883,True
9C,256,1.0,2,389,y,134,0.0012185281,152316.02,0.99868727,0.99868727,True
9C,256,1.0,2,390,y,135,0.001209502,151187.75,0.9986892,0.9986892,True
9C,256,1.0,2,391,y,136,0.0012006087,150076.08,0.9986416,0.9986416,True
9C,256,1.0,2,392,y,137,0.001191845,148980.62,0.99848056,0.99848056,True
9C,256,1.0,2,393,y,138,0.0011832085,147901.06,0.99870706,0.99870706,True
9C,256,1.0,2,394,y,139,0.0011746963,146837.03,0.61457866,0.002288418,False
9C,256,1.0,2,395,y,140,0.0011663055,145788.19,0.99365985,0.99365985,True
9C,256,1.0,2,396,y,141,0.0011580338,144754.23,0.99875665,0.99875665,True
9C,256,1.0,2,397,y,142,0.0011498786,143734.83,0.99871635,0.99871635,True
9C,256,1.0,2,398,y,143,0.0011418376,142729.7,0.99862576,0.99862576,True
9C,256,1.0,2,399,y,144,0.0011339082,141738.52,0.9986727,0.9986727,True
9C,256,1.0,2,400,y,145,0.0011260881,140761.02,0.9987588,0.9987588,True
9C,256,1.0,2,401,y,146,0.0011183751,139796.89,0.9986454,0.9986454,True
9C,256,1.0,2,402,y,147,0.0011107671,138845.89,0.9988232,0.9988232,True
9C,256,1.0,2,403,y,148,0.001103262,137907.75,0.9988041,0.9988041,True
9C,256,1.0,2,404,y,149,0.0010958576,136982.2,0.9986111,0.9986111,True
9C,256,1.0,2,405,y,150,0.0010885518,136068.98,0.99856883,0.99856883,True
9C,256,1.0,2,406,y,151,0.0010813428,135167.84,0.99883294,0.99883294,True
9C,256,1.0,2,407,y,152,0.0010742288,134278.6,0.9988343,0.9988343,True
9C,256,1.0,2,408,y,153,0.0010672077,133400.95,0.99879307,0.99879307,True
9C,256,1.0,2,409,y,154,0.0010602777,132534.72,0.99886227,0.99886227,True
9C,256,1.0,2,410,y,155,0.0010534372,131679.66,0.9985583,0.9985583,True
9C,256,1.0,2,411,y,156,0.0010466845,130835.555,0.9981063,0.9981063,True
9C,256,1.0,2,412,y,157,0.0010400177,130002.21,0.7568378,0.7568378,False
9C,256,1.0,2,413,y,158,0.0010334353,129179.414,0.99222255,0.99222255,True
9C,256,1.0,2,414,y,159,0.0010269356,128366.95,0.9987426,0.9987426,True
9C,256,1.0,2,415,y,160,0.0010205173,127564.664,0.9986329,0.9986329,True
9C,256,1.0,2,416,y,161,0.0010141787,126772.34,0.998819,0.998819,True
9C,256,1.0,2,417,y,162,0.0010079184,125989.8,0.9984849,0.9984849,True
9C,256,1.0,2,418,y,163,0.0010017348,125216.84,0.9988228,0.9988228,True
9C,256,1.0,2,419,y,164,0.0009956267,124453.336,0.99878573,0.99878573,True
9C,256,1.0,2,420,y,165,0.0009895925,123699.06,0.99875236,0.99875236,True
9C,256,1.0,2,421,y,166,0.0009836311,122953.89,0.99875927,0.99875927,True
9C,256,1.0,2,422,y,167,0.0009777412,122217.65,0.99873275,0.99873275,True
9C,256,1.0,2,423,y,168,0.00097192125,121490.16,0.998803,0.998803,True
9C,256,1.0,2,424,y,169,0.0009661703,120771.28,0.99878407,0.99878407,True
9C,256,1.0,2,425,y,170,0.00096048694,120060.87,0.9988393,0.9988393,True
9C,256,1.0,2,426,y,171,0.00095487,119358.75,0.9987827,0.9987827,True
9C,256,1.0,2,427,y,172,0.00094931846,118664.805,0.9987447,0.9987447,True
9C,256,1.0,2,428,y,173,0.00094383105,117978.88,0.71716356,0.71716356,False
9C,256,1.0,2,429,y,174,0.00093840674,117300.84,0.9940596,0.9940596,True
9C,256,1.0,2,430,y,175,0.0009330444,116630.555,0.9985529,0.9985529,True
9C,256,1.0,2,431,y,176,0.00092774304,115967.88,0.998667,0.998667,True
9C,256,1.0,2,432,y,177,0.00092250155,115312.695,0.9986547,0.9986547,True
9C,256,1.0,2,433,y,178,0.000917319,114664.875,0.9987049,0.9987049,True
9C,256,1.0,2,434,y,179,0.00091219426,114024.28,0.9988024,0.9988024,True
9C,256,1.0,2,435,y,180,0.0009071265,113390.81,0.9988895,0.9988895,True
9C,256,1.0,2,436,y,181,0.0009021148,112764.35,0.99872655,0.99872655,True
9C,256,1.0,2,437,y,182,0.0008971581,112144.766,0.9988551,0.9988551,True
9C,256,1.0,2,438,y,183,0.0008922556,111531.945,0.99869984,0.99869984,True
9C,256,1.0,2,439,y,184,0.0008874064,110925.805,0.99868226,0.99868226,True
9C,256,1.0,2,440,y,185,0.0008826096,110326.195,0.7406447,0.7406447,False
9C,256,1.0,2,441,y,186,0.00087786437,109733.05,0.9923102,0.9923102,True
9C,256,1.0,2,442,y,187,0.0008731699,109146.24,0.99870205,0.99870205,True
9C,256,1.0,2,443,y,188,0.00086852536,108565.67,0.99849784,0.99849784,True
9C,256,1.0,2,444,y,189,0.00086393,107991.25,0.99856985,0.99856985,True
9C,256,1.0,2,445,y,190,0.000859383,107422.875,0.99886227,0.99886227,True
9C,256,1.0,2,446,y,191,0.00085488363,106860.45,0.99885666,0.99885666,True
9C,256,1.0,2,447,y,192,0.00085043116,106303.89,0.9988426,0.9988426,True
9C,256,1.0,2,448,y,193,0.0008460247,105753.09,0.7203996,0.7203996,False
9C,256,1.0,2,449,y,194,0.00084166374,105207.97,0.9919441,0.9919441,True
9C,256,1.0,2,450,y,195,0.0008373476,104668.445,0.99862564,0.99862564,True
9C,256,1.0,2,451,y,196,0.0008330754,104134.42,0.99878883,0.99878883,True
9C,256,1.0,2,452,y,197,0.00082884653,103605.82,0.99875,0.99875,True
9C,256,1.0,2,453,y,198,0.00082466047,103082.56,0.99857783,0.99857783,True
9C,256,1.0,2,454,y,199,0.00082051643,102564.555,0.9982392,0.9982392,True
9C,256,1.0,2,455,y,200,0.00081641384,102051.73,0.9987427,0.9987427,True
9C,256,1.0,2,456,y,201,0.00081235205,101544.01,0.67588615,0.0013419911,False
9C,256,1.0,2,457,y,202,0.00080833054,101041.32,0.99259675,0.99259675,True
9C,256,1.0,2,458,y,203,0.0008043486,100543.58,0.99862456,0.99862456,True
9C,256,1.0,2,459,y,204,0.00080040575,100050.72,0.9987656,0.9987656,True
9C,256,1.0,2,460,y,205,0.00079650135,99562.67,0.9923483,0.9923483,True
9C,256,1.0,2,461,y,206,0.00079263485,99079.36,0.66497743,0.0010668542,False
9C,256,1.0,2,462,y,207,0.00078880566,98600.71,0.99103415,0.99103415,True
9C,256,1.0,2,463,y,208,0.00078501337,98126.67,0.692731,0.00319607,False
9C,256,1.0,2,464,y,209,0.00078125723,97657.16,0.9987235,0.9987235,True
9C,256,1.0,2,465,y,210,0.00077753706,97192.13,0.9987489,0.9987489,True
9C,256,1.0,2,466,y,211,0.00077385205,96731.51,0.9927715,0.9927715,True
9C,256,1.0,2,467,y,212,0.0007702018,96275.23,0.6933625,0.045231666,False
9C,256,1.0,2,468,y,213,0.0007665858,95823.23,0.9986819,0.9986819,True
9C,256,1.0,2,469,y,214,0.0007630036,95375.45,0.99859655,0.99859655,True
9C,256,1.0,2,470,y,215,0.00075945474,94931.84,0.9987956,0.9987956,True
9C,256,1.0,2,471,y,216,0.00075593876,94492.34,0.998718,0.998718,True
9C,256,1.0,2,472,y,217,0.00075245515,94056.89,0.99876106,0.99876106,True
9C,256,1.0,2,473,y,218,0.0007490035,93625.44,0.9986479,0.9986479,True
9C,256,1.0,2,474,y,219,0.0007455834,93197.92,0.6534724,0.00050850585,False
9C,256,1.0,2,475,y,220,0.0007421944,92774.305,0.9911212,0.9911212,True
9C,256,1.0,2,476,y,221,0.0007388361,92354.516,0.95384675,0.95384675,True
9C,256,1.0,2,477,y,222,0.000735508,91938.5,0.95032823,0.95032823,True
9C,256,1.0,2,478,y,223,0.00073220977,91526.22,0.99862355,0.99862355,True
9C,256,1.0,2,479,y,224,0.000728941,91117.625,0.9986758,0.9986758,True
9C,256,1.0,2,480,y,225,0.0007257012,90712.65,0.99856997,0.99856997,True
9C,256,1.0,2,481,y,226,0.00072249013,90311.266,0.99877036,0.99877036,True
9C,256,1.0,2,482,y,227,0.00071930734,89913.414,0.9908779,0.9908779,True
9C,256,1.0,2,483,y,228,0.00071615254,89519.07,0.6716888,0.10393472,False
9C,256,1.0,2,484,y,229,0.0007130252,89128.16,0.02411183,0.0043844767,False
9C,256,1.0,2,485,y,230,0.0007099251,88740.63,0.9984195,0.9984195,True
9C,256,1.0,2,486,y,231,0.00070685183,88356.48,0.9987978,0.9987978,True
9C,256,1.0,2,487,y,232,0.00070380507,87975.63,0.33169428,0.0014531147,False
9C,256,1.0,2,488,y,233,0.00070078444,87598.055,0.9985167,0.9985167,True
9C,256,1.0,2,489,y,234,0.00069778966,87223.7,0.99874806,0.99874806,True
9C,256,1.0,2,490,y,235,0.0006948203,86852.54,0.99855095,0.99855095,True
9C,256,1.0,2,491,y,236,0.00069187616,86484.52,0.29529852,0.0034003193,False
9C,256,1.0,2,492,y,237,0.0006889568,86119.6,0.3099556,0.0016294755,False
9C,256,1.0,2,493,y,238,0.0006860621,85757.76,0.9988773,0.9988773,True
9C,256,1.0,2,494,y,239,0.0006831915,85398.94,0.9988085,0.9988085,True
9C,256,1.0,2,495,y,240,0.00068034494,85043.12,0.9987229,0.9987229,True
9C,256,1.0,2,496,y,241,0.0006775219,84690.24,0.9428697,0.9428697,True
9C,256,1.0,2,497,y,242,0.0006747222,84340.27,0.94636977,0.94636977,True
9C,256,1.0,2,498,y,243,0.00067194557,83993.195,0.6282409,0.0039061755,False
9C,256,1.0,2,499,y,244,0.00066919165,83648.95,0.99196935,0.99196935,True
9C,256,1.0,2,500,y,245,0.00066646026,83307.53,0.70214665,0.00090110675,False
9C,256,1.0,2,501,y,246,0.0006637511,82968.89,0.9923537,0.9923537,True
9C,256,1.0,2,502,y,247,0.0006610639,82632.984,0.99292624,0.99292624,True
9C,256,1.0,2,503,y,248,0.00065839826,82299.78,0.71845967,0.71845967,False
9C,256,1.0,2,504,y,249,0.00065575406,81969.26,0.99862623,0.99862623,True
9C,256,1.0,2,505,y,250,0.0006531311,81641.39,0.024125598,0.0040411274,False
9C,256,1.0,2,506,y,251,0.000650529,81316.125,0.69536114,0.014368972,False
9C,256,1.0,2,507,y,252,0.00064794754,80993.445,0.9929739,0.9929739,True
9C,256,1.0,2,508,y,253,0.00064538646,80673.305,0.98801637,0.98801637,True
9C,256,1.0,2,509,y,254,0.0006428456,80355.695,0.55718696,0.0009261966,False
9C,256,1.0,2,510,y,255,0.0006403246,80040.58,0.028759096,0.008377981,False
9C,256,1.0,2,511,y,256,0.0006378233,79727.914,0.029310452,0.029310452,False
9C,256,1.0,3,0,x,1,0.16328277,20410346.0,0.999557,0.999557,True
9C,256,1.0,3,1,x,2,0.08164138,10205173.0,0.99964345,0.99964345,True
9C,256,1.0,3,2,x,3,0.054427594,6803449.0,0.99865365,0.99865365,True
9C,256,1.0,3,3,x,4,0.04082069,5102586.5,0.9985757,0.9985757,True
9C,256,1.0,3,4,x,5,0.032656554,4082069.2,0.99848914,0.99848914,True
9C,256,1.0,3,5,x,6,0.027213797,3401724.5,0.9985969,0.9985969,True
9C,256,1.0,3,6,x,7,0.023326112,2915764.0,0.9984753,0.9984753,True
9C,256,1.0,3,7,x,8,0.020410346,2551293.2,0.9984739,0.9984739,True
9C,256,1.0,3,8,x,9,0.01814253,2267816.2,0.9982923,0.9982923,True
9C,256,1.0,3,9,x,10,0.016328277,2041034.6,0.9983287,0.9983287,True
9C,256,1.0,3,10,x,11,0.014843889,1855486.1,0.9984565,0.9984565,True
9C,256,1.0,3,11,x,12,0.0136068985,1700862.2,0.9984015,0.9984015,True
9C,256,1.0,3,12,x,13,0.012560214,1570026.8,0.9984468,0.9984468,True
9C,256,1.0,3,13,x,14,0.011663056,1457882.0,0.9984194,0.9984194,True
9C,256,1.0,3,14,x,15,0.010885519,1360689.9,0.9984879,0.9984879,True
9C,256,1.0,3,15,x,16,0.010205173,1275646.6,0.99829185,0.99829185,True
9C,256,1.0,3,16,x,17,0.009604869,1200608.6,0.99838185,0.99838185,True
9C,256,1.0,3,17,x,18,0.009071265,1133908.1,0.9983577,0.9983577,True
9C,256,1.0,3,18,x,19,0.00859383,1074228.8,0.9984007,0.9984007,True
9C,256,1.0,3,19,x,20,0.0081641385,1020517.3,0.9983225,0.9983225,True
9C,256,1.0,3,20,x,21,0.00777537,971921.25,0.998361,0.998361,True
9C,256,1.0,3,21,x,22,0.0074219443,927743.06,0.99831605,0.99831605,True
9C,256,1.0,3,22,x,23,0.0070992513,887406.44,0.99838644,0.99838644,True
9C,256,1.0,3,23,x,24,0.0068034492,850431.1,0.9982672,0.9982672,True
9C,256,1.0,3,24,x,25,0.0065313107,816413.8,0.99840677,0.99840677,True
9C,256,1.0,3,25,x,26,0.006280107,785013.4,0.99843514,0.99843514,True
9C,256,1.0,3,26,x,27,0.00604751,755938.75,0.9984528,0.9984528,True
9C,256,1.0,3,27,x,28,0.005831528,728941.0,0.9984156,0.9984156,True
9C,256,1.0,3,28,x,29,0.0056304405,703805.06,0.9984735,0.9984735,True
9C,256,1.0,3,29,x,30,0.0054427595,680344.94,0.9983381,0.9983381,True
9C,256,1.0,3,30,x,31,0.005267186,658398.25,0.9981736,0.9981736,True
9C,256,1.0,3,31,x,32,0.0051025865,637823.3,0.99826723,0.99826723,True
9C,256,1.0,3,32,x,33,0.0049479627,618495.3,0.99850994,0.99850994,True
9C,256,1.0,3,33,x,34,0.0048024347,600304.3,0.9981446,0.9981446,True
9C,256,1.0,3,34,x,35,0.004665222,583152.75,0.9983218,0.9983218,True
9C,256,1.0,3,35,x,36,0.0045356327,566954.06,0.9982413,0.9982413,True
9C,256,1.0,3,36,x,37,0.004413048,551631.0,0.99848604,0.99848604,True
9C,256,1.0,3,37,x,38,0.004296915,537114.4,0.99842054,0.99842054,True
9C,256,1.0,3,38,x,39,0.004186738,523342.22,0.99847674,0.99847674,True
9C,256,1.0,3,39,x,40,0.0040820693,510258.66,0.99832284,0.99832284,True
9C,256,1.0,3,40,x,41,0.0039825067,497813.34,0.9980887,0.9980887,True
9C,256,1.0,3,41,x,42,0.003887685,485960.62,0.9981954,0.9981954,True
9C,256,1.0,3,42,x,43,0.0037972739,474659.22,0.9983621,0.9983621,True
9C,256,1.0,3,43,x,44,0.0037109721,463871.53,0.99841845,0.99841845,True
9C,256,1.0,3,44,x,45,0.003628506,453563.25,0.9982133,0.9982133,True
9C,256,1.0,3,45,x,46,0.0035496256,443703.22,0.9984455,0.9984455,True
9C,256,1.0,3,46,x,47,0.0034741014,434262.7,0.9984132,0.9984132,True
9C,256,1.0,3,47,x,48,0.0034017246,425215.56,0.99844205,0.99844205,True
9C,256,1.0,3,48,x,49,0.0033323015,416537.7,0.99829876,0.99829876,True
9C,256,1.0,3,49,x,50,0.0032656554,408206.9,0.9981759,0.9981759,True
9C,256,1.0,3,50,x,51,0.003201623,400202.88,0.99825644,0.99825644,True
9C,256,1.0,3,51,x,52,0.0031400535,392506.7,0.9983772,0.9983772,True
9C,256,1.0,3,52,x,53,0.0030808072,385100.9,0.998453,0.998453,True
9C,256,1.0,3,53,x,54,0.003023755,377969.38,0.99841595,0.99841595,True
9C,256,1.0,3,54,x,55,0.0029687777,371097.22,0.9984211,0.9984211,True
9C,256,1.0,3,55,x,56,0.002915764,364470.5,0.998268,0.998268,True
9C,256,1.0,3,56,x,57,0.0028646102,358076.28,0.9983732,0.9983732,True
9C,256,1.0,3,57,x,58,0.0028152203,351902.53,0.99848014,0.99848014,True
9C,256,1.0,3,58,x,59,0.0027675047,345938.1,0.9982028,0.9982028,True
9C,256,1.0,3,59,x,60,0.0027213797,340172.47,0.99845403,0.99845403,True
9C,256,1.0,3,60,x,61,0.0026767666,334595.8,0.9981942,0.9981942,True
9C,256,1.0,3,61,x,62,0.002633593,329199.12,0.99850106,0.99850106,True
9C,256,1.0,3,62,x,63,0.0025917902,323973.78,0.99840546,0.99840546,True
9C,256,1.0,3,63,x,64,0.0025512932,318911.66,0.9982466,0.9982466,True
9C,256,1.0,3,64,x,65,0.0025120426,314005.34,0.9984596,0.9984596,True
9C,256,1.0,3,65,x,66,0.0024739814,309247.66,0.9983307,0.9983307,True
9C,256,1.0,3,66,x,67,0.0024370563,304632.03,0.9982652,0.9982652,True
9C,256,1.0,3,67,x,68,0.0024012174,300152.16,0.998837,0.998837,True
9C,256,1.0,3,68,x,69,0.002366417,295802.12,0.99832463,0.99832463,True
9C,256,1.0,3,69,x,70,0.002332611,291576.38,0.99836624,0.99836624,True
9C,256,1.0,3,70,x,71,0.0022997572,287469.66,0.9981911,0.9981911,True
9C,256,1.0,3,71,x,72,0.0022678163,283477.03,0.99826616,0.99826616,True
9C,256,1.0,3,72,x,73,0.0022367502,279593.78,0.9983653,0.9983653,True
9C,256,1.0,3,73,x,74,0.002206524,275815.5,0.99832296,0.99832296,True
9C,256,1.0,3,74,x,75,0.0021771037,272137.97,0.9983001,0.9983001,True
9C,256,1.0,3,75,x,76,0.0021484576,268557.2,0.998308,0.998308,True
9C,256,1.0,3,76,x,77,0.0021205554,265069.44,0.99855876,0.99855876,True
9C,256,1.0,3,77,x,78,0.002093369,261671.11,0.99857295,0.99857295,True
9C,256,1.0,3,78,x,79,0.0020668707,258358.83,0.99826926,0.99826926,True
9C,256,1.0,3,79,x,80,0.0020410346,255129.33,0.9984228,0.9984228,True
9C,256,1.0,3,80,x,81,0.0020158368,251979.6,0.99832237,0.99832237,True
9C,256,1.0,3,81,x,82,0.0019912533,248906.67,0.9983972,0.9983972,True
9C,256,1.0,3,82,x,83,0.0019672622,245907.78,0.99834347,0.99834347,True
9C,256,1.0,3,83,x,84,0.0019438425,242980.31,0.9982785,0.9982785,True
9C,256,1.0,3,84,x,85,0.0019209739,240121.73,0.9982127,0.9982127,True
9C,256,1.0,3,85,x,86,0.0018986369,237329.61,0.99840224,0.99840224,True
9C,256,1.0,3,86,x,87,0.0018768135,234601.69,0.99832237,0.99832237,True
9C,256,1.0,3,87,x,88,0.0018554861,231935.77,0.99835974,0.99835974,True
9C,256,1.0,3,88,x,89,0.001834638,229329.75,0.99845827,0.99845827,True
9C,256,1.0,3,89,x,90,0.001814253,226781.62,0.9980177,0.9980177,True
9C,256,1.0,3,90,x,91,0.0017943162,224289.53,0.9984993,0.9984993,True
9C,256,1.0,3,91,x,92,0.0017748128,221851.61,0.998404,0.998404,True
9C,256,1.0,3,92,x,93,0.0017557287,219466.1,0.99846286,0.99846286,True
9C,256,1.0,3,93,x,94,0.0017370507,217131.34,0.9975306,0.9975306,True
9C,256,1.0,3,94,x,95,0.001718766,214845.75,0.9984405,0.9984405,True
9C,256,1.0,3,95,x,96,0.0017008623,212607.78,0.9986259,0.9986259,True
9C,256,1.0,3,96,x,97,0.0016833275,210415.94,0.9980823,0.9980823,True
9C,256,1.0,3,97,x,98,0.0016661508,208268.84,0.9983121,0.9983121,True
9C,256,1.0,3,98,x,99,0.0016493209,206165.12,0.9982617,0.9982617,True
9C,256,1.0,3,99,x,100,0.0016328277,204103.45,0.9984129,0.9984129,True
9C,256,1.0,3,100,x,101,0.0016166611,202082.64,0.9984471,0.9984471,True
9C,256,1.0,3,101,x,102,0.0016008115,200101.44,0.9982835,0.9982835,True
9C,256,1.0,3,102,x,103,0.0015852697,198158.72,0.99412,0.99412,True
9C,256,1.0,3,103,x,104,0.0015700267,196253.34,0.8278998,0.8278998,False
9C,256,1.0,3,104,x,105,0.0015550741,194384.27,0.998312,0.998312,True
9C,256,1.0,3,105,x,106,0.0015404036,192550.45,0.9979847,0.9979847,True
9C,256,1.0,3,106,x,107,0.0015260072,190750.9,0.9985394,0.9985394,True
9C,256,1.0,3,107,x,108,0.0015118775,188984.69,0.99829257,0.99829257,True
9C,256,1.0,3,108,x,109,0.001498007,187250.88,0.9983345,0.9983345,True
9C,256,1.0,3,109,x,110,0.0014843888,185548.61,0.9984168,0.9984168,True
9C,256,1.0,3,110,x,111,0.001471016,183877.0,0.9983475,0.9983475,True
9C,256,1.0,3,111,x,112,0.001457882,182235.25,0.998067,0.998067,True
9C,256,1.0,3,112,x,113,0.0014449803,180622.53,0.99830115,0.99830115,True
9C,256,1.0,3,113,x,114,0.0014323051,179038.14,0.99839914,0.99839914,True
9C,256,1.0,3,114,x,115,0.0014198502,177481.27,0.9983629,0.9983629,True
9C,256,1.0,3,115,x,116,0.0014076101,175951.27,0.99847543,0.99847543,True
9C,256,1.0,3,116,x,117,0.0013955793,174447.4,0.9984727,0.9984727,True
9C,256,1.0,3,117,x,118,0.0013837523,172969.05,0.99825466,0.99825466,True
9C,256,1.0,3,118,x,119,0.0013721242,171515.52,0.99844,0.99844,True
9C,256,1.0,3,119,x,120,0.0013606899,170086.23,0.9984577,0.9984577,True
9C,256,1.0,3,120,x,121,0.0013494444,168680.55,0.99844944,0.99844944,True
9C,256,1.0,3,121,x,122,0.0013383833,167297.9,0.9982956,0.9982956,True
9C,256,1.0,3,122,x,123,0.0013275022,165937.78,0.9983227,0.9983227,True
9C,256,1.0,3,123,x,124,0.0013167965,164599.56,0.99832183,0.99832183,True
9C,256,1.0,3,124,x,125,0.0013062622,163282.78,0.9983412,0.9983412,True
9C,256,1.0,3,125,x,126,0.0012958951,161986.89,0.9984009,0.9984009,True
9C,256,1.0,3,126,x,127,0.0012856912,160711.39,0.9983151,0.9983151,True
9C,256,1.0,3,127,x,128,0.0012756466,159455.83,0.9984977,0.9984977,True
9C,256,1.0,3,128,x,129,0.001265758,158219.75,0.99840736,0.99840736,True
9C,256,1.0,3,129,x,130,0.0012560213,157002.67,0.99843985,0.99843985,True
9C,256,1.0,3,130,x,131,0.0012464334,155804.17,0.78999364,0.78999364,False
9C,256,1.0,3,131,x,132,0.0012369907,154623.83,0.9940982,0.9940982,True
9C,256,1.0,3,132,x,133,0.00122769,153461.25,0.99844086,0.99844086,True
9C,256,1.0,3,133,x,134,0.0012185281,152316.02,0.99819666,0.99819666,True
9C,256,1.0,3,134,x,135,0.001209502,151187.75,0.99838746,0.99838746,True
9C,256,1.0,3,135,x,136,0.0012006087,150076.08,0.99835885,0.99835885,True
9C,256,1.0,3,136,x,137,0.001191845,148980.62,0.9984403,0.9984403,True
9C,256,1.0,3,137,x,138,0.0011832085,147901.06,0.99837655,0.99837655,True
9C,256,1.0,3,138,x,139,0.0011746963,146837.03,0.99850285,0.99850285,True
9C,256,1.0,3,139,x,140,0.0011663055,145788.19,0.9983025,0.9983025,True
9C,256,1.0,3,140,x,141,0.0011580338,144754.23,0.9982604,0.9982604,True
9C,256,1.0,3,141,x,142,0.0011498786,143734.83,0.9984289,0.9984289,True
9C,256,1.0,3,142,x,143,0.0011418376,142729.7,0.9983208,0.9983208,True
9C,256,1.0,3,143,x,144,0.0011339082,141738.52,0.9982949,0.9982949,True
9C,256,1.0,3,144,x,145,0.0011260881,140761.02,0.9984544,0.9984544,True
9C,256,1.0,3,145,x,146,0.0011183751,139796.89,0.9984285,0.9984285,True
9C,256,1.0,3,146,x,147,0.0011107671,138845.89,0.9983935,0.9983935,True
9C,256,1.0,3,147,x,148,0.001103262,137907.75,0.99840975,0.99840975,True
9C,256,1.0,3,148,x,149,0.0010958576,136982.2,0.9674947,0.9674947,True
9C,256,1.0,3,149,x,150,0.0010885518,136068.98,0.96320534,0.96320534,True
9C,256,1.0,3,150,x,151,0.0010813428,135167.84,0.9984176,0.9984176,True
9C,256,1.0,3,151,x,152,0.0010742288,134278.6,0.99842405,0.99842405,True
9C,256,1.0,3,152,x,153,0.0010672077,133400.95,0.9930315,0.9930315,True
9C,256,1.0,3,153,x,154,0.0010602777,132534.72,0.7550551,0.7550551,False
9C,256,1.0,3,154,x,155,0.0010534372,131679.66,0.9931077,0.9931077,True
9C,256,1.0,3,155,x,156,0.0010466845,130835.555,0.7364019,0.7364019,False
9C,256,1.0,3,156,x,157,0.0010400177,130002.21,0.9984535,0.9984535,True
9C,256,1.0,3,157,x,158,0.0010334353,129179.414,0.99835575,0.99835575,True
9C,256,1.0,3,158,x,159,0.0010269356,128366.95,0.99831617,0.99831617,True
9C,256,1.0,3,159,x,160,0.0010205173,127564.664,0.99852437,0.99852437,True
9C,256,1.0,3,160,x,161,0.0010141787,126772.34,0.9920011,0.9920011,True
9C,256,1.0,3,161,x,162,0.0010079184,125989.8,0.7081616,0.7081616,False
9C,256,1.0,3,162,x,163,0.0010017348,125216.84,0.9928267,0.9928267,True
9C,256,1.0,3,163,x,164,0.0009956267,124453.336,0.7058979,0.004859984,False
9C,256,1.0,3,164,x,165,0.0009895925,123699.06,0.99331105,0.99331105,True
9C,256,1.0,3,165,x,166,0.0009836311,122953.89,0.7245431,0.7245431,False
9C,256,1.0,3,166,x,167,0.0009777412,122217.65,0.9982847,0.9982847,True
9C,256,1.0,3,167,x,168,0.00097192125,121490.16,0.99834394,0.99834394,True
9C,256,1.0,3,168,x,169,0.0009661703,120771.28,0.9984312,0.9984312,True
9C,256,1.0,3,169,x,170,0.00096048694,120060.87,0.99829376,0.99829376,True
9C,256,1.0,3,170,x,171,0.00095487,119358.75,0.752621,0.752621,False
9C,256,1.0,3,171,x,172,0.00094931846,118664.805,0.9935535,0.9935535,True
9C,256,1.0,3,172,x,173,0.00094383105,117978.88,0.99872804,0.99872804,True
9C,256,1.0,3,173,x,174,0.00093840674,117300.84,0.9983982,0.9983982,True
9C,256,1.0,3,174,x,175,0.0009330444,116630.555,0.99835324,0.99835324,True
9C,256,1.0,3,175,x,176,0.00092774304,115967.88,0.99810886,0.99810886,True
9C,256,1.0,3,176,x,177,0.00092250155,115312.695,0.99850106,0.99850106,True
9C,256,1.0,3,177,x,178,0.000917319,114664.875,0.9982842,0.9982842,True
9C,256,1.0,3,178,x,179,0.00091219426,114024.28,0.99842036,0.99842036,True
9C,256,1.0,3,179,x,180,0.0009071265,113390.81,0.353606,0.0016723834,False
9C,256,1.0,3,180,x,181,0.0009021148,112764.35,0.9984335,0.9984335,True
9C,256,1.0,3,181,x,182,0.0008971581,112144.766,0.99840206,0.99840206,True
9C,256,1.0,3,182,x,183,0.0008922556,111531.945,0.99835443,0.99835443,True
9C,256,1.0,3,183,x,184,0.0008874064,110925.805,0.9985194,0.9985194,True
9C,256,1.0,3,184,x,185,0.0008826096,110326.195,0.9984431,0.9984431,True
9C,256,1.0,3,185,x,186,0.00087786437,109733.05,0.9988855,0.9988855,True
9C,256,1.0,3,186,x,187,0.0008731699,109146.24,0.9981104,0.9981104,True
9C,256,1.0,3,187,x,188,0.00086852536,108565.67,0.99844575,0.99844575,True
9C,256,1.0,3,188,x,189,0.00086393,107991.25,0.9897941,0.9897941,True
9C,256,1.0,3,189,x,190,0.000859383,107422.875,0.676385,0.029916126,False
9C,256,1.0,3,190,x,191,0.00085488363,106860.45,0.9981799,0.9981799,True
9C,256,1.0,3,191,x,192,0.00085043116,106303.89,0.99839365,0.99839365,True
9C,256,1.0,3,192,x,193,0.0008460247,105753.09,0.95908105,0.95908105,True
9C,256,1.0,3,193,x,194,0.00084166374,105207.97,0.95689404,0.95689404,True
9C,256,1.0,3,194,x,195,0.0008373476,104668.445,0.9903245,0.9903245,True
9C,256,1.0,3,195,x,196,0.0008330754,104134.42,0.53915215,0.014055055,False
9C,256,1.0,3,196,x,197,0.00082884653,103605.82,0.998371,0.998371,True
9C,256,1.0,3,197,x,198,0.00082466047,103082.56,0.9983803,0.9983803,True
9C,256,1.0,3,198,x,199,0.00082051643,102564.555,0.99835074,0.99835074,True
9C,256,1.0,3,199,x,200,0.00081641384,102051.73,0.9984435,0.9984435,True
9C,256,1.0,3,200,x,201,0.00081235205,101544.01,0.99401355,0.99401355,True
9C,256,1.0,3,201,x,202,0.00080833054,101041.32,0.70119226,0.02428592,False
9C,256,1.0,3,202,x,203,0.0008043486,100543.58,0.9982121,0.9982121,True
9C,256,1.0,3,203,x,204,0.00080040575,100050.72,0.9980664,0.9980664,True
9C,256,1.0,3,204,x,205,0.00079650135,99562.67,0.951741,0.951741,True
9C,256,1.0,3,205,x,206,0.00079263485,99079.36,0.95063347,0.95063347,True
9C,256,1.0,3,206,x,207,0.00078880566,98600.71,0.9919491,0.9919491,True
9C,256,1.0,3,207,x,208,0.00078501337,98126.67,0.6890591,0.000540606,False
9C,256,1.0,3,208,x,209,0.00078125723,97657.16,0.99239767,0.99239767,True
9C,256,1.0,3,209,x,210,0.00077753706,97192.13,0.72878575,0.72878575,False
9C,256,1.0,3,210,x,211,0.00077385205,96731.51,0.9983071,0.9983071,True
9C,256,1.0,3,211,x,212,0.0007702018,96275.23,0.99838257,0.99838257,True
9C,256,1.0,3,212,x,213,0.0007665858,95823.23,0.99840194,0.99840194,True
9C,256,1.0,3,213,x,214,0.0007630036,95375.45,0.99840033,0.99840033,True
9C,256,1.0,3,214,x,215,0.00075945474,94931.84,0.9909575,0.9909575,True
9C,256,1.0,3,215,x,216,0.00075593876,94492.34,0.6554474,0.0006425821,False
9C,256,1.0,3,216,x,217,0.00075245515,94056.89,0.99831736,0.99831736,True
9C,256,1.0,3,217,x,218,0.0007490035,93625.44,0.31738088,0.005313672,False
9C,256,1.0,3,218,x,219,0.0007455834,93197.92,0.6845397,-0.00010301173,False
9C,256,1.0,3,219,x,220,0.0007421944,92774.305,0.99093187,0.99093187,True
9C,256,1.0,3,220,x,221,0.0007388361,92354.516,0.99840236,0.99840236,True
9C,256,1.0,3,221,x,222,0.000735508,91938.5,0.31640908,0.0030117314,False
9C,256,1.0,3,222,x,223,0.00073220977,91526.22,0.998355,0.998355,True
9C,256,1.0,3,223,x,224,0.000728941,91117.625,0.9981986,0.9981986,True
9C,256,1.0,3,224,x,225,0.0007257012,90712.65,0.99830484,0.99830484,True
9C,256,1.0,3,225,x,226,0.00072249013,90311.266,0.9985321,0.9985321,True
9C,256,1.0,3,226,x,227,0.00071930734,89913.414,0.6499652,0.0013733879,False
9C,256,1.0,3,227,x,228,0.00071615254,89519.07,0.991941,0.991941,True
9C,256,1.0,3,228,x,229,0.0007130252,89128.16,0.9985305,0.9985305,True
9C,256,1.0,3,229,x,230,0.0007099251,88740.63,0.99830616,0.99830616,True
9C,256,1.0,3,230,x,231,0.00070685183,88356.48,0.024809545,0.024809545,False
9C,256,1.0,3,231,x,232,0.00070380507,87975.63,0.9981905,0.9981905,True
9C,256,1.0,3,232,x,233,0.00070078444,87598.055,0.9347816,0.9347816,True
9C,256,1.0,3,233,x,234,0.00069778966,87223.7,0.9442586,0.9442586,True
9C,256,1.0,3,234,x,235,0.0006948203,86852.54,0.9983884,0.9983884,True
9C,256,1.0,3,235,x,236,0.00069187616,86484.52,0.99847865,0.99847865,True
9C,256,1.0,3,236,x,237,0.0006889568,86119.6,0.65823996,0.018822007,False
9C,256,1.0,3,237,x,238,0.0006860621,85757.76,0.9905175,0.9905175,True
9C,256,1.0,3,238,x,239,0.0006831915,85398.94,0.044148438,0.0022709211,False
9C,256,1.0,3,239,x,240,0.00068034494,85043.12,0.015408859,0.009868403,False
9C,256,1.0,3,240,x,241,0.0006775219,84690.24,0.99831367,0.99831367,True
9C,256,1.0,3,241,x,242,0.0006747222,84340.27,0.28861502,0.0019052774,False
9C,256,1.0,3,242,x,243,0.00067194557,83993.195,0.56054115,0.0009638965,False
9C,256,1.0,3,243,x,244,0.00066919165,83648.95,0.98732185,0.98732185,True
9C,256,1.0,3,244,x,245,0.00066646026,83307.53,0.9982681,0.9982681,True
9C,256,1.0,3,245,x,246,0.0006637511,82968.89,0.9983828,0.9983828,True
9C,256,1.0,3,246,x,247,0.0006610639,82632.984,0.9983276,0.9983276,True
9C,256,1.0,3,247,x,248,0.00065839826,82299.78,0.99833417,0.99833417,True
9C,256,1.0,3,248,x,249,0.00065575406,81969.26,0.99843943,0.99843943,True
9C,256,1.0,3,249,x,250,0.0006531311,81641.39,0.99845374,0.99845374,True
9C,256,1.0,3,250,x,251,0.000650529,81316.125,0.018593544,0.005003795,False
9C,256,1.0,3,251,x,252,0.00064794754,80993.445,0.04707296,0.011577595,False
9C,256,1.0,3,252,x,253,0.00064538646,80673.305,0.01775121,0.005865584,False
9C,256,1.0,3,253,x,254,0.0006428456,80355.695,0.99824417,0.99824417,True
9C,256,1.0,3,254,x,255,0.0006403246,80040.58,0.99788666,0.99788666,True
9C,256,1.0,3,255,x,256,0.0006378233,79727.914,0.9983709,0.9983709,True
9C,256,1.0,3,256,y,1,0.16328277,20410346.0,0.9994319,0.9994319,True
9C,256,1.0,3,257,y,2,0.08164138,10205173.0,0.99964476,0.99964476,True
9C,256,1.0,3,258,y,3,0.054427594,6803449.0,0.9989169,0.9981835,True
9C,256,1.0,3,259,y,4,0.04082069,5102586.5,0.9984501,0.9984501,True
9C,256,1.0,3,260,y,5,0.032656554,4082069.2,0.9986987,0.9986987,True
9C,256,1.0,3,261,y,6,0.027213797,3401724.5,0.9986645,0.9986645,True
9C,256,1.0,3,262,y,7,0.023326112,2915764.0,0.9983481,0.9983481,True
9C,256,1.0,3,263,y,8,0.020410346,2551293.2,0.9984294,0.9984294,True
9C,256,1.0,3,264,y,9,0.01814253,2267816.2,0.99859846,0.99859846,True
9C,256,1.0,3,265,y,10,0.016328277,2041034.6,0.9989034,0.9989034,True
9C,256,1.0,3,266,y,11,0.014843889,1855486.1,0.99847054,0.99847054,True
9C,256,1.0,3,267,y,12,0.0136068985,1700862.2,0.9984588,0.9984588,True
9C,256,1.0,3,268,y,13,0.012560214,1570026.8,0.99832904,0.99832904,True
9C,256,1.0,3,269,y,14,0.011663056,1457882.0,0.99845755,0.99845755,True
9C,256,1.0,3,270,y,15,0.010885519,1360689.9,0.9984809,0.9984809,True
9C,256,1.0,3,271,y,16,0.010205173,1275646.6,0.9983434,0.9983434,True
9C,256,1.0,3,272,y,17,0.009604869,1200608.6,0.99842334,0.99842334,True
9C,256,1.0,3,273,y,18,0.009071265,1133908.1,0.998477,0.998477,True
9C,256,1.0,3,274,y,19,0.00859383,1074228.8,0.99845564,0.99845564,True
9C,256,1.0,3,275,y,20,0.0081641385,1020517.3,0.9984642,0.9984642,True
9C,256,1.0,3,276,y,21,0.00777537,971921.25,0.998417,0.99812853,True
9C,256,1.0,3,277,y,22,0.0074219443,927743.06,0.99856895,0.99856895,True
9C,256,1.0,3,278,y,23,0.0070992513,887406.44,0.9983429,0.9983429,True
9C,256,1.0,3,279,y,24,0.0068034492,850431.1,0.99841595,0.99841595,True
9C,256,1.0,3,280,y,25,0.0065313107,816413.8,0.9983845,0.9983845,True
9C,256,1.0,3,281,y,26,0.006280107,785013.4,0.99830097,0.99830097,True
9C,256,1.0,3,282,y,27,0.00604751,755938.75,0.9983485,0.9983485,True
9C,256,1.0,3,283,y,28,0.005831528,728941.0,0.9983492,0.9983492,True
9C,256,1.0,3,284,y,29,0.0056304405,703805.06,0.99835515,0.99835515,True
9C,256,1.0,3,285,y,30,0.0054427595,680344.94,0.9983729,0.9983729,True
9C,256,1.0,3,286,y,31,0.005267186,658398.25,0.99818844,0.99818844,True
9C,256,1.0,3,287,y,32,0.0051025865,637823.3,0.9984077,0.9984077,True
9C,256,1.0,3,288,y,33,0.0049479627,618495.3,0.99832493,0.99832493,True
9C,256,1.0,3,289,y,34,0.0048024347,600304.3,0.9983728,0.9983728,True
9C,256,1.0,3,290,y,35,0.004665222,583152.75,0.99836606,0.99836606,True
9C,256,1.0,3,291,y,36,0.0045356327,566954.06,0.9983877,0.9983877,True
9C,256,1.0,3,292,y,37,0.004413048,551631.0,0.99852437,0.99852437,True
9C,256,1.0,3,293,y,38,0.004296915,537114.4,0.99834335,0.99834335,True
9C,256,1.0,3,294,y,39,0.004186738,523342.22,0.9983877,0.9983877,True
9C,256,1.0,3,295,y,40,0.0040820693,510258.66,0.9984182,0.9984182,True
9C,256,1.0,3,296,y,41,0.0039825067,497813.34,0.99844855,0.99844855,True
9C,256,1.0,3,297,y,42,0.003887685,485960.62,0.99835503,0.99835503,True
9C,256,1.0,3,298,y,43,0.0037972739,474659.22,0.99838936,0.99838936,True
9C,256,1.0,3,299,y,44,0.0037109721,463871.53,0.9984112,0.9984112,True
9C,256,1.0,3,300,y,45,0.003628506,453563.25,0.9984379,0.9984379,True
9C,256,1.0,3,301,y,46,0.0035496256,443703.22,0.99846953,0.99846953,True
9C,256,1.0,3,302,y,47,0.0034741014,434262.7,0.99838156,0.99838156,True
9C,256,1.0,3,303,y,48,0.0034017246,425215.56,0.998345,0.998345,True
9C,256,1.0,3,304,y,49,0.0033323015,416537.7,0.99835587,0.99835587,True
9C,256,1.0,3,305,y,50,0.0032656554,408206.9,0.9982476,0.9982476,True
9C,256,1.0,3,306,y,51,0.003201623,400202.88,0.9984349,0.9984349,True
9C,256,1.0,3,307,y,52,0.0031400535,392506.7,0.9983786,0.9983786,True
9C,256,1.0,3,308,y,53,0.0030808072,385100.9,0.99840033,0.99840033,True
9C,256,1.0,3,309,y,54,0.003023755,377969.38,0.9983259,0.9983259,True
9C,256,1.0,3,310,y,55,0.0029687777,371097.22,0.9983833,0.9983833,True
9C,256,1.0,3,311,y,56,0.002915764,364470.5,0.9984365,0.9984365,True
9C,256,1.0,3,312,y,57,0.0028646102,358076.28,0.9983561,0.9983561,True
9C,256,1.0,3,313,y,58,0.0028152203,351902.53,0.99848163,0.99848163,True
9C,256,1.0,3,314,y,59,0.0027675047,345938.1,0.99847007,0.99847007,True
9C,256,1.0,3,315,y,60,0.0027213797,340172.47,0.9984635,0.9984635,True
9C,256,1.0,3,316,y,61,0.0026767666,334595.8,0.99828875,0.99828875,True
9C,256,1.0,3,317,y,62,0.002633593,329199.12,0.998363,0.998363,True
9C,256,1.0,3,318,y,63,0.0025917902,323973.78,0.9986129,0.9986129,True
9C,256,1.0,3,319,y,64,0.0025512932,318911.66,0.99835515,0.99835515,True
9C,256,1.0,3,320,y,65,0.0025120426,314005.34,0.9985105,0.9985105,True
9C,256,1.0,3,321,y,66,0.0024739814,309247.66,0.9983753,0.9983753,True
9C,256,1.0,3,322,y,67,0.0024370563,304632.03,0.99845326,0.99845326,True
9C,256,1.0,3,323,y,68,0.0024012174,300152.16,0.99839306,0.99839306,True
9C,256,1.0,3,324,y,69,0.002366417,295802.12,0.99836004,0.99836004,True
9C,256,1.0,3,325,y,70,0.002332611,291576.38,0.99851406,0.99851406,True
9C,256,1.0,3,326,y,71,0.0022997572,287469.66,0.99845415,0.99845415,True
9C,256,1.0,3,327,y,72,0.0022678163,283477.03,0.99830914,0.99830914,True
9C,256,1.0,3,328,y,73,0.0022367502,279593.78,0.99867237,0.99867237,True
9C,256,1.0,3,329,y,74,0.002206524,275815.5,0.99832916,0.99832916,True
9C,256,1.0,3,330,y,75,0.0021771037,272137.97,0.9984931,0.9984931,True
9C,256,1.0,3,331,y,76,0.0021484576,268557.2,0.99844885,0.99844885,True
9C,256,1.0,3,332,y,77,0.0021205554,265069.44,0.9984042,0.9984042,True
9C,256,1.0,3,333,y,78,0.002093369,261671.11,0.99831426,0.99831426,True
9C,256,1.0,3,334,y,79,0.0020668707,258358.83,0.9966186,0.9966186,True
9C,256,1.0,3,335,y,80,0.0020410346,255129.33,0.84202266,0.84202266,False
9C,256,1.0,3,336,y,81,0.0020158368,251979.6,0.99840844,0.99840844,True
9C,256,1.0,3,337,y,82,0.0019912533,248906.67,0.9983535,0.9983535,True
9C,256,1.0,3,338,y,83,0.0019672622,245907.78,0.9983263,0.9983263,True
9C,256,1.0,3,339,y,84,0.0019438425,242980.31,0.9983865,0.9983865,True
9C,256,1.0,3,340,y,85,0.0019209739,240121.73,0.9983915,0.9983915,True
9C,256,1.0,3,341,y,86,0.0018986369,237329.61,0.99849534,0.99849534,True
9C,256,1.0,3,342,y,87,0.0018768135,234601.69,0.9983988,0.9983988,True
9C,256,1.0,3,343,y,88,0.0018554861,231935.77,0.99828,0.99828,True
9C,256,1.0,3,344,y,89,0.001834638,229329.75,0.9983288,0.9983288,True
9C,256,1.0,3,345,y,90,0.001814253,226781.62,0.9984131,0.9984131,True
9C,256,1.0,3,346,y,91,0.0017943162,224289.53,0.9984625,0.9984625,True
9C,256,1.0,3,347,y,92,0.0017748128,221851.61,0.9984468,0.9984468,True
9C,256,1.0,3,348,y,93,0.0017557287,219466.1,0.9985486,0.9985486,True
9C,256,1.0,3,349,y,94,0.0017370507,217131.34,0.99851155,0.99851155,True
9C,256,1.0,3,350,y,95,0.001718766,214845.75,0.998487,0.998487,True
9C,256,1.0,3,351,y,96,0.0017008623,212607.78,0.9983002,0.9983002,True
9C,256,1.0,3,352,y,97,0.0016833275,210415.94,0.9982377,0.9982377,True
9C,256,1.0,3,353,y,98,0.0016661508,208268.84,0.9985951,0.9985951,True
9C,256,1.0,3,354,y,99,0.0016493209,206165.12,0.9983953,0.9983953,True
9C,256,1.0,3,355,y,100,0.0016328277,204103.45,0.9986452,0.9986452,True
9C,256,1.0,3,356,y,101,0.0016166611,202082.64,0.9984453,0.9984453,True
9C,256,1.0,3,357,y,102,0.0016008115,200101.44,0.99826074,0.99826074,True
9C,256,1.0,3,358,y,103,0.0015852697,198158.72,0.99874675,0.99874675,True
9C,256,1.0,3,359,y,104,0.0015700267,196253.34,0.99846923,0.99846923,True
9C,256,1.0,3,360,y,105,0.0015550741,194384.27,0.99842936,0.99842936,True
9C,256,1.0,3,361,y,106,0.0015404036,192550.45,0.99828875,0.99828875,True
9C,256,1.0,3,362,y,107,0.0015260072,190750.9,0.9984404,0.9984404,True
9C,256,1.0,3,363,y,108,0.0015118775,188984.69,0.998458,0.998458,True
9C,256,1.0,3,364,y,109,0.001498007,187250.88,0.9983934,0.9983934,True
9C,256,1.0,3,365,y,110,0.0014843888,185548.61,0.9982525,0.9982525,True
9C,256,1.0,3,366,y,111,0.001471016,183877.0,0.9982581,0.9982581,True
9C,256,1.0,3,367,y,112,0.001457882,182235.25,0.9984565,0.9984565,True
9C,256,1.0,3,368,y,113,0.0014449803,180622.53,0.99854946,0.99854946,True
9C,256,1.0,3,369,y,114,0.0014323051,179038.14,0.9983449,0.9983449,True
9C,256,1.0,3,370,y,115,0.0014198502,177481.27,0.9983437,0.9983437,True
9C,256,1.0,3,371,y,116,0.0014076101,175951.27,0.9983352,0.9983352,True
9C,256,1.0,3,372,y,117,0.0013955793,174447.4,0.99817896,0.99817896,True
9C,256,1.0,3,373,y,118,0.0013837523,172969.05,0.9983655,0.9983655,True
9C,256,1.0,3,374,y,119,0.0013721242,171515.52,0.9983361,0.9983361,True
9C,256,1.0,3,375,y,120,0.0013606899,170086.23,0.99843353,0.99843353,True
9C,256,1.0,3,376,y,121,0.0013494444,168680.55,0.99818754,0.99818754,True
9C,256,1.0,3,377,y,122,0.0013383833,167297.9,0.9983257,0.9983257,True
9C,256,1.0,3,378,y,123,0.0013275022,165937.78,0.4048209,0.001802519,False
9C,256,1.0,3,379,y,124,0.0013167965,164599.56,0.9983988,0.9983988,True
9C,256,1.0,3,380,y,125,0.0013062622,163282.78,0.9984841,0.9984841,True
9C,256,1.0,3,381,y,126,0.0012958951,161986.89,0.9983561,0.9983561,True
9C,256,1.0,3,382,y,127,0.0012856912,160711.39,0.9985417,0.9985417,True
9C,256,1.0,3,383,y,128,0.0012756466,159455.83,0.9974891,0.9974891,True
9C,256,1.0,3,384,y,129,0.001265758,158219.75,0.9983167,0.9983167,True
9C,256,1.0,3,385,y,130,0.0012560213,157002.67,0.99847585,0.99847585,True
9C,256,1.0,3,386,y,131,0.0012464334,155804.17,0.99837744,0.99837744,True
9C,256,1.0,3,387,y,132,0.0012369907,154623.83,0.9984519,0.9984519,True
9C,256,1.0,3,388,y,133,0.00122769,153461.25,0.9983854,0.9983854,True
9C,256,1.0,3,389,y,134,0.0012185281,152316.02,0.9983434,0.9983434,True
9C,256,1.0,3,390,y,135,0.001209502,151187.75,0.9983844,0.9983844,True
9C,256,1.0,3,391,y,136,0.0012006087,150076.08,0.9982982,0.9982982,True
9C,256,1.0,3,392,y,137,0.001191845,148980.62,0.9981252,0.9981252,True
9C,256,1.0,3,393,y,138,0.0011832085,147901.06,0.99846137,0.99846137,True
9C,256,1.0,3,394,y,139,0.0011746963,146837.03,0.9983602,0.9983602,True
9C,256,1.0,3,395,y,140,0.0011663055,145788.19,0.99832726,0.99832726,True
9C,256,1.0,3,396,y,141,0.0011580338,144754.23,0.9984443,0.9984443,True
9C,256,1.0,3,397,y,142,0.0011498786,143734.83,0.9984329,0.9984329,True
9C,256,1.0,3,398,y,143,0.0011418376,142729.7,0.9982383,0.9982383,True
9C,256,1.0,3,399,y,144,0.0011339082,141738.52,0.9983672,0.9983672,True
9C,256,1.0,3,400,y,145,0.0011260881,140761.02,0.9984306,0.9984306,True
9C,256,1.0,3,401,y,146,0.0011183751,139796.89,0.99832815,0.99832815,True
9C,256,1.0,3,402,y,147,0.0011107671,138845.89,0.99853945,0.99853945,True
9C,256,1.0,3,403,y,148,0.001103262,137907.75,0.9984658,0.9984658,True
9C,256,1.0,3,404,y,149,0.0010958576,136982.2,0.9983874,0.9983874,True
9C,256,1.0,3,405,y,150,0.0010885518,136068.98,0.9982257,0.9982257,True
9C,256,1.0,3,406,y,151,0.0010813428,135167.84,0.99854475,0.99854475,True
9C,256,1.0,3,407,y,152,0.0010742288,134278.6,0.99839437,0.99839437,True
9C,256,1.0,3,408,y,153,0.0010672077,133400.95,0.998495,0.998495,True
9C,256,1.0,3,409,y,154,0.0010602777,132534.72,0.9984858,0.9984858,True
9C,256,1.0,3,410,y,155,0.0010534372,131679.66,0.998173,0.998173,True
9C,256,1.0,3,411,y,156,0.0010466845,130835.555,0.99838257,0.99838257,True
9C,256,1.0,3,412,y,157,0.0010400177,130002.21,0.99536294,0.99536294,True
9C,256,1.0,3,413,y,158,0.0010334353,129179.414,0.7599071,0.7599071,False
9C,256,1.0,3,414,y,159,0.0010269356,128366.95,0.9984373,0.9984373,True
9C,256,1.0,3,415,y,160,0.0010205173,127564.664,0.35997355,0.0029650107,False
9C,256,1.0,3,416,y,161,0.0010141787,126772.34,0.9984123,0.9984123,True
9C,256,1.0,3,417,y,162,0.0010079184,125989.8,0.9981576,0.9981576,True
9C,256,1.0,3,418,y,163,0.0010017348,125216.84,0.99854255,0.99854255,True
9C,256,1.0,3,419,y,164,0.0009956267,124453.336,0.99840605,0.99840605,True
9C,256,1.0,3,420,y,165,0.0009895925,123699.06,0.99858147,0.99858147,True
9C,256,1.0,3,421,y,166,0.0009836311,122953.89,0.9985119,0.9985119,True
9C,256,1.0,3,422,y,167,0.0009777412,122217.65,0.99837863,0.99837863,True
9C,256,1.0,3,423,y,168,0.00097192125,121490.16,0.99843895,0.99843895,True
9C,256,1.0,3,424,y,169,0.0009661703,120771.28,0.7212419,0.7212419,False
9C,256,1.0,3,425,y,170,0.00096048694,120060.87,0.99236894,0.99236894,True
9C,256,1.0,3,426,y,171,0.00095487,119358.75,0.9983971,0.9983971,True
9C,256,1.0,3,427,y,172,0.00094931846,118664.805,0.99840283,0.99840283,True
9C,256,1.0,3,428,y,173,0.00094383105,117978.88,0.9984788,0.9984788,True
9C,256,1.0,3,429,y,174,0.00093840674,117300.84,0.998468,0.998468,True
9C,256,1.0,3,430,y,175,0.0009330444,116630.555,0.9981573,0.9981573,True
9C,256,1.0,3,431,y,176,0.00092774304,115967.88,0.9982896,0.9982896,True
9C,256,1.0,3,432,y,177,0.00092250155,115312.695,0.99741226,0.99741226,True
9C,256,1.0,3,433,y,178,0.000917319,114664.875,0.99836767,0.99836767,True
9C,256,1.0,3,434,y,179,0.00091219426,114024.28,0.9914558,0.9914558,True
9C,256,1.0,3,435,y,180,0.0009071265,113390.81,0.69251037,0.00043535978,False
9C,256,1.0,3,436,y,181,0.0009021148,112764.35,0.9983954,0.9983954,True
9C,256,1.0,3,437,y,182,0.0008971581,112144.766,0.9984421,0.9984421,True
9C,256,1.0,3,438,y,183,0.0008922556,111531.945,0.9984776,0.9984776,True
9C,256,1.0,3,439,y,184,0.0008874064,110925.805,0.998402,0.998402,True
9C,256,1.0,3,440,y,185,0.0008826096,110326.195,0.9982871,0.9982871,True
9C,256,1.0,3,441,y,186,0.00087786437,109733.05,0.99837327,0.99837327,True
9C,256,1.0,3,442,y,187,0.0008731699,109146.24,0.99839574,0.99839574,True
9C,256,1.0,3,443,y,188,0.00086852536,108565.67,0.99821115,0.99821115,True
9C,256,1.0,3,444,y,189,0.00086393,107991.25,0.99825716,0.99825716,True
9C,256,1.0,3,445,y,190,0.000859383,107422.875,0.9985913,0.9985913,True
9C,256,1.0,3,446,y,191,0.00085488363,106860.45,0.99244714,0.99244714,True
9C,256,1.0,3,447,y,192,0.00085043116,106303.89,0.71294135,0.71294135,False
9C,256,1.0,3,448,y,193,0.0008460247,105753.09,0.9981642,0.9981642,True
9C,256,1.0,3,449,y,194,0.00084166374,105207.97,0.31023854,0.028981684,False
9C,256,1.0,3,450,y,195,0.0008373476,104668.445,0.9983187,0.9983187,True
9C,256,1.0,3,451,y,196,0.0008330754,104134.42,0.9984523,0.9984523,True
9C,256,1.0,3,452,y,197,0.00082884653,103605.82,0.99841285,0.99841285,True
9C,256,1.0,3,453,y,198,0.00082466047,103082.56,0.9984474,0.9984474,True
9C,256,1.0,3,454,y,199,0.00082051643,102564.555,0.99841917,0.99841917,True
9C,256,1.0,3,455,y,200,0.00081641384,102051.73,0.9984708,0.9984708,True
9C,256,1.0,3,456,y,201,0.00081235205,101544.01,0.9983773,0.9983773,True
9C,256,1.0,3,457,y,202,0.00080833054,101041.32,0.99826705,0.99826705,True
9C,256,1.0,3,458,y,203,0.0008043486,100543.58,0.9983522,0.9983522,True
9C,256,1.0,3,459,y,204,0.00080040575,100050.72,0.99837697,0.99837697,True
9C,256,1.0,3,460,y,205,0.00079650135,99562.67,0.99846095,0.99846095,True
9C,256,1.0,3,461,y,206,0.00079263485,99079.36,0.9983449,0.9983449,True
9C,256,1.0,3,462,y,207,0.00078880566,98600.71,0.7072312,0.7072312,False
9C,256,1.0,3,463,y,208,0.00078501337,98126.67,0.99388134,0.99388134,True
9C,256,1.0,3,464,y,209,0.00078125723,97657.16,0.9984414,0.9984414,True
9C,256,1.0,3,465,y,210,0.00077753706,97192.13,0.9983975,0.9983975,True
9C,256,1.0,3,466,y,211,0.00077385205,96731.51,0.7068157,0.0003466357,False
9C,256,1.0,3,467,y,212,0.0007702018,96275.23,0.991571,0.991571,True
9C,256,1.0,3,468,y,213,0.0007665858,95823.23,0.9981084,0.9981084,True
9C,256,1.0,3,469,y,214,0.0007630036,95375.45,0.044524938,0.004661586,False
9C,256,1.0,3,470,y,215,0.00075945474,94931.84,0.9985031,0.9985031,True
9C,256,1.0,3,471,y,216,0.00075593876,94492.34,0.99840915,0.99840915,True
9C,256,1.0,3,472,y,217,0.00075245515,94056.89,0.99841464,0.99841464,True
9C,256,1.0,3,473,y,218,0.0007490035,93625.44,0.9982027,0.9982027,True
9C,256,1.0,3,474,y,219,0.0007455834,93197.92,0.9984579,0.9984579,True
9C,256,1.0,3,475,y,220,0.0007421944,92774.305,0.9984303,0.9984303,True
9C,256,1.0,3,476,y,221,0.0007388361,92354.516,0.9982289,0.9982289,True
9C,256,1.0,3,477,y,222,0.000735508,91938.5,0.99824405,0.99824405,True
9C,256,1.0,3,478,y,223,0.00073220977,91526.22,0.94824183,0.94824183,True
9C,256,1.0,3,479,y,224,0.000728941,91117.625,0.95121753,0.95121753,True
9C,256,1.0,3,480,y,225,0.0007257012,90712.65,0.9485871,0.9485871,True
9C,256,1.0,3,481,y,226,0.00072249013,90311.266,0.95519817,0.95519817,True
9C,256,1.0,3,482,y,227,0.00071930734,89913.414,0.61304367,0.0014558546,False
9C,256,1.0,3,483,y,228,0.00071615254,89519.07,0.9927387,0.9927387,True
9C,256,1.0,3,484,y,229,0.0007130252,89128.16,0.02655417,0.022705302,False
9C,256,1.0,3,485,y,230,0.0007099251,88740.63,0.015210148,0.0030379277,False
9C,256,1.0,3,486,y,231,0.00070685183,88356.48,0.99834275,0.99834275,True
9C,256,1.0,3,487,y,232,0.00070380507,87975.63,0.030900419,0.02583601,False
9C,256,1.0,3,488,y,233,0.00070078444,87598.055,0.023462202,0.002060555,False
9C,256,1.0,3,489,y,234,0.00069778966,87223.7,0.022253502,0.005032515,False
9C,256,1.0,3,490,y,235,0.0006948203,86852.54,0.99861145,0.99815166,True
9C,256,1.0,3,491,y,236,0.00069187616,86484.52,0.99835694,0.99835694,True
9C,256,1.0,3,492,y,237,0.0006889568,86119.6,0.93548775,0.93548775,True
9C,256,1.0,3,493,y,238,0.0006860621,85757.76,0.9324347,0.9324347,True
9C,256,1.0,3,494,y,239,0.0006831915,85398.94,0.99832964,0.99832964,True
9C,256,1.0,3,495,y,240,0.00068034494,85043.12,0.01700574,0.00649238,False
9C,256,1.0,3,496,y,241,0.0006775219,84690.24,0.9982219,0.9982219,True
9C,256,1.0,3,497,y,242,0.0006747222,84340.27,0.9983307,0.9983307,True
9C,256,1.0,3,498,y,243,0.00067194557,83993.195,0.9981568,0.9981568,True
9C,256,1.0,3,499,y,244,0.00066919165,83648.95,0.012763998,0.0083838105,False
9C,256,1.0,3,500,y,245,0.00066646026,83307.53,0.99832046,0.99832046,True
9C,256,1.0,3,501,y,246,0.0006637511,82968.89,0.99839985,0.99839985,True
9C,256,1.0,3,502,y,247,0.0006610639,82632.984,0.26864114,0.0055239517,False
9C,256,1.0,3,503,y,248,0.00065839826,82299.78,0.99784666,0.99784666,True
9C,256,1.0,3,504,y,249,0.00065575406,81969.26,0.9138107,0.9138107,True
9C,256,1.0,3,505,y,250,0.0006531311,81641.39,0.91509926,0.91509926,True
9C,256,1.0,3,506,y,251,0.000650529,81316.125,0.9984008,0.9984008,True
9C,256,1.0,3,507,y,252,0.00064794754,80993.445,0.99845994,0.99845994,True
9C,256,1.0,3,508,y,253,0.00064538646,80673.305,0.99840176,0.99840176,True
9C,256,1.0,3,509,y,254,0.0006428456,80355.695,0.9984735,0.9984735,True
9C,256,1.0,3,510,y,255,0.0006403246,80040.58,0.031000368,0.0036071688,False
9C,256,1.0,3,511,y,256,0.0006378233,79727.914,0.9983176,0.9983176,True
9C,256,1.0,4,0,x,1,0.16328277,20410346.0,0.9996407,0.9996407,True
9C,256,1.0,4,1,x,2,0.08164138,10205173.0,0.9994968,0.9994968,True
9C,256,1.0,4,2,x,3,0.054427594,6803449.0,0.9987508,0.9987508,True
9C,256,1.0,4,3,x,4,0.04082069,5102586.5,0.998739,0.998739,True
9C,256,1.0,4,4,x,5,0.032656554,4082069.2,0.9984778,0.9984778,True
9C,256,1.0,4,5,x,6,0.027213797,3401724.5,0.9987654,0.9987654,True
9C,256,1.0,4,6,x,7,0.023326112,2915764.0,0.9985471,0.9985471,True
9C,256,1.0,4,7,x,8,0.020410346,2551293.2,0.99852514,0.99852514,True
9C,256,1.0,4,8,x,9,0.01814253,2267816.2,0.9987519,0.998255,True
9C,256,1.0,4,9,x,10,0.016328277,2041034.6,0.9984938,0.9984938,True
9C,256,1.0,4,10,x,11,0.014843889,1855486.1,0.9985219,0.9985219,True
9C,256,1.0,4,11,x,12,0.0136068985,1700862.2,0.9985749,0.9985749,True
9C,256,1.0,4,12,x,13,0.012560214,1570026.8,0.9986292,0.9986292,True
9C,256,1.0,4,13,x,14,0.011663056,1457882.0,0.9985974,0.9985974,True
9C,256,1.0,4,14,x,15,0.010885519,1360689.9,0.9988116,0.9988116,True
9C,256,1.0,4,15,x,16,0.010205173,1275646.6,0.99845684,0.99845684,True
9C,256,1.0,4,16,x,17,0.009604869,1200608.6,0.9986559,0.9986559,True
9C,256,1.0,4,17,x,18,0.009071265,1133908.1,0.998548,0.998548,True
9C,256,1.0,4,18,x,19,0.00859383,1074228.8,0.9985697,0.9985697,True
9C,256,1.0,4,19,x,20,0.0081641385,1020517.3,0.9985033,0.9985033,True
9C,256,1.0,4,20,x,21,0.00777537,971921.25,0.99856615,0.99856615,True
9C,256,1.0,4,21,x,22,0.0074219443,927743.06,0.99850935,0.99850935,True
9C,256,1.0,4,22,x,23,0.0070992513,887406.44,0.99852383,0.99852383,True
9C,256,1.0,4,23,x,24,0.0068034492,850431.1,0.99845016,0.99845016,True
9C,256,1.0,4,24,x,25,0.0065313107,816413.8,0.9985603,0.9985603,True
9C,256,1.0,4,25,x,26,0.006280107,785013.4,0.99854827,0.99854827,True
9C,256,1.0,4,26,x,27,0.00604751,755938.75,0.99860084,0.99860084,True
9C,256,1.0,4,27,x,28,0.005831528,728941.0,0.99854743,0.99854743,True
9C,256,1.0,4,28,x,29,0.0056304405,703805.06,0.9986759,0.9986759,True
9C,256,1.0,4,29,x,30,0.0054427595,680344.94,0.9984987,0.9984987,True
9C,256,1.0,4,30,x,31,0.005267186,658398.25,0.9983355,0.9983355,True
9C,256,1.0,4,31,x,32,0.0051025865,637823.3,0.99861693,0.99861693,True
9C,256,1.0,4,32,x,33,0.0049479627,618495.3,0.9986043,0.9986043,True
9C,256,1.0,4,33,x,34,0.0048024347,600304.3,0.99832267,0.99832267,True
9C,256,1.0,4,34,x,35,0.004665222,583152.75,0.9985277,0.9985277,True
9C,256,1.0,4,35,x,36,0.0045356327,566954.06,0.9983451,0.9983451,True
9C,256,1.0,4,36,x,37,0.004413048,551631.0,0.9986842,0.9986842,True
9C,256,1.0,4,37,x,38,0.004296915,537114.4,0.99880767,0.99880767,True
9C,256,1.0,4,38,x,39,0.004186738,523342.22,0.99863446,0.99863446,True
9C,256,1.0,4,39,x,40,0.0040820693,510258.66,0.99848115,0.99848115,True
9C,256,1.0,4,40,x,41,0.0039825067,497813.34,0.9981578,0.9981578,True
9C,256,1.0,4,41,x,42,0.003887685,485960.62,0.9983514,0.9983514,True
9C,256,1.0,4,42,x,43,0.0037972739,474659.22,0.99846494,0.99846494,True
9C,256,1.0,4,43,x,44,0.0037109721,463871.53,0.9985799,0.9985799,True
9C,256,1.0,4,44,x,45,0.003628506,453563.25,0.9983111,0.9983111,True
9C,256,1.0,4,45,x,46,0.0035496256,443703.22,0.9985348,0.9985348,True
9C,256,1.0,4,46,x,47,0.0034741014,434262.7,0.9985252,0.9985252,True
9C,256,1.0,4,47,x,48,0.0034017246,425215.56,0.9986063,0.9986063,True
9C,256,1.0,4,48,x,49,0.0033323015,416537.7,0.9984703,0.9984703,True
9C,256,1.0,4,49,x,50,0.0032656554,408206.9,0.99833393,0.99833393,True
9C,256,1.0,4,50,x,51,0.003201623,400202.88,0.9983889,0.9983889,True
9C,256,1.0,4,51,x,52,0.0031400535,392506.7,0.9985493,0.9985493,True
9C,256,1.0,4,52,x,53,0.0030808072,385100.9,0.9986479,0.9986479,True
9C,256,1.0,4,53,x,54,0.003023755,377969.38,0.9985583,0.9985583,True
9C,256,1.0,4,54,x,55,0.0029687777,371097.22,0.99849975,0.99849975,True
9C,256,1.0,4,55,x,56,0.002915764,364470.5,0.9983784,0.9983784,True
9C,256,1.0,4,56,x,57,0.0028646102,358076.28,0.99850285,0.99850285,True
9C,256,1.0,4,57,x,58,0.0028152203,351902.53,0.99855685,0.99855685,True
9C,256,1.0,4,58,x,59,0.0027675047,345938.1,0.9983678,0.9983678,True
9C,256,1.0,4,59,x,60,0.0027213797,340172.47,0.9985172,0.9985172,True
9C,256,1.0,4,60,x,61,0.0026767666,334595.8,0.99835336,0.99835336,True
9C,256,1.0,4,61,x,62,0.002633593,329199.12,0.9986531,0.9986531,True
9C,256,1.0,4,62,x,63,0.0025917902,323973.78,0.9985763,0.9985763,True
9C,256,1.0,4,63,x,64,0.0025512932,318911.66,0.9984848,0.9984848,True
9C,256,1.0,4,64,x,65,0.0025120426,314005.34,0.99862474,0.99862474,True
9C,256,1.0,4,65,x,66,0.0024739814,309247.66,0.99849325,0.99849325,True
9C,256,1.0,4,66,x,67,0.0024370563,304632.03,0.9984098,0.9984098,True
9C,256,1.0,4,67,x,68,0.0024012174,300152.16,0.99852335,0.99852335,True
9C,256,1.0,4,68,x,69,0.002366417,295802.12,0.9985119,0.9985119,True
9C,256,1.0,4,69,x,70,0.002332611,291576.38,0.99847865,0.99847865,True
9C,256,1.0,4,70,x,71,0.0022997572,287469.66,0.9983877,0.9983877,True
9C,256,1.0,4,71,x,72,0.0022678163,283477.03,0.9983882,0.9983882,True
9C,256,1.0,4,72,x,73,0.0022367502,279593.78,0.9985522,0.9985522,True
9C,256,1.0,4,73,x,74,0.002206524,275815.5,0.998436,0.998436,True
9C,256,1.0,4,74,x,75,0.0021771037,272137.97,0.99846023,0.99846023,True
9C,256,1.0,4,75,x,76,0.0021484576,268557.2,0.9984736,0.9984736,True
9C,256,1.0,4,76,x,77,0.0021205554,265069.44,0.9986932,0.9986932,True
9C,256,1.0,4,77,x,78,0.002093369,261671.11,0.9986754,0.9986754,True
9C,256,1.0,4,78,x,79,0.0020668707,258358.83,0.9948692,0.9948692,True
9C,256,1.0,4,79,x,80,0.0020410346,255129.33,0.8281363,0.8281363,False
9C,256,1.0,4,80,x,81,0.0020158368,251979.6,0.99847376,0.99847376,True
9C,256,1.0,4,81,x,82,0.0019912533,248906.67,0.9984968,0.9984968,True
9C,256,1.0,4,82,x,83,0.0019672622,245907.78,0.9986002,0.9986002,True
9C,256,1.0,4,83,x,84,0.0019438425,242980.31,0.99847364,0.99847364,True
9C,256,1.0,4,84,x,85,0.0019209739,240121.73,0.99842227,0.99842227,True
9C,256,1.0,4,85,x,86,0.0018986369,237329.61,0.9985326,0.9985326,True
9C,256,1.0,4,86,x,87,0.0018768135,234601.69,0.9984103,0.9984103,True
9C,256,1.0,4,87,x,88,0.0018554861,231935.77,0.9985465,0.9985465,True
9C,256,1.0,4,88,x,89,0.001834638,229329.75,0.9986502,0.9986502,True
9C,256,1.0,4,89,x,90,0.001814253,226781.62,0.9981184,0.9981184,True
9C,256,1.0,4,90,x,91,0.0017943162,224289.53,0.99866235,0.99866235,True
9C,256,1.0,4,91,x,92,0.0017748128,221851.61,0.99853873,0.99853873,True
9C,256,1.0,4,92,x,93,0.0017557287,219466.1,0.9985747,0.9985747,True
9C,256,1.0,4,93,x,94,0.0017370507,217131.34,0.9986227,0.9986227,True
9C,256,1.0,4,94,x,95,0.001718766,214845.75,0.9985659,0.9985659,True
9C,256,1.0,4,95,x,96,0.0017008623,212607.78,0.9987143,0.9987143,True
9C,256,1.0,4,96,x,97,0.0016833275,210415.94,0.99814594,0.99814594,True
9C,256,1.0,4,97,x,98,0.0016661508,208268.84,0.99840045,0.99840045,True
9C,256,1.0,4,98,x,99,0.0016493209,206165.12,0.99841297,0.99841297,True
9C,256,1.0,4,99,x,100,0.0016328277,204103.45,0.99860126,0.99860126,True
9C,256,1.0,4,100,x,101,0.0016166611,202082.64,0.9986127,0.9986127,True
9C,256,1.0,4,101,x,102,0.0016008115,200101.44,0.99840707,0.99840707,True
9C,256,1.0,4,102,x,103,0.0015852697,198158.72,0.9987494,0.9987494,True
9C,256,1.0,4,103,x,104,0.0015700267,196253.34,0.99855626,0.99855626,True
9C,256,1.0,4,104,x,105,0.0015550741,194384.27,0.9984597,0.9984597,True
9C,256,1.0,4,105,x,106,0.0015404036,192550.45,0.9980717,0.9980717,True
9C,256,1.0,4,106,x,107,0.0015260072,190750.9,0.99869776,0.99869776,True
9C,256,1.0,4,107,x,108,0.0015118775,188984.69,0.99832356,0.99832356,True
9C,256,1.0,4,108,x,109,0.001498007,187250.88,0.99840796,0.99840796,True
9C,256,1.0,4,109,x,110,0.0014843888,185548.61,0.99860644,0.99860644,True
9C,256,1.0,4,110,x,111,0.001471016,183877.0,0.9713845,0.9713845,True
9C,256,1.0,4,111,x,112,0.001457882,182235.25,0.96960306,0.96960306,True
9C,256,1.0,4,112,x,113,0.0014449803,180622.53,0.9982797,0.9982797,True
9C,256,1.0,4,113,x,114,0.0014323051,179038.14,0.9985624,0.9985624,True
9C,256,1.0,4,114,x,115,0.0014198502,177481.27,0.99853206,0.99853206,True
9C,256,1.0,4,115,x,116,0.0014076101,175951.27,0.9985838,0.9985838,True
9C,256,1.0,4,116,x,117,0.0013955793,174447.4,0.9985937,0.9985937,True
9C,256,1.0,4,117,x,118,0.0013837523,172969.05,0.99839544,0.99839544,True
9C,256,1.0,4,118,x,119,0.0013721242,171515.52,0.9985468,0.9985468,True
9C,256,1.0,4,119,x,120,0.0013606899,170086.23,0.998577,0.998577,True
9C,256,1.0,4,120,x,121,0.0013494444,168680.55,0.99855936,0.99855936,True
9C,256,1.0,4,121,x,122,0.0013383833,167297.9,0.9981632,0.9981632,True
9C,256,1.0,4,122,x,123,0.0013275022,165937.78,0.9984611,0.9984611,True
9C,256,1.0,4,123,x,124,0.0013167965,164599.56,0.99851483,0.99851483,True
9C,256,1.0,4,124,x,125,0.0013062622,163282.78,0.99860054,0.99860054,True
9C,256,1.0,4,125,x,126,0.0012958951,161986.89,0.998488,0.998488,True
9C,256,1.0,4,126,x,127,0.0012856912,160711.39,0.9984838,0.9984838,True
9C,256,1.0,4,127,x,128,0.0012756466,159455.83,0.9986407,0.9986407,True
9C,256,1.0,4,128,x,129,0.001265758,158219.75,0.9987074,0.9987074,True
9C,256,1.0,4,129,x,130,0.0012560213,157002.67,0.99864566,0.99864566,True
9C,256,1.0,4,130,x,131,0.0012464334,155804.17,0.6734576,0.029931873,False
9C,256,1.0,4,131,x,132,0.0012369907,154623.83,0.9905991,0.9905991,True
9C,256,1.0,4,132,x,133,0.00122769,153461.25,0.99860203,0.99860203,True
9C,256,1.0,4,133,x,134,0.0012185281,152316.02,0.9983326,0.9983326,True
9C,256,1.0,4,134,x,135,0.001209502,151187.75,0.9985554,0.9985554,True
9C,256,1.0,4,135,x,136,0.0012006087,150076.08,0.9985583,0.9985583,True
9C,256,1.0,4,136,x,137,0.001191845,148980.62,0.9984834,0.9984834,True
9C,256,1.0,4,137,x,138,0.0011832085,147901.06,0.99850696,0.99850696,True
9C,256,1.0,4,138,x,139,0.0011746963,146837.03,0.99388164,0.99388164,True
9C,256,1.0,4,139,x,140,0.0011663055,145788.19,0.76179934,0.76179934,False
9C,256,1.0,4,140,x,141,0.0011580338,144754.23,0.39043444,0.002879491,False
9C,256,1.0,4,141,x,142,0.0011498786,143734.83,0.99856484,0.99856484,True
9C,256,1.0,4,142,x,143,0.0011418376,142729.7,0.99844825,0.99844825,True
9C,256,1.0,4,143,x,144,0.0011339082,141738.52,0.9984721,0.9984721,True
9C,256,1.0,4,144,x,145,0.0011260881,140761.02,0.99856853,0.99856853,True
9C,256,1.0,4,145,x,146,0.0011183751,139796.89,0.9985484,0.9985484,True
9C,256,1.0,4,146,x,147,0.0011107671,138845.89,0.9985328,0.9985328,True
9C,256,1.0,4,147,x,148,0.001103262,137907.75,0.9985502,0.9985502,True
9C,256,1.0,4,148,x,149,0.0010958576,136982.2,0.9987016,0.9987016,True
9C,256,1.0,4,149,x,150,0.0010885518,136068.98,0.9984577,0.9984577,True
9C,256,1.0,4,150,x,151,0.0010813428,135167.84,0.9985672,0.9985672,True
9C,256,1.0,4,151,x,152,0.0010742288,134278.6,0.9985258,0.9985258,True
9C,256,1.0,4,152,x,153,0.0010672077,133400.95,0.9985831,0.9985831,True
9C,256,1.0,4,153,x,154,0.0010602777,132534.72,0.9984895,0.9984895,True
9C,256,1.0,4,154,x,155,0.0010534372,131679.66,0.99846184,0.99846184,True
9C,256,1.0,4,155,x,156,0.0010466845,130835.555,0.99861753,0.99861753,True
9C,256,1.0,4,156,x,157,0.0010400177,130002.21,0.9985884,0.9985884,True
9C,256,1.0,4,157,x,158,0.0010334353,129179.414,0.9984853,0.9984853,True
9C,256,1.0,4,158,x,159,0.0010269356,128366.95,0.9984279,0.9984279,True
9C,256,1.0,4,159,x,160,0.0010205173,127564.664,0.998595,0.998595,True
9C,256,1.0,4,160,x,161,0.0010141787,126772.34,0.9985637,0.9985637,True
9C,256,1.0,4,161,x,162,0.0010079184,125989.8,0.9986284,0.9986284,True
9C,256,1.0,4,162,x,163,0.0010017348,125216.84,0.9924458,0.9924458,True
9C,256,1.0,4,163,x,164,0.0009956267,124453.336,0.66031873,0.0029297248,False
9C,256,1.0,4,164,x,165,0.0009895925,123699.06,0.9985586,0.9985586,True
9C,256,1.0,4,165,x,166,0.0009836311,122953.89,0.9985672,0.9985672,True
9C,256,1.0,4,166,x,167,0.0009777412,122217.65,0.992852,0.992852,True
9C,256,1.0,4,167,x,168,0.00097192125,121490.16,0.70738775,0.70738775,False
9C,256,1.0,4,168,x,169,0.0009661703,120771.28,0.9985689,0.9985689,True
9C,256,1.0,4,169,x,170,0.00096048694,120060.87,0.9983256,0.9983256,True
9C,256,1.0,4,170,x,171,0.00095487,119358.75,0.99841094,0.99841094,True
9C,256,1.0,4,171,x,172,0.00094931846,118664.805,0.99848527,0.99848527,True
9C,256,1.0,4,172,x,173,0.00094383105,117978.88,0.99868065,0.99868065,True
9C,256,1.0,4,173,x,174,0.00093840674,117300.84,0.99855924,0.99855924,True
9C,256,1.0,4,174,x,175,0.0009330444,116630.555,0.9984677,0.9984677,True
9C,256,1.0,4,175,x,176,0.00092774304,115967.88,0.9982736,0.9982736,True
9C,256,1.0,4,176,x,177,0.00092250155,115312.695,0.99258274,0.99258274,True
9C,256,1.0,4,177,x,178,0.000917319,114664.875,0.75664973,0.75664973,False
9C,256,1.0,4,178,x,179,0.00091219426,114024.28,0.99846333,0.99846333,True
9C,256,1.0,4,179,x,180,0.0009071265,113390.81,0.99826556,0.99826556,True
9C,256,1.0,4,180,x,181,0.0009021148,112764.35,0.9984908,0.9984908,True
9C,256,1.0,4,181,x,182,0.0008971581,112144.766,0.9984962,0.9984962,True
9C,256,1.0,4,182,x,183,0.0008922556,111531.945,0.6571693,0.06424051,False
9C,256,1.0,4,183,x,184,0.0008874064,110925.805,0.9934022,0.9934022,True
9C,256,1.0,4,184,x,185,0.0008826096,110326.195,0.9987161,0.9987161,True
9C,256,1.0,4,185,x,186,0.00087786437,109733.05,0.99853575,0.99853575,True
9C,256,1.0,4,186,x,187,0.0008731699,109146.24,0.99161243,0.99161243,True
9C,256,1.0,4,187,x,188,0.00086852536,108565.67,0.5940894,0.002175456,False
9C,256,1.0,4,188,x,189,0.00086393,107991.25,0.9985115,0.9985115,True
9C,256,1.0,4,189,x,190,0.000859383,107422.875,0.99862814,0.99862814,True
9C,256,1.0,4,190,x,191,0.00085488363,106860.45,0.9982654,0.9982654,True
9C,256,1.0,4,191,x,192,0.00085043116,106303.89,0.99860203,0.99860203,True
9C,256,1.0,4,192,x,193,0.0008460247,105753.09,0.9983648,0.9983648,True
9C,256,1.0,4,193,x,194,0.00084166374,105207.97,0.9981772,0.9981772,True
9C,256,1.0,4,194,x,195,0.0008373476,104668.445,0.99857557,0.99857557,True
9C,256,1.0,4,195,x,196,0.0008330754,104134.42,0.998636,0.998636,True
9C,256,1.0,4,196,x,197,0.00082884653,103605.82,0.99868447,0.99868447,True
9C,256,1.0,4,197,x,198,0.00082466047,103082.56,0.32790342,0.0019613057,False
9C,256,1.0,4,198,x,199,0.00082051643,102564.555,0.99852645,0.99852645,True
9C,256,1.0,4,199,x,200,0.00081641384,102051.73,0.99862754,0.99862754,True
9C,256,1.0,4,200,x,201,0.00081235205,101544.01,0.99867725,0.99867725,True
9C,256,1.0,4,201,x,202,0.00080833054,101041.32,0.9985324,0.9985324,True
9C,256,1.0,4,202,x,203,0.0008043486,100543.58,0.95144093,0.95144093,True
9C,256,1.0,4,203,x,204,0.00080040575,100050.72,0.94422746,0.94422746,True
9C,256,1.0,4,204,x,205,0.00079650135,99562.67,0.99871194,0.99871194,True
9C,256,1.0,4,205,x,206,0.00079263485,99079.36,0.9984697,0.9984697,True
9C,256,1.0,4,206,x,207,0.00078880566,98600.71,0.9984466,0.9984466,True
9C,256,1.0,4,207,x,208,0.00078501337,98126.67,0.9986619,0.9986619,True
9C,256,1.0,4,208,x,209,0.00078125723,97657.16,0.99849534,0.99849534,True
9C,256,1.0,4,209,x,210,0.00077753706,97192.13,0.99857306,0.99857306,True
9C,256,1.0,4,210,x,211,0.00077385205,96731.51,0.99842846,0.99842846,True
9C,256,1.0,4,211,x,212,0.0007702018,96275.23,0.9985014,0.9985014,True
9C,256,1.0,4,212,x,213,0.0007665858,95823.23,0.9984239,0.9984239,True
9C,256,1.0,4,213,x,214,0.0007630036,95375.45,0.019351419,0.010542475,False
9C,256,1.0,4,214,x,215,0.00075945474,94931.84,0.9984362,0.9984362,True
9C,256,1.0,4,215,x,216,0.00075593876,94492.34,0.99847543,0.99847543,True
9C,256,1.0,4,216,x,217,0.00075245515,94056.89,0.9985851,0.9985851,True
9C,256,1.0,4,217,x,218,0.0007490035,93625.44,0.99847984,0.99847984,True
9C,256,1.0,4,218,x,219,0.0007455834,93197.92,0.99854577,0.99854577,True
9C,256,1.0,4,219,x,220,0.0007421944,92774.305,0.9985355,0.9985355,True
9C,256,1.0,4,220,x,221,0.0007388361,92354.516,0.998644,0.998644,True
9C,256,1.0,4,221,x,222,0.000735508,91938.5,0.9984339,0.9984339,True
9C,256,1.0,4,222,x,223,0.00073220977,91526.22,0.99854136,0.99854136,True
9C,256,1.0,4,223,x,224,0.000728941,91117.625,0.34297657,0.006971076,False
9C,256,1.0,4,224,x,225,0.0007257012,90712.65,0.9983716,0.9983716,True
9C,256,1.0,4,225,x,226,0.00072249013,90311.266,0.99850965,0.99850965,True
9C,256,1.0,4,226,x,227,0.00071930734,89913.414,0.9985714,0.9985714,True
9C,256,1.0,4,227,x,228,0.00071615254,89519.07,0.9985789,0.9985789,True
9C,256,1.0,4,228,x,229,0.0007130252,89128.16,0.99867594,0.99867594,True
9C,256,1.0,4,229,x,230,0.0007099251,88740.63,0.9984398,0.9984398,True
9C,256,1.0,4,230,x,231,0.00070685183,88356.48,0.9984822,0.9984822,True
9C,256,1.0,4,231,x,232,0.00070380507,87975.63,0.99857384,0.99857384,True
9C,256,1.0,4,232,x,233,0.00070078444,87598.055,0.9983507,0.9983507,True
9C,256,1.0,4,233,x,234,0.00069778966,87223.7,0.9984051,0.9984051,True
9C,256,1.0,4,234,x,235,0.0006948203,86852.54,0.99858105,0.99858105,True
9C,256,1.0,4,235,x,236,0.00069187616,86484.52,0.9987061,0.9987061,True
9C,256,1.0,4,236,x,237,0.0006889568,86119.6,0.99850804,0.99850804,True
9C,256,1.0,4,237,x,238,0.0006860621,85757.76,0.99846447,0.99846447,True
9C,256,1.0,4,238,x,239,0.0006831915,85398.94,0.99846256,0.99846256,True
9C,256,1.0,4,239,x,240,0.00068034494,85043.12,0.99858725,0.99858725,True
9C,256,1.0,4,240,x,241,0.0006775219,84690.24,0.99836844,0.99836844,True
9C,256,1.0,4,241,x,242,0.0006747222,84340.27,0.9985343,0.9985343,True
9C,256,1.0,4,242,x,243,0.00067194557,83993.195,0.24240002,0.0027396865,False
9C,256,1.0,4,243,x,244,0.00066919165,83648.95,0.9983584,0.9983584,True
9C,256,1.0,4,244,x,245,0.00066646026,83307.53,0.048183534,0.048183534,False
9C,256,1.0,4,245,x,246,0.0006637511,82968.89,0.01686019,0.0023936778,False
9C,256,1.0,4,246,x,247,0.0006610639,82632.984,0.99856627,0.99856627,True
9C,256,1.0,4,247,x,248,0.00065839826,82299.78,0.9984572,0.9984572,True
9C,256,1.0,4,248,x,249,0.00065575406,81969.26,0.99860346,0.99860346,True
9C,256,1.0,4,249,x,250,0.0006531311,81641.39,0.9985688,0.9985688,True
9C,256,1.0,4,250,x,251,0.000650529,81316.125,0.65359867,0.002652064,False
9C,256,1.0,4,251,x,252,0.00064794754,80993.445,0.9914988,0.9914988,True
9C,256,1.0,4,252,x,253,0.00064538646,80673.305,0.024166832,0.0013519067,False
9C,256,1.0,4,253,x,254,0.0006428456,80355.695,0.021088848,0.0005321428,False
9C,256,1.0,4,254,x,255,0.0006403246,80040.58,0.93886125,0.93886125,True
9C,256,1.0,4,255,x,256,0.0006378233,79727.914,0.9493889,0.9493889,True
9C,256,1.0,4,256,y,1,0.16328277,20410346.0,0.9993253,0.9993253,True
9C,256,1.0,4,257,y,2,0.08164138,10205173.0,0.99963963,0.99905694,True
9C,256,1.0,4,258,y,3,0.054427594,6803449.0,0.9985074,0.9985074,True
9C,256,1.0,4,259,y,4,0.04082069,5102586.5,0.99871755,0.99871755,True
9C,256,1.0,4,260,y,5,0.032656554,4082069.2,0.9985077,0.9985077,True
9C,256,1.0,4,261,y,6,0.027213797,3401724.5,0.9985641,0.9985641,True
9C,256,1.0,4,262,y,7,0.023326112,2915764.0,0.9984052,0.9984052,True
9C,256,1.0,4,263,y,8,0.020410346,2551293.2,0.9985234,0.9985234,True
9C,256,1.0,4,264,y,9,0.01814253,2267816.2,0.9985602,0.9985602,True
9C,256,1.0,4,265,y,10,0.016328277,2041034.6,0.9985006,0.9985006,True
9C,256,1.0,4,266,y,11,0.014843889,1855486.1,0.9985647,0.9985647,True
9C,256,1.0,4,267,y,12,0.0136068985,1700862.2,0.99864864,0.99864864,True
9C,256,1.0,4,268,y,13,0.012560214,1570026.8,0.99844867,0.99844867,True
9C,256,1.0,4,269,y,14,0.011663056,1457882.0,0.99855834,0.99855834,True
9C,256,1.0,4,270,y,15,0.010885519,1360689.9,0.9986174,0.9986174,True
9C,256,1.0,4,271,y,16,0.010205173,1275646.6,0.9984456,0.9984456,True
9C,256,1.0,4,272,y,17,0.009604869,1200608.6,0.9984987,0.9984987,True
9C,256,1.0,4,273,y,18,0.009071265,1133908.1,0.99858713,0.99858713,True
9C,256,1.0,4,274,y,19,0.00859383,1074228.8,0.99846196,0.99846196,True
9C,256,1.0,4,275,y,20,0.0081641385,1020517.3,0.9985397,0.9985397,True
9C,256,1.0,4,276,y,21,0.00777537,971921.25,0.9984597,0.9984597,True
9C,256,1.0,4,277,y,22,0.0074219443,927743.06,0.9985118,0.9985118,True
9C,256,1.0,4,278,y,23,0.0070992513,887406.44,0.9984257,0.9984257,True
9C,256,1.0,4,279,y,24,0.0068034492,850431.1,0.998533,0.998533,True
9C,256,1.0,4,280,y,25,0.0065313107,816413.8,0.99844253,0.99844253,True
9C,256,1.0,4,281,y,26,0.006280107,785013.4,0.9983511,0.9983511,True
9C,256,1.0,4,282,y,27,0.00604751,755938.75,0.9985395,0.9985395,True
9C,256,1.0,4,283,y,28,0.005831528,728941.0,0.99840856,0.99840856,True
9C,256,1.0,4,284,y,29,0.0056304405,703805.06,0.998482,0.998482,True
9C,256,1.0,4,285,y,30,0.0054427595,680344.94,0.9985086,0.9985086,True
9C,256,1.0,4,286,y,31,0.005267186,658398.25,0.9985038,0.9985038,True
9C,256,1.0,4,287,y,32,0.0051025865,637823.3,0.99847674,0.99847674,True
9C,256,1.0,4,288,y,33,0.0049479627,618495.3,0.99844086,0.99844086,True
9C,256,1.0,4,289,y,34,0.0048024347,600304.3,0.9985107,0.9985107,True
9C,256,1.0,4,290,y,35,0.004665222,583152.75,0.99847186,0.99847186,True
9C,256,1.0,4,291,y,36,0.0045356327,566954.06,0.99855316,0.99855316,True
9C,256,1.0,4,292,y,37,0.004413048,551631.0,0.99856603,0.99856603,True
9C,256,1.0,4,293,y,38,0.004296915,537114.4,0.9984101,0.9984101,True
9C,256,1.0,4,294,y,39,0.004186738,523342.22,0.99853384,0.99853384,True
9C,256,1.0,4,295,y,40,0.0040820693,510258.66,0.99847674,0.99847674,True
9C,256,1.0,4,296,y,41,0.0039825067,497813.34,0.9984994,0.9984994,True
9C,256,1.0,4,297,y,42,0.003887685,485960.62,0.9984504,0.9984504,True
9C,256,1.0,4,298,y,43,0.0037972739,474659.22,0.99845505,0.99845505,True
9C,256,1.0,4,299,y,44,0.0037109721,463871.53,0.9986969,0.9986969,True
9C,256,1.0,4,300,y,45,0.003628506,453563.25,0.9985207,0.9985207,True
9C,256,1.0,4,301,y,46,0.0035496256,443703.22,0.9985827,0.9985827,True
9C,256,1.0,4,302,y,47,0.0034741014,434262.7,0.9985267,0.9985267,True
9C,256,1.0,4,303,y,48,0.0034017246,425215.56,0.998417,0.998417,True
9C,256,1.0,4,304,y,49,0.0033323015,416537.7,0.998415,0.998415,True
9C,256,1.0,4,305,y,50,0.0032656554,408206.9,0.9983336,0.9983336,True
9C,256,1.0,4,306,y,51,0.003201623,400202.88,0.99851143,0.99851143,True
9C,256,1.0,4,307,y,52,0.0031400535,392506.7,0.9984809,0.9984809,True
9C,256,1.0,4,308,y,53,0.0030808072,385100.9,0.9985186,0.9985186,True
9C,256,1.0,4,309,y,54,0.003023755,377969.38,0.9984015,0.9984015,True
9C,256,1.0,4,310,y,55,0.0029687777,371097.22,0.998455,0.998455,True
9C,256,1.0,4,311,y,56,0.002915764,364470.5,0.99853003,0.99853003,True
9C,256,1.0,4,312,y,57,0.0028646102,358076.28,0.9984486,0.9984486,True
9C,256,1.0,4,313,y,58,0.0028152203,351902.53,0.9986284,0.9986284,True
9C,256,1.0,4,314,y,59,0.0027675047,345938.1,0.998554,0.998554,True
9C,256,1.0,4,315,y,60,0.0027213797,340172.47,0.9985045,0.9985045,True
9C,256,1.0,4,316,y,61,0.0026767666,334595.8,0.99842626,0.99842626,True
9C,256,1.0,4,317,y,62,0.002633593,329199.12,0.99849015,0.99849015,True
9C,256,1.0,4,318,y,63,0.0025917902,323973.78,0.99869716,0.99869716,True
9C,256,1.0,4,319,y,64,0.0025512932,318911.66,0.99845177,0.99845177,True
9C,256,1.0,4,320,y,65,0.0025120426,314005.34,0.9986309,0.9986309,True
9C,256,1.0,4,321,y,66,0.0024739814,309247.66,0.998446,0.998446,True
9C,256,1.0,4,322,y,67,0.0024370563,304632.03,0.99861443,0.99861443,True
9C,256,1.0,4,323,y,68,0.0024012174,300152.16,0.99850106,0.99850106,True
9C,256,1.0,4,324,y,69,0.002366417,295802.12,0.99846447,0.99846447,True
9C,256,1.0,4,325,y,70,0.002332611,291576.38,0.99865836,0.99865836,True
9C,256,1.0,4,326,y,71,0.0022997572,287469.66,0.99854267,0.99854267,True
9C,256,1.0,4,327,y,72,0.0022678163,283477.03,0.99842024,0.99842024,True
9C,256,1.0,4,328,y,73,0.0022367502,279593.78,0.99872386,0.99872386,True
9C,256,1.0,4,329,y,74,0.002206524,275815.5,0.998444,0.998444,True
9C,256,1.0,4,330,y,75,0.0021771037,272137.97,0.99859846,0.99859846,True
9C,256,1.0,4,331,y,76,0.0021484576,268557.2,0.997736,0.997736,True
9C,256,1.0,4,332,y,77,0.0021205554,265069.44,0.99850774,0.99850774,True
9C,256,1.0,4,333,y,78,0.002093369,261671.11,0.9984366,0.9984366,True
9C,256,1.0,4,334,y,79,0.0020668707,258358.83,0.9984236,0.9984236,True
9C,256,1.0,4,335,y,80,0.0020410346,255129.33,0.9984379,0.9984379,True
9C,256,1.0,4,336,y,81,0.0020158368,251979.6,0.9985142,0.9985142,True
9C,256,1.0,4,337,y,82,0.0019912533,248906.67,0.9988085,0.9988085,True
9C,256,1.0,4,338,y,83,0.0019672622,245907.78,0.99844825,0.99844825,True
9C,256,1.0,4,339,y,84,0.0019438425,242980.31,0.9985289,0.9985289,True
9C,256,1.0,4,340,y,85,0.0019209739,240121.73,0.998554,0.998554,True
9C,256,1.0,4,341,y,86,0.0018986369,237329.61,0.99860615,0.99860615,True
9C,256,1.0,4,342,y,87,0.0018768135,234601.69,0.9985163,0.9985163,True
9C,256,1.0,4,343,y,88,0.0018554861,231935.77,0.9984294,0.9984294,True
9C,256,1.0,4,344,y,89,0.001834638,229329.75,0.9984237,0.9984237,True
9C,256,1.0,4,345,y,90,0.001814253,226781.62,0.9984964,0.9984964,True
9C,256,1.0,4,346,y,91,0.0017943162,224289.53,0.9984526,0.9984526,True
9C,256,1.0,4,347,y,92,0.0017748128,221851.61,0.9985335,0.9985335,True
9C,256,1.0,4,348,y,93,0.0017557287,219466.1,0.9986253,0.9986253,True
9C,256,1.0,4,349,y,94,0.0017370507,217131.34,0.9986708,0.9986708,True
9C,256,1.0,4,350,y,95,0.001718766,214845.75,0.9985939,0.9985939,True
9C,256,1.0,4,351,y,96,0.0017008623,212607.78,0.9983853,0.9983853,True
9C,256,1.0,4,352,y,97,0.0016833275,210415.94,0.9982946,0.9982946,True
9C,256,1.0,4,353,y,98,0.0016661508,208268.84,0.9984813,0.9984813,True
9C,256,1.0,4,354,y,99,0.0016493209,206165.12,0.8043389,0.8043389,False
9C,256,1.0,4,355,y,100,0.0016328277,204103.45,0.9936349,0.9936349,True
9C,256,1.0,4,356,y,101,0.0016166611,202082.64,0.99849504,0.99849504,True
9C,256,1.0,4,357,y,102,0.0016008115,200101.44,0.9983713,0.9983713,True
9C,256,1.0,4,358,y,103,0.0015852697,198158.72,0.9986471,0.9986471,True
9C,256,1.0,4,359,y,104,0.0015700267,196253.34,0.99854803,0.99854803,True
9C,256,1.0,4,360,y,105,0.0015550741,194384.27,0.9986182,0.9986182,True
9C,256,1.0,4,361,y,106,0.0015404036,192550.45,0.99841857,0.99841857,True
9C,256,1.0,4,362,y,107,0.0015260072,190750.9,0.998579,0.998579,True
9C,256,1.0,4,363,y,108,0.0015118775,188984.69,0.9985337,0.9985337,True
9C,256,1.0,4,364,y,109,0.001498007,187250.88,0.73918855,0.73918855,False
9C,256,1.0,4,365,y,110,0.0014843888,185548.61,0.99528,0.99528,True
9C,256,1.0,4,366,y,111,0.001471016,183877.0,0.9982234,0.9982234,True
9C,256,1.0,4,367,y,112,0.001457882,182235.25,0.9985137,0.9985137,True
9C,256,1.0,4,368,y,113,0.0014449803,180622.53,0.99861,0.99861,True
9C,256,1.0,4,369,y,114,0.0014323051,179038.14,0.9984859,0.9984859,True
9C,256,1.0,4,370,y,115,0.0014198502,177481.27,0.9984822,0.9984822,True
9C,256,1.0,4,371,y,116,0.0014076101,175951.27,0.9984486,0.9984486,True
9C,256,1.0,4,372,y,117,0.0013955793,174447.4,0.9983294,0.9983294,True
9C,256,1.0,4,373,y,118,0.0013837523,172969.05,0.9984179,0.9984179,True
9C,256,1.0,4,374,y,119,0.0013721242,171515.52,0.99848485,0.99848485,True
9C,256,1.0,4,375,y,120,0.0013606899,170086.23,0.99859154,0.99859154,True
9C,256,1.0,4,376,y,121,0.0013494444,168680.55,0.9983148,0.9983148,True
9C,256,1.0,4,377,y,122,0.0013383833,167297.9,0.99848676,0.99848676,True
9C,256,1.0,4,378,y,123,0.0013275022,165937.78,0.9985287,0.9985287,True
9C,256,1.0,4,379,y,124,0.0013167965,164599.56,0.99852824,0.99852824,True
9C,256,1.0,4,380,y,125,0.0013062622,163282.78,0.75090563,0.75090563,False
9C,256,1.0,4,381,y,126,0.0012958951,161986.89,0.9920012,0.9920012,True
9C,256,1.0,4,382,y,127,0.0012856912,160711.39,0.998652,0.998652,True
9C,256,1.0,4,383,y,128,0.0012756466,159455.83,0.99845576,0.99845576,True
9C,256,1.0,4,384,y,129,0.001265758,158219.75,0.9984183,0.9984183,True
9C,256,1.0,4,385,y,130,0.0012560213,157002.67,0.99860156,0.99860156,True
9C,256,1.0,4,386,y,131,0.0012464334,155804.17,0.9985171,0.9985171,True
9C,256,1.0,4,387,y,132,0.0012369907,154623.83,0.99852216,0.99852216,True
9C,256,1.0,4,388,y,133,0.00122769,153461.25,0.9984766,0.9984766,True
9C,256,1.0,4,389,y,134,0.0012185281,152316.02,0.9984542,0.9984542,True
9C,256,1.0,4,390,y,135,0.001209502,151187.75,0.75370526,0.75370526,False
9C,256,1.0,4,391,y,136,0.0012006087,150076.08,0.99403083,0.99403083,True
9C,256,1.0,4,392,y,137,0.001191845,148980.62,0.9681363,0.9681363,True
9C,256,1.0,4,393,y,138,0.0011832085,147901.06,0.9682281,0.9682281,True
9C,256,1.0,4,394,y,139,0.0011746963,146837.03,0.9984522,0.9984522,True
9C,256,1.0,4,395,y,140,0.0011663055,145788.19,0.99836445,0.99836445,True
9C,256,1.0,4,396,y,141,0.0011580338,144754.23,0.9985418,0.9985418,True
9C,256,1.0,4,397,y,142,0.0011498786,143734.83,0.9985121,0.9985121,True
9C,256,1.0,4,398,y,143,0.0011418376,142729.7,0.9984405,0.9984405,True
9C,256,1.0,4,399,y,144,0.0011339082,141738.52,0.9984586,0.9984586,True
9C,256,1.0,4,400,y,145,0.0011260881,140761.02,0.9984677,0.9984677,True
9C,256,1.0,4,401,y,146,0.0011183751,139796.89,0.99849474,0.99849474,True
9C,256,1.0,4,402,y,147,0.0011107671,138845.89,0.99863565,0.99863565,True
9C,256,1.0,4,403,y,148,0.001103262,137907.75,0.9985895,0.9985895,True
9C,256,1.0,4,404,y,149,0.0010958576,136982.2,0.71987,0.71987,False
9C,256,1.0,4,405,y,150,0.0010885518,136068.98,0.9935766,0.9935766,True
9C,256,1.0,4,406,y,151,0.0010813428,135167.84,0.9986104,0.9986104,True
9C,256,1.0,4,407,y,152,0.0010742288,134278.6,0.9986149,0.9986149,True
9C,256,1.0,4,408,y,153,0.0010672077,133400.95,0.99855006,0.99855006,True
9C,256,1.0,4,409,y,154,0.0010602777,132534.72,0.99862725,0.99862725,True
9C,256,1.0,4,410,y,155,0.0010534372,131679.66,0.9982883,0.9982883,True
9C,256,1.0,4,411,y,156,0.0010466845,130835.555,0.99848914,0.99848914,True
9C,256,1.0,4,412,y,157,0.0010400177,130002.21,0.99866706,0.99866706,True
9C,256,1.0,4,413,y,158,0.0010334353,129179.414,0.9984813,0.9984813,True
9C,256,1.0,4,414,y,159,0.0010269356,128366.95,0.99845624,0.99845624,True
9C,256,1.0,4,415,y,160,0.0010205173,127564.664,0.99839246,0.99839246,True
9C,256,1.0,4,416,y,161,0.0010141787,126772.34,0.69394505,0.00062520616,False
9C,256,1.0,4,417,y,162,0.0010079184,125989.8,0.9899645,0.9899645,True
9C,256,1.0,4,418,y,163,0.0010017348,125216.84,0.9605252,0.9605252,True
9C,256,1.0,4,419,y,164,0.0009956267,124453.336,0.9640396,0.9640396,True
9C,256,1.0,4,420,y,165,0.0009895925,123699.06,0.99861914,0.99861914,True
9C,256,1.0,4,421,y,166,0.0009836311,122953.89,0.9985249,0.9985249,True
9C,256,1.0,4,422,y,167,0.0009777412,122217.65,0.9985531,0.9985531,True
9C,256,1.0,4,423,y,168,0.00097192125,121490.16,0.99857056,0.99857056,True
9C,256,1.0,4,424,y,169,0.0009661703,120771.28,0.9985447,0.9985447,True
9C,256,1.0,4,425,y,170,0.00096048694,120060.87,0.99854726,0.99854726,True
9C,256,1.0,4,426,y,171,0.00095487,119358.75,0.9985069,0.9985069,True
9C,256,1.0,4,427,y,172,0.00094931846,118664.805,0.9985466,0.9985466,True
9C,256,1.0,4,428,y,173,0.00094383105,117978.88,0.706784,0.0016084816,False
9C,256,1.0,4,429,y,174,0.00093840674,117300.84,0.9940617,0.9940617,True
9C,256,1.0,4,430,y,175,0.0009330444,116630.555,0.99830234,0.99830234,True
9C,256,1.0,4,431,y,176,0.00092774304,115967.88,0.99844575,0.99844575,True
9C,256,1.0,4,432,y,177,0.00092250155,115312.695,0.9984609,0.9984609,True
9C,256,1.0,4,433,y,178,0.000917319,114664.875,0.9984999,0.9984999,True
9C,256,1.0,4,434,y,179,0.00091219426,114024.28,0.99861944,0.99861944,True
9C,256,1.0,4,435,y,180,0.0009071265,113390.81,0.9986365,0.9986365,True
9C,256,1.0,4,436,y,181,0.0009021148,112764.35,0.9984901,0.9984901,True
9C,256,1.0,4,437,y,182,0.0008971581,112144.766,0.9985304,0.9985304,True
9C,256,1.0,4,438,y,183,0.0008922556,111531.945,0.9986096,0.9986096,True
9C,256,1.0,4,439,y,184,0.0008874064,110925.805,0.9984374,0.9984374,True
9C,256,1.0,4,440,y,185,0.0008826096,110326.195,0.99838305,0.99838305,True
9C,256,1.0,4,441,y,186,0.00087786437,109733.05,0.99853337,0.99853337,True
9C,256,1.0,4,442,y,187,0.0008731699,109146.24,0.9984876,0.9984876,True
9C,256,1.0,4,443,y,188,0.00086852536,108565.67,0.9982432,0.9982432,True
9C,256,1.0,4,444,y,189,0.00086393,107991.25,0.99846077,0.99846077,True
9C,256,1.0,4,445,y,190,0.000859383,107422.875,0.9986504,0.9986504,True
9C,256,1.0,4,446,y,191,0.00085488363,106860.45,0.998711,0.998711,True
9C,256,1.0,4,447,y,192,0.00085043116,106303.89,0.9985703,0.9985703,True
9C,256,1.0,4,448,y,193,0.0008460247,105753.09,0.9984382,0.9984382,True
9C,256,1.0,4,449,y,194,0.00084166374,105207.97,0.9984095,0.9984095,True
9C,256,1.0,4,450,y,195,0.0008373476,104668.445,0.9984437,0.9984437,True
9C,256,1.0,4,451,y,196,0.0008330754,104134.42,0.99858797,0.99858797,True
9C,256,1.0,4,452,y,197,0.00082884653,103605.82,0.9928271,0.9928271,True
9C,256,1.0,4,453,y,198,0.00082466047,103082.56,0.6477777,0.0046761744,False
9C,256,1.0,4,454,y,199,0.00082051643,102564.555,0.9929018,0.9929018,True
9C,256,1.0,4,455,y,200,0.00081641384,102051.73,0.7381639,0.09987719,False
9C,256,1.0,4,456,y,201,0.00081235205,101544.01,0.9985045,0.9985045,True
9C,256,1.0,4,457,y,202,0.00080833054,101041.32,0.99843,0.99843,True
9C,256,1.0,4,458,y,203,0.0008043486,100543.58,0.9984596,0.9984596,True
9C,256,1.0,4,459,y,204,0.00080040575,100050.72,0.9984816,0.9984816,True
9C,256,1.0,4,460,y,205,0.00079650135,99562.67,0.560391,0.0026299674,False
9C,256,1.0,4,461,y,206,0.00079263485,99079.36,0.98761255,0.98761255,True
9C,256,1.0,4,462,y,207,0.00078880566,98600.71,0.99857646,0.99857646,True
9C,256,1.0,4,463,y,208,0.00078501337,98126.67,0.9985635,0.9985635,True
9C,256,1.0,4,464,y,209,0.00078125723,97657.16,0.9571956,0.9571956,True
9C,256,1.0,4,465,y,210,0.00077753706,97192.13,0.95426583,0.95426583,True
9C,256,1.0,4,466,y,211,0.00077385205,96731.51,0.9985825,0.9985825,True
9C,256,1.0,4,467,y,212,0.0007702018,96275.23,0.9984293,0.9984293,True
9C,256,1.0,4,468,y,213,0.0007665858,95823.23,0.9984657,0.9984657,True
9C,256,1.0,4,469,y,214,0.0007630036,95375.45,0.9983301,0.9983301,True
9C,256,1.0,4,470,y,215,0.00075945474,94931.84,0.9986218,0.9986218,True
9C,256,1.0,4,471,y,216,0.00075593876,94492.34,0.99860656,0.99860656,True
9C,256,1.0,4,472,y,217,0.00075245515,94056.89,0.998494,0.998494,True
9C,256,1.0,4,473,y,218,0.0007490035,93625.44,0.99837196,0.99837196,True
9C,256,1.0,4,474,y,219,0.0007455834,93197.92,0.998549,0.998549,True
9C,256,1.0,4,475,y,220,0.0007421944,92774.305,0.9985461,0.9985461,True
9C,256,1.0,4,476,y,221,0.0007388361,92354.516,0.9983321,0.9983321,True
9C,256,1.0,4,477,y,222,0.000735508,91938.5,0.9984205,0.9984205,True
9C,256,1.0,4,478,y,223,0.00073220977,91526.22,0.9983789,0.9983789,True
9C,256,1.0,4,479,y,224,0.000728941,91117.625,0.9984583,0.9984583,True
9C,256,1.0,4,480,y,225,0.0007257012,90712.65,0.9984087,0.9984087,True
9C,256,1.0,4,481,y,226,0.00072249013,90311.266,0.99861395,0.99861395,True
9C,256,1.0,4,482,y,227,0.00071930734,89913.414,0.99855685,0.99855685,True
9C,256,1.0,4,483,y,228,0.00071615254,89519.07,0.99844116,0.99844116,True
9C,256,1.0,4,484,y,229,0.0007130252,89128.16,0.9985254,0.9985254,True
9C,256,1.0,4,485,y,230,0.0007099251,88740.63,0.9982756,0.9982756,True
9C,256,1.0,4,486,y,231,0.00070685183,88356.48,0.9985815,0.9985815,True
9C,256,1.0,4,487,y,232,0.00070380507,87975.63,0.99846196,0.99846196,True
9C,256,1.0,4,488,y,233,0.00070078444,87598.055,0.028711885,0.021338895,False
9C,256,1.0,4,489,y,234,0.00069778966,87223.7,0.9984058,0.9984058,True
9C,256,1.0,4,490,y,235,0.0006948203,86852.54,0.9985112,0.9985112,True
9C,256,1.0,4,491,y,236,0.00069187616,86484.52,0.99844337,0.99844337,True
9C,256,1.0,4,492,y,237,0.0006889568,86119.6,0.99839354,0.99839354,True
9C,256,1.0,4,493,y,238,0.0006860621,85757.76,0.9985856,0.9985856,True
9C,256,1.0,4,494,y,239,0.0006831915,85398.94,0.99849176,0.99849176,True
9C,256,1.0,4,495,y,240,0.00068034494,85043.12,0.038002595,0.003999641,False
9C,256,1.0,4,496,y,241,0.0006775219,84690.24,0.24840397,0.0011096075,False
9C,256,1.0,4,497,y,242,0.0006747222,84340.27,0.2765513,0.037046064,False
9C,256,1.0,4,498,y,243,0.00067194557,83993.195,0.92053545,0.92053545,True
9C,256,1.0,4,499,y,244,0.00066919165,83648.95,0.9216176,0.9216176,True
9C,256,1.0,4,500,y,245,0.00066646026,83307.53,0.2973485,0.024735702,False
9C,256,1.0,4,501,y,246,0.0006637511,82968.89,0.026971541,0.0075016897,False
9C,256,1.0,4,502,y,247,0.0006610639,82632.984,0.99846315,0.99846315,True
9C,256,1.0,4,503,y,248,0.00065839826,82299.78,0.023272088,0.0047749868,False
9C,256,1.0,4,504,y,249,0.00065575406,81969.26,0.9985493,0.9985493,True
9C,256,1.0,4,505,y,250,0.0006531311,81641.39,0.9986181,0.9986181,True
9C,256,1.0,4,506,y,251,0.000650529,81316.125,0.9900565,0.9900565,True
9C,256,1.0,4,507,y,252,0.00064794754,80993.445,0.67445886,0.67445886,False
9C,256,1.0,4,508,y,253,0.00064538646,80673.305,0.015636073,0.015636073,False
9C,256,1.0,4,509,y,254,0.0006428456,80355.695,0.9985199,0.9985199,True
9C,256,1.0,4,510,y,255,0.0006403246,80040.58,0.035360217,0.006592255,False
9C,256,1.0,4,511,y,256,0.0006378233,79727.914,0.9984833,0.9984833,True
